TIME,FOPR_OPM,FOPR_ECLIPSE,FOPR_DIFF,FWPR_OPM,FWPR_ECLIPSE,FWPR_DIFF,FGPR_OPM,FGPR_ECLIPSE,FGPR_DIFF,FWIR_OPM,FWIR_ECLIPSE,FWIR_DIFF,FOPT_OPM,FOPT_ECLIPSE,FOPT_DIFF,FWPT_OPM,FWPT_ECLIPSE,FWPT_DIFF,FGPT_OPM,FGPT_ECLIPSE,FGPT_DIFF,FPR_OPM,FPR_ECLIPSE,FPR_DIFF
1.100000000000000000e+01,0.000000000000000000e+00,0.000000000000000000e+00,0.000000000000000000e+00,0.000000000000000000e+00,0.000000000000000000e+00,0.000000000000000000e+00,0.000000000000000000e+00,0.000000000000000000e+00,0.000000000000000000e+00,0.000000000000000000e+00,0.000000000000000000e+00,0.000000000000000000e+00,0.000000000000000000e+00,0.000000000000000000e+00,0.000000000000000000e+00,0.000000000000000000e+00,0.000000000000000000e+00,0.000000000000000000e+00,0.000000000000000000e+00,0.000000000000000000e+00,0.000000000000000000e+00,3.295950320000000033e+02,3.296081239999999752e+02,-1.309199999997190389e-02
2.100000000000000000e+01,0.000000000000000000e+00,0.000000000000000000e+00,0.000000000000000000e+00,0.000000000000000000e+00,0.000000000000000000e+00,0.000000000000000000e+00,0.000000000000000000e+00,0.000000000000000000e+00,0.000000000000000000e+00,0.000000000000000000e+00,0.000000000000000000e+00,0.000000000000000000e+00,0.000000000000000000e+00,0.000000000000000000e+00,0.000000000000000000e+00,0.000000000000000000e+00,0.000000000000000000e+00,0.000000000000000000e+00,0.000000000000000000e+00,0.000000000000000000e+00,0.000000000000000000e+00,3.295988159999999993e+02,3.296197809999999890e+02,-2.096499999998968633e-02
3.100000000000000000e+01,0.000000000000000000e+00,0.000000000000000000e+00,0.000000000000000000e+00,0.000000000000000000e+00,0.000000000000000000e+00,0.000000000000000000e+00,0.000000000000000000e+00,0.000000000000000000e+00,0.000000000000000000e+00,0.000000000000000000e+00,0.000000000000000000e+00,0.000000000000000000e+00,0.000000000000000000e+00,0.000000000000000000e+00,0.000000000000000000e+00,0.000000000000000000e+00,0.000000000000000000e+00,0.000000000000000000e+00,0.000000000000000000e+00,0.000000000000000000e+00,0.000000000000000000e+00,3.296031800000000089e+02,3.296307679999999891e+02,-2.758799999998018393e-02
4.100000000000000000e+01,0.000000000000000000e+00,0.000000000000000000e+00,0.000000000000000000e+00,0.000000000000000000e+00,0.000000000000000000e+00,0.000000000000000000e+00,0.000000000000000000e+00,0.000000000000000000e+00,0.000000000000000000e+00,0.000000000000000000e+00,0.000000000000000000e+00,0.000000000000000000e+00,0.000000000000000000e+00,0.000000000000000000e+00,0.000000000000000000e+00,0.000000000000000000e+00,0.000000000000000000e+00,0.000000000000000000e+00,0.000000000000000000e+00,0.000000000000000000e+00,0.000000000000000000e+00,3.296078190000000063e+02,3.296401670000000195e+02,-3.234800000001314402e-02
5.100000000000000000e+01,1.927357790000000023e+03,1.927461669999999913e+03,-1.038799999998900603e-01,5.687243310000000308e-03,5.927532909999999947e-03,-2.402895999999996382e-04,3.054185000000000000e+05,3.053078119999999763e+05,1.106880000000237487e+02,0.000000000000000000e+00,0.000000000000000000e+00,0.000000000000000000e+00,1.927357809999999881e+04,1.926505080000000089e+04,8.527299999997921987e+00,5.687243119999999680e-02,5.203000459999999883e-02,4.842426599999997971e-03,3.054185000000000000e+06,3.055593500000000000e+06,-1.408500000000000000e+03,3.252171329999999898e+02,3.252094119999999862e+02,7.721000000003641617e-03
5.700000000000000000e+01,1.929092409999999973e+03,1.929225339999999960e+03,-1.329299999999875581e-01,7.206448820000000040e-03,7.365403700000000206e-03,-1.589548800000001663e-04,3.048704689999999828e+05,3.048407189999999828e+05,2.975000000000000000e+01,0.000000000000000000e+00,0.000000000000000000e+00,0.000000000000000000e+00,3.084813279999999941e+04,3.084040230000000156e+04,7.730499999997846317e+00,1.001111269999999942e-01,9.622243049999999742e-02,3.888696499999996781e-03,4.883408000000000000e+06,4.884638000000000000e+06,-1.230000000000000000e+03,3.226486509999999726e+02,3.226328429999999798e+02,1.580799999999271677e-02
6.100000000000000000e+01,2.798607910000000174e+03,2.798704589999999826e+03,-9.667999999965104507e-02,1.401867619999999995e-02,1.424244419999999914e-02,-2.237679999999991898e-04,4.413777810000000172e+05,4.413543750000000000e+05,2.340600000001722947e+01,0.000000000000000000e+00,0.000000000000000000e+00,0.000000000000000000e+00,4.204256250000000000e+04,4.203522269999999844e+04,7.339800000001559965e+00,1.561858359999999946e-01,1.531922069999999969e-01,2.993628999999997653e-03,6.648919000000000000e+06,6.650055500000000000e+06,-1.136500000000000000e+03,3.201865230000000224e+02,3.201655880000000138e+02,2.093500000000858563e-02
7.100000000000000000e+01,2.840662839999999960e+03,2.840457759999999780e+03,2.050800000001800072e-01,1.894749890000000173e-02,1.919472029999999899e-02,-2.472213999999972600e-04,4.461485000000000000e+05,4.460242500000000000e+05,1.242500000000000000e+02,0.000000000000000000e+00,0.000000000000000000e+00,0.000000000000000000e+00,7.044919530000000668e+04,7.042953119999999763e+04,1.966410000000905711e+01,3.456608059999999871e-01,3.338956530000000145e-01,1.176515299999997266e-02,1.111040400000000000e+07,1.111329300000000000e+07,-2.889000000000000000e+03,3.142490230000000224e+02,3.141685489999999845e+02,8.047400000003790410e-02
8.100000000000000000e+01,2.980245120000000043e+03,2.980364259999999831e+03,-1.191399999997884152e-01,2.480309080000000013e-02,2.501121350000000063e-02,-2.081227000000004934e-04,4.663180310000000172e+05,4.661353439999999828e+05,1.826870000000344589e+02,0.000000000000000000e+00,0.000000000000000000e+00,0.000000000000000000e+00,1.002516480000000010e+05,1.002228830000000016e+05,2.876499999999941792e+01,5.936917069999999574e-01,5.726486440000000400e-01,2.104306299999991747e-02,1.577358400000000000e+07,1.577754800000000000e+07,-3.964000000000000000e+03,3.083015139999999974e+02,3.081864320000000248e+02,1.150819999999725951e-01
9.100000000000000000e+01,2.065131350000000111e+03,2.065308840000000146e+03,-1.774900000000343425e-01,1.779652950000000164e-02,1.778402739999999926e-02,1.250210000000237520e-05,3.223754380000000237e+05,3.222011250000000000e+05,1.743130000000237487e+02,0.000000000000000000e+00,0.000000000000000000e+00,0.000000000000000000e+00,1.209029609999999957e+05,1.208685779999999941e+05,3.438300000000162981e+01,7.716570499999999555e-01,7.437577840000000329e-01,2.789926599999992263e-02,1.899733800000000000e+07,1.900170400000000000e+07,-4.366000000000000000e+03,3.045976870000000076e+02,3.044853519999999776e+02,1.123350000000300497e-01
1.010000000000000000e+02,2.931242679999999837e+03,2.932014889999999923e+03,-7.722100000000864384e-01,3.093787279999999848e-02,3.093184900000000084e-02,6.023799999997636601e-06,4.562561880000000237e+05,4.559950939999999828e+05,2.610940000000409782e+02,0.000000000000000000e+00,0.000000000000000000e+00,0.000000000000000000e+00,1.502153910000000033e+05,1.501806250000000000e+05,3.476600000000325963e+01,1.081035729999999973e+00,1.042760130000000007e+00,3.827559999999996521e-02,2.355990000000000000e+07,2.356379600000000000e+07,-3.896000000000000000e+03,2.991155400000000100e+02,2.989893490000000043e+02,1.261910000000057153e-01
1.110000000000000000e+02,2.215690669999999955e+03,2.216618649999999889e+03,-9.279799999999340798e-01,2.437528409999999840e-02,2.420722130000000152e-02,1.680627999999968758e-04,3.442118119999999763e+05,3.440375310000000172e+05,1.742809999999590218e+02,0.000000000000000000e+00,0.000000000000000000e+00,0.000000000000000000e+00,1.723722969999999914e+05,1.723419059999999881e+05,3.039100000000325963e+01,1.324788569999999943e+00,1.280402540000000089e+00,4.438602999999985421e-02,2.700201800000000000e+07,2.700510000000000000e+07,-3.082000000000000000e+03,2.952959290000000010e+02,2.951806950000000143e+02,1.152339999999867359e-01
1.210000000000000000e+02,2.235848880000000008e+03,2.236901609999999891e+03,-1.052729999999883148e+00,2.449285979999999904e-02,2.411610070000000036e-02,3.767590999999986812e-04,3.466134060000000172e+05,3.464250000000000000e+05,1.884060000000172295e+02,2.229407960000000003e+03,2.229407960000000003e+03,0.000000000000000000e+00,1.947307809999999881e+05,1.947018910000000033e+05,2.888999999998486601e+01,1.569717170000000106e+00,1.522684219999999922e+00,4.703295000000018433e-02,3.046815200000000000e+07,3.047106200000000000e+07,-2.910000000000000000e+03,2.947402950000000033e+02,2.947036130000000185e+02,3.668199999998478233e-02
1.310000000000000000e+02,3.149181880000000092e+03,3.150661129999999957e+03,-1.479249999999865395e+00,3.172648329999999683e-02,3.114010019999999962e-02,5.863830999999972149e-04,4.866173750000000000e+05,4.863352189999999828e+05,2.821560000000172295e+02,6.739487790000000132e+03,6.739487790000000132e+03,0.000000000000000000e+00,2.262111410000000033e+05,2.261915309999999881e+05,1.961000000001513399e+01,1.897836800000000101e+00,1.850516679999999914e+00,4.732012000000018759e-02,3.533644800000000000e+07,3.533757600000000000e+07,-1.128000000000000000e+03,2.987718510000000265e+02,2.987730099999999993e+02,-1.158999999972820660e-03
1.410000000000000000e+02,4.258164060000000063e+03,4.260463380000000143e+03,-2.299320000000079744e+00,4.321371759999999979e-02,4.235263909999999882e-02,8.610785000000009681e-04,6.556602500000000000e+05,6.552232500000000000e+05,4.370000000000000000e+02,7.174751949999999852e+03,7.174751949999999852e+03,0.000000000000000000e+00,2.687927810000000172e+05,2.687708439999999828e+05,2.193700000003445894e+01,2.329973939999999910e+00,2.282948489999999886e+00,4.702545000000002418e-02,4.189304800000000000e+07,4.189474000000000000e+07,-1.692000000000000000e+03,3.006589050000000043e+02,3.007131959999999822e+02,-5.429099999997788473e-02
1.510000000000000000e+02,5.012286619999999857e+03,5.015301760000000286e+03,-3.015140000000428699e+00,5.280131469999999744e-02,5.185298990000000025e-02,9.483247999999971922e-04,7.693036879999999655e+05,7.687068750000000000e+05,5.968129999999655411e+02,7.340928219999999783e+03,7.340927730000000338e+03,4.899999994449899532e-04,3.189156560000000172e+05,3.188976880000000237e+05,1.796799999999348074e+01,2.857987169999999910e+00,2.802319769999999988e+00,5.566739999999992250e-02,4.958608800000000000e+07,4.958701200000000000e+07,-9.240000000000000000e+02,3.010287169999999719e+02,3.010815729999999917e+02,-5.285600000001977605e-02
1.610000000000000000e+02,3.816601070000000163e+03,3.818829830000000129e+03,-2.228759999999965657e+00,3.745619580000000143e-02,3.654179350000000270e-02,9.144022999999987245e-04,5.846215620000000345e+05,5.841758750000000000e+05,4.456870000000344589e+02,5.334240230000000338e+03,5.334239749999999731e+03,4.800000006071059033e-04,3.570816560000000172e+05,3.570759689999999828e+05,5.687000000034458935e+00,3.232548949999999977e+00,3.168059350000000052e+00,6.448959999999992476e-02,5.543230400000000000e+07,5.543078000000000000e+07,1.524000000000000000e+03,3.009501650000000268e+02,3.009841920000000073e+02,-3.402699999998048952e-02
1.660000000000000000e+02,4.968541989999999714e+03,4.971152339999999640e+03,-2.610349999999925785e+00,5.306095260000000258e-02,5.192661290000000207e-02,1.134339700000000506e-03,7.602633120000000345e+05,7.597421879999999655e+05,5.211240000000689179e+02,6.428160160000000360e+03,6.428159670000000006e+03,4.900000003544846550e-04,3.819243750000000000e+05,3.819317500000000000e+05,-7.375000000000000000e+00,3.497853759999999923e+00,3.427692410000000134e+00,7.016134999999978916e-02,5.923362000000000000e+07,5.922949200000000000e+07,4.128000000000000000e+03,3.004814150000000268e+02,3.005078740000000153e+02,-2.645899999998846397e-02
1.710000000000000000e+02,4.970544920000000275e+03,4.972932619999999588e+03,-2.387699999999313150e+00,5.393843350000000064e-02,5.276714639999999928e-02,1.171287100000001358e-03,7.598498750000000000e+05,7.593675620000000345e+05,4.823129999999655411e+02,6.428160160000000360e+03,6.428159670000000006e+03,4.900000003544846550e-04,4.067770939999999828e+05,4.067942500000000000e+05,-1.715600000001722947e+01,3.767545940000000204e+00,3.690607309999999863e+00,7.693863000000034091e-02,6.303286800000000000e+07,6.302677600000000000e+07,6.092000000000000000e+03,3.000140989999999874e+02,3.000327449999999772e+02,-1.864599999998972635e-02
1.810000000000000000e+02,4.933848140000000058e+03,4.936102539999999863e+03,-2.254399999999805004e+00,5.187719689999999856e-02,5.048843100000000028e-02,1.388765899999998277e-03,7.529843750000000000e+05,7.525552500000000000e+05,4.291250000000000000e+02,7.533888179999999920e+03,7.533887700000000223e+03,4.799999996976112016e-04,4.561155939999999828e+05,4.561446250000000000e+05,-2.903100000001722947e+01,4.286317829999999773e+00,4.201308250000000299e+00,8.500957999999947390e-02,7.056271200000000000e+07,7.055434400000000000e+07,8.368000000000000000e+03,3.007905880000000138e+02,3.008192750000000046e+02,-2.868699999999080319e-02
1.910000000000000000e+02,4.887864260000000286e+03,4.889904789999999593e+03,-2.040529999999307620e+00,4.759749030000000325e-02,4.595193639999999718e-02,1.645553900000006065e-03,7.448980620000000345e+05,7.445098120000000345e+05,3.882500000000000000e+02,8.353824220000000423e+03,8.353824220000000423e+03,0.000000000000000000e+00,5.049942189999999828e+05,5.050367500000000000e+05,-4.253100000001722947e+01,4.762292859999999628e+00,4.670378679999999783e+00,9.191417999999984545e-02,7.801169600000000000e+07,7.800072800000000000e+07,1.096800000000000000e+04,3.028164059999999722e+02,3.028578800000000228e+02,-4.147400000005063703e-02
1.920000000000000000e+02,4.889272949999999582e+03,4.894540530000000217e+03,-5.267580000000634755e+00,4.567227139999999880e-02,4.512878879999999981e-02,5.434825999999989832e-04,7.545707500000000000e+05,7.534328750000000000e+05,1.137875000000000000e+03,4.185888179999999920e+03,4.185887700000000223e+03,4.799999996976112016e-04,5.098835000000000000e+05,5.099312810000000172e+05,-4.778100000001722947e+01,4.807965280000000341e+00,4.715507510000000124e+00,9.245777000000021673e-02,7.876626400000000000e+07,7.875416000000000000e+07,1.210400000000000000e+04,3.023775939999999878e+02,3.024193119999999908e+02,-4.171800000000303044e-02
2.010000000000000000e+02,4.888311520000000201e+03,4.889785640000000058e+03,-1.474119999999857100e+00,5.164201560000000052e-02,5.120721830000000280e-02,4.347972999999977217e-04,7.546798120000000345e+05,7.542365000000000000e+05,4.433120000000344589e+02,4.185888179999999920e+03,4.185887700000000223e+03,4.799999996976112016e-04,5.538796879999999655e+05,5.539505620000000345e+05,-7.087400000006891787e+01,5.261042119999999933e+00,5.158473970000000186e+00,1.025681499999997470e-01,8.555829600000000000e+07,8.554059200000000000e+07,1.770400000000000000e+04,2.985207819999999970e+02,2.985462650000000053e+02,-2.548300000000836008e-02
2.110000000000000000e+02,5.787009280000000217e+03,5.785797849999999926e+03,1.211430000000291329e+00,6.010745470000000007e-02,6.079325079999999687e-02,-6.857960999999967999e-04,9.018500620000000345e+05,9.019319379999999655e+05,-8.187599999993108213e+01,8.734272460000000137e+03,8.734272460000000137e+03,0.000000000000000000e+00,6.117498120000000345e+05,6.118085620000000345e+05,-5.875000000000000000e+01,5.862116340000000037e+00,5.773022649999999700e+00,8.909369000000033623e-02,9.457679200000000000e+07,9.455972800000000000e+07,1.706400000000000000e+04,2.992069089999999960e+02,2.992504270000000020e+02,-4.351800000000594082e-02
2.210000000000000000e+02,4.891918459999999868e+03,4.890271480000000338e+03,1.646979999999530264e+00,4.828082399999999996e-02,4.930381100000000294e-02,-1.022987000000002977e-03,7.641147500000000000e+05,7.642697500000000000e+05,-1.550000000000000000e+02,7.204328609999999571e+03,7.204328120000000126e+03,4.899999994449899532e-04,6.606689379999999655e+05,6.607071250000000000e+05,-3.818700000003445894e+01,6.344924930000000352e+00,6.269342899999999830e+00,7.558203000000052185e-02,1.022179440000000000e+08,1.022031520000000000e+08,1.479200000000000000e+04,2.995184330000000159e+02,2.995765079999999898e+02,-5.807499999997389750e-02
2.310000000000000000e+02,7.519425779999999577e+03,7.516814940000000206e+03,2.610839999999370775e+00,8.900363740000000190e-02,9.046041970000000265e-02,-1.456782300000000752e-03,1.169029500000000000e+06,1.168727500000000000e+06,3.020000000000000000e+02,7.740096190000000206e+03,7.740095699999999852e+03,4.900000003544846550e-04,7.358632500000000000e+05,7.358653750000000000e+05,-2.125000000000000000e+00,7.234961030000000015e+00,7.149565220000000387e+00,8.539580999999962785e-02,1.139082320000000000e+08,1.138948320000000000e+08,1.340000000000000000e+04,2.949089050000000043e+02,2.949373170000000073e+02,-2.841200000000299042e-02
2.410000000000000000e+02,4.601916019999999662e+03,4.601074709999999868e+03,8.413099999997939449e-01,4.766761879999999868e-02,4.691004750000000306e-02,7.575712999999956176e-04,7.081973750000000000e+05,7.083711879999999655e+05,-1.738129999999655411e+02,7.821120119999999588e+03,7.821120119999999588e+03,0.000000000000000000e+00,7.818823750000000000e+05,7.818658750000000000e+05,1.650000000000000000e+01,7.711637500000000145e+00,7.630699159999999814e+00,8.093834000000033058e-02,1.209902080000000000e+08,1.209798800000000000e+08,1.032800000000000000e+04,2.968893130000000156e+02,2.969587099999999964e+02,-6.939699999998083513e-02
2.510000000000000000e+02,2.055071530000000166e+03,2.054272710000000188e+03,7.988199999999778811e-01,1.802462900000000035e-02,1.807241139999999843e-02,-4.778239999999808751e-05,3.190392810000000172e+05,3.192547810000000172e+05,-2.155000000000000000e+02,4.992288090000000011e+03,4.992288090000000011e+03,0.000000000000000000e+00,8.024331250000000000e+05,8.024020000000000000e+05,3.112500000000000000e+01,7.891883850000000145e+00,7.821025849999999835e+00,7.085800000000030963e-02,1.241806000000000000e+08,1.241728560000000000e+08,7.744000000000000000e+03,3.000616150000000175e+02,3.001478270000000066e+02,-8.621199999998907515e-02
2.610000000000000000e+02,6.343454099999999926e+03,6.340791019999999662e+03,2.663080000000263681e+00,7.749801870000000426e-02,7.980680469999999749e-02,-2.308785999999993233e-03,9.880395000000000000e+05,9.873096250000000000e+05,7.298750000000000000e+02,4.028927979999999934e+03,4.028927979999999934e+03,0.000000000000000000e+00,8.658676250000000000e+05,8.657645620000000345e+05,1.030629999999655411e+02,8.666863440000000196e+00,8.567247390000000351e+00,9.961604999999984500e-02,1.340610000000000000e+08,1.340597680000000000e+08,1.232000000000000000e+03,2.921093750000000000e+02,2.921021420000000148e+02,7.232999999985167960e-03
2.710000000000000000e+02,7.934441410000000360e+03,7.929951170000000275e+03,4.490240000000085274e+00,1.251232330000000004e-01,1.258603480000000108e-01,-7.371150000000104008e-04,1.209090379999999888e+06,1.208402120000000112e+06,6.882599999997764826e+02,4.695839839999999640e+03,4.695839839999999640e+03,0.000000000000000000e+00,9.452120620000000345e+05,9.448813750000000000e+05,3.306870000000344589e+02,9.918096540000000516e+00,9.751885409999999865e+00,1.662111300000006509e-01,1.461519040000000000e+08,1.461857600000000000e+08,-3.385600000000000000e+04,2.828978880000000231e+02,2.828964230000000271e+02,1.464999999996052793e-03
2.810000000000000000e+02,7.892392579999999725e+03,7.894531740000000354e+03,-2.139160000000629225e+00,1.314556149999999979e-01,1.298764940000000090e-01,1.579120999999988895e-03,1.195443500000000000e+06,1.194348120000000112e+06,1.095379999999888241e+03,8.948351559999999154e+03,8.948351559999999154e+03,0.000000000000000000e+00,1.024136000000000000e+06,1.023757750000000000e+06,3.782500000000000000e+02,1.123265269999999916e+01,1.103666589999999914e+01,1.959868000000000166e-01,1.581063360000000000e+08,1.581433760000000000e+08,-3.704000000000000000e+04,2.803804630000000202e+02,2.804312130000000138e+02,-5.074999999999363354e-02
2.910000000000000000e+02,6.794157710000000407e+03,6.797565429999999651e+03,-3.407719999999244465e+00,1.078617350000000003e-01,1.072001010000000060e-01,6.616339999999942822e-04,1.031698750000000000e+06,1.030629380000000005e+06,1.069369999999995343e+03,9.746784180000000561e+03,9.746784180000000561e+03,0.000000000000000000e+00,1.092084750000000000e+06,1.091739879999999888e+06,3.448700000001117587e+02,1.232035639999999965e+01,1.211547949999999929e+01,2.048769000000003615e-01,1.684218880000000000e+08,1.684484000000000000e+08,-2.651200000000000000e+04,2.806878360000000043e+02,2.807152100000000132e+02,-2.737400000000889122e-02
3.010000000000000000e+02,7.426663090000000011e+03,7.431324709999999868e+03,-4.661619999999857100e+00,1.120812669999999983e-01,1.109428850000000050e-01,1.138381999999993344e-03,1.133078500000000000e+06,1.132107750000000000e+06,9.707500000000000000e+02,1.307884770000000026e+04,1.307884770000000026e+04,0.000000000000000000e+00,1.166351379999999888e+06,1.166110750000000000e+06,2.406299999998882413e+02,1.344116879999999981e+01,1.325183769999999939e+01,1.893311000000004185e-01,1.797526720000000000e+08,1.797565920000000000e+08,-3.920000000000000000e+03,2.838450619999999844e+02,2.838830259999999726e+02,-3.796399999998811836e-02
3.110000000000000000e+02,8.156791019999999662e+03,8.160788569999999709e+03,-3.997550000000046566e+00,1.197525710000000021e-01,1.179120990000000063e-01,1.840471999999995778e-03,1.243751879999999888e+06,1.242676750000000000e+06,1.075129999999888241e+03,1.268937600000000020e+04,1.268937500000000000e+04,1.000000000203726813e-03,1.247919250000000000e+06,1.247727879999999888e+06,1.913700000001117587e+02,1.463869479999999967e+01,1.444215769999999921e+01,1.965371000000004642e-01,1.921901760000000000e+08,1.921810400000000000e+08,9.136000000000000000e+03,2.850156559999999786e+02,2.850379639999999881e+02,-2.230800000000954242e-02
3.210000000000000000e+02,8.330647460000000137e+03,8.334081050000000687e+03,-3.433590000000549480e+00,1.146212070000000027e-01,1.123252960000000050e-01,2.295910999999997704e-03,1.268480879999999888e+06,1.267764120000000112e+06,7.167599999997764826e+02,1.406620800000000054e+04,1.406620800000000054e+04,0.000000000000000000e+00,1.331225750000000000e+06,1.331095879999999888e+06,1.298700000001117587e+02,1.578490640000000056e+01,1.559045700000000068e+01,1.944493999999998834e-01,2.048749920000000000e+08,2.048518560000000000e+08,2.313600000000000000e+04,2.877073359999999980e+02,2.877843320000000062e+02,-7.699600000000828004e-02
3.310000000000000000e+02,8.279346680000000561e+03,8.278519529999999577e+03,8.271500000009837095e-01,1.074870379999999931e-01,1.054887320000000017e-01,1.998305999999991367e-03,1.261035120000000112e+06,1.261043250000000000e+06,-8.129999999888241291e+00,1.350105570000000080e+04,1.350105570000000080e+04,0.000000000000000000e+00,1.414019120000000112e+06,1.413883879999999888e+06,1.352400000002235174e+02,1.685977749999999986e+01,1.666410829999999876e+01,1.956692000000010978e-01,2.174853440000000000e+08,2.174605120000000000e+08,2.483200000000000000e+04,2.896886900000000082e+02,2.898223269999999729e+02,-1.336369999999647007e-01
3.410000000000000000e+02,8.163961430000000291e+03,8.160071780000000217e+03,3.889650000000074215e+00,8.963143830000000478e-02,8.666449040000000215e-02,2.966947900000002636e-03,1.244372000000000000e+06,1.245632620000000112e+06,-1.260620000000111759e+03,1.672915230000000156e+04,1.672915039999999863e+04,1.900000002933666110e-03,1.495658750000000000e+06,1.495501250000000000e+06,1.575000000000000000e+02,1.775609210000000004e+01,1.760365099999999927e+01,1.524411000000007732e-01,2.299290560000000000e+08,2.299097920000000000e+08,1.926400000000000000e+04,2.968085330000000113e+02,2.970819399999999746e+02,-2.734069999999633183e-01
3.510000000000000000e+02,8.743873050000000148e+03,8.718587890000000698e+03,2.528515999999945052e+01,8.533372729999999518e-02,8.162336800000000170e-02,3.710359299999993477e-03,1.324114000000000000e+06,1.328912250000000000e+06,-4.798250000000000000e+03,1.610707229999999981e+04,1.610707229999999981e+04,0.000000000000000000e+00,1.583016750000000000e+06,1.582616250000000000e+06,4.005000000000000000e+02,1.863411710000000099e+01,1.845762630000000115e+01,1.764907999999998367e-01,2.431829920000000000e+08,2.432103360000000000e+08,-2.734400000000000000e+04,3.017155759999999987e+02,3.020407099999999900e+02,-3.251339999999913744e-01
3.540000000000000000e+02,8.870064449999999852e+03,8.850359379999999874e+03,1.970506999999997788e+01,8.335363120000000015e-02,7.970217620000000225e-02,3.651454999999997897e-03,1.339299879999999888e+06,1.343101879999999888e+06,-3.802000000000000000e+03,1.660780860000000030e+04,1.660780659999999989e+04,2.000000000407453626e-03,1.609626879999999888e+06,1.609167250000000000e+06,4.596299999998882413e+02,1.888417820000000091e+01,1.869673350000000056e+01,1.874447000000003527e-01,2.472008960000000000e+08,2.472396480000000000e+08,-3.875200000000000000e+04,3.033340150000000222e+02,3.036702880000000278e+02,-3.362730000000055952e-01
3.550000000000000000e+02,8.872149409999999989e+03,8.853897460000000137e+03,1.825194999999985157e+01,8.211892839999999916e-02,7.853379100000000557e-02,3.585137399999993590e-03,1.339004879999999888e+06,1.342545000000000000e+06,-3.540120000000111759e+03,1.660780860000000030e+04,1.660780659999999989e+04,2.000000000407453626e-03,1.618499120000000112e+06,1.618021120000000112e+06,4.780000000000000000e+02,1.896629709999999847e+01,1.877526659999999836e+01,1.910305000000001030e-01,2.485399040000000000e+08,2.485821920000000000e+08,-4.228800000000000000e+04,3.038733219999999733e+02,3.042129209999999944e+02,-3.395990000000210784e-01
3.610000000000000000e+02,8.881368159999999989e+03,8.868678710000000137e+03,1.268944999999985157e+01,7.455995679999999348e-02,7.124973830000000397e-02,3.310218499999989517e-03,1.337299500000000000e+06,1.339760000000000000e+06,-2.460500000000000000e+03,1.660780860000000030e+04,1.660780659999999989e+04,2.000000000407453626e-03,1.671771000000000000e+06,1.671210879999999888e+06,5.601200000001117587e+02,1.942498780000000025e+01,1.921372029999999853e+01,2.112675000000017178e-01,2.565666400000000000e+08,2.566248640000000000e+08,-5.822400000000000000e+04,3.070842589999999745e+02,3.074521480000000224e+02,-3.678890000000478722e-01
3.710000000000000000e+02,8.791116210000000137e+03,8.780504880000000412e+03,1.061132999999972526e+01,6.330590699999999460e-02,6.019593780000000172e-02,3.109969199999992884e-03,1.317749500000000000e+06,1.319982379999999888e+06,-2.232879999999888241e+03,1.592630370000000039e+04,1.592630370000000039e+04,0.000000000000000000e+00,1.759649879999999888e+06,1.758964500000000000e+06,6.853799999998882413e+02,2.008393099999999976e+01,1.985571099999999944e+01,2.282200000000003115e-01,2.697499840000000000e+08,2.698335680000000000e+08,-8.358400000000000000e+04,3.115467219999999884e+02,3.119776610000000119e+02,-4.309390000000234977e-01
3.810000000000000000e+02,8.694342769999999291e+03,8.682458979999999428e+03,1.188378999999986263e+01,5.187707020000000002e-02,4.898104069999999893e-02,2.896029500000001089e-03,1.299562620000000112e+06,1.302314379999999888e+06,-2.751759999999776483e+03,1.587609569999999985e+04,1.587609670000000006e+04,-1.000000000203726813e-03,1.846593379999999888e+06,1.845753120000000112e+06,8.402599999997764826e+02,2.060270119999999849e+01,2.038338849999999880e+01,2.193126999999996940e-01,2.827456320000000000e+08,2.828620480000000000e+08,-1.164160000000000000e+05,3.161675420000000258e+02,3.166720280000000116e+02,-5.044859999999857791e-01
3.910000000000000000e+02,8.721844730000000709e+03,8.707023440000000846e+03,1.482128999999986263e+01,4.116691649999999758e-02,3.914950419999999737e-02,2.017412300000000214e-03,1.304319250000000000e+06,1.307652879999999888e+06,-3.333629999999888241e+03,1.639574409999999989e+04,1.639574409999999989e+04,0.000000000000000000e+00,1.933811750000000000e+06,1.932769620000000112e+06,1.042129999999888241e+03,2.101436999999999955e+01,2.082011029999999963e+01,1.942596999999999241e-01,2.957888000000000000e+08,2.959480640000000000e+08,-1.592640000000000000e+05,3.215760189999999739e+02,3.221723329999999805e+02,-5.963140000000066721e-01
4.010000000000000000e+02,8.278824220000000423e+03,8.263873050000000148e+03,1.495117000000027474e+01,3.274436669999999938e-02,3.071742319999999984e-02,2.026943499999999537e-03,1.232748750000000000e+06,1.236062879999999888e+06,-3.314129999999888241e+03,1.426790430000000015e+04,1.426790329999999994e+04,1.000000000203726813e-03,2.016600000000000000e+06,2.015376000000000000e+06,1.224000000000000000e+03,2.134181399999999940e+01,2.114294429999999991e+01,1.988696999999994830e-01,3.081162880000000000e+08,3.083143040000000000e+08,-1.980160000000000000e+05,3.245426939999999831e+02,3.251867980000000102e+02,-6.441040000000270993e-01
4.110000000000000000e+02,8.117006349999999657e+03,8.102155270000000201e+03,1.485107999999945605e+01,2.652723159999999941e-02,2.511182240000000079e-02,1.415409199999998618e-03,1.206086879999999888e+06,1.209364620000000112e+06,-3.277740000000223517e+03,1.450704000000000087e+04,1.450704000000000087e+04,0.000000000000000000e+00,2.097770000000000000e+06,2.096356500000000000e+06,1.413500000000000000e+03,2.160708620000000124e+01,2.141507909999999981e+01,1.920071000000014294e-01,3.201771520000000000e+08,3.204156800000000000e+08,-2.385280000000000000e+05,3.283786319999999819e+02,3.291019590000000221e+02,-7.233270000000402433e-01
4.210000000000000000e+02,8.521031250000000000e+03,8.506522460000000137e+03,1.450878999999986263e+01,2.229092829999999859e-02,1.992292329999999917e-02,2.368004999999999416e-03,1.262475120000000112e+06,1.265871500000000000e+06,-3.396379999999888241e+03,1.600492770000000019e+04,1.600492870000000039e+04,-1.000000000203726813e-03,2.182980500000000000e+06,2.181366000000000000e+06,1.614500000000000000e+03,2.182999609999999890e+01,2.164519119999999930e+01,1.848048999999996056e-01,3.328019200000000000e+08,3.330844800000000000e+08,-2.825600000000000000e+05,3.338308719999999994e+02,3.346286929999999984e+02,-7.978209999999990032e-01
4.290000000000000000e+02,8.214594730000000709e+03,8.200511720000000423e+03,1.408301000000028580e+01,1.784252000000000060e-02,1.524823439999999954e-02,2.594285600000001066e-03,1.213616379999999888e+06,1.216822500000000000e+06,-3.206120000000111759e+03,1.541548830000000089e+04,1.541548730000000069e+04,1.000000000203726813e-03,2.248697250000000000e+06,2.246939500000000000e+06,1.757750000000000000e+03,2.197273450000000139e+01,2.177725789999999861e+01,1.954766000000027759e-01,3.425108480000000000e+08,3.428246720000000000e+08,-3.138240000000000000e+05,3.379852290000000039e+02,3.388279420000000073e+02,-8.427130000000033760e-01
4.310000000000000000e+02,8.217182619999999588e+03,8.202645510000000286e+03,1.453710999999930209e+01,1.754543930000000002e-02,1.450054809999999986e-02,3.044891200000000159e-03,1.213349379999999888e+06,1.216419250000000000e+06,-3.069870000000111759e+03,1.541548830000000089e+04,1.541548730000000069e+04,1.000000000203726813e-03,2.265131500000000000e+06,2.263344750000000000e+06,1.786750000000000000e+03,2.200782590000000027e+01,2.180625919999999951e+01,2.015667000000007647e-01,3.449375360000000000e+08,3.452575040000000000e+08,-3.199680000000000000e+05,3.390253910000000133e+02,3.398741459999999961e+02,-8.487549999999828287e-01
4.410000000000000000e+02,6.516862299999999777e+03,6.518527829999999994e+03,-1.665530000000217115e+00,2.453310700000000111e+02,2.357124630000000138e+02,9.618606999999997242e+00,9.596508750000000000e+05,9.614893750000000000e+05,-1.838500000000000000e+03,4.404768070000000080e+03,4.404768070000000080e+03,0.000000000000000000e+00,2.330326000000000000e+06,2.328563500000000000e+06,1.762500000000000000e+03,2.491680179999999837e+03,2.373163090000000011e+03,1.185170899999998255e+02,3.545267200000000000e+08,3.548691200000000000e+08,-3.424000000000000000e+05,3.290520020000000159e+02,3.298355710000000158e+02,-7.835689999999999600e-01
4.510000000000000000e+02,7.250069340000000011e+03,7.256349610000000212e+03,-6.280270000000200525e+00,8.101907369999999942e-02,7.348175349999999661e-02,7.537320200000002801e-03,1.084291879999999888e+06,1.081670750000000000e+06,2.621129999999888241e+03,0.000000000000000000e+00,0.000000000000000000e+00,0.000000000000000000e+00,2.402826750000000000e+06,2.401155000000000000e+06,1.671750000000000000e+03,2.492490479999999934e+03,2.373774409999999989e+03,1.187160699999999451e+02,3.653696320000000000e+08,3.656856320000000000e+08,-3.160000000000000000e+05,3.107313540000000103e+02,3.114265139999999974e+02,-6.951599999999871216e-01
4.610000000000000000e+02,4.392088869999999588e+03,4.394545900000000074e+03,-2.457030000000486325e+00,5.606083939999999960e-02,5.204372849999999717e-02,4.017110900000002427e-03,6.521203750000000000e+05,6.514942500000000000e+05,6.261250000000000000e+02,5.351711909999999989e+03,5.351711909999999989e+03,0.000000000000000000e+00,2.446747500000000000e+06,2.445076250000000000e+06,1.671250000000000000e+03,2.493051030000000083e+03,2.374248289999999997e+03,1.188027400000000853e+02,3.718908160000000000e+08,3.722058880000000000e+08,-3.150720000000000000e+05,3.089608150000000251e+02,3.095937809999999786e+02,-6.329659999999535103e-01
4.710000000000000000e+02,7.036208010000000286e+03,7.038815429999999651e+03,-2.607419999999365245e+00,1.872388120000000045e-01,2.075579320000000005e-01,-2.031911999999999607e-02,1.045192750000000000e+06,1.043842810000000056e+06,1.349939999999944121e+03,4.296479980000000069e+03,4.296479980000000069e+03,0.000000000000000000e+00,2.517109750000000000e+06,2.515470250000000000e+06,1.639500000000000000e+03,2.494923339999999826e+03,2.375771240000000034e+03,1.191520999999997912e+02,3.823427520000000000e+08,3.826470720000000000e+08,-3.043200000000000000e+05,2.994389649999999961e+02,2.998729549999999904e+02,-4.339899999999943248e-01
4.810000000000000000e+02,7.510542480000000069e+03,7.512745609999999942e+03,-2.203129999999873689e+00,3.437656459999999803e-01,4.090246559999999865e-01,-6.525901000000000618e-02,1.113991500000000000e+06,1.112271750000000000e+06,1.719750000000000000e+03,6.226368159999999989e+03,6.226367680000000291e+03,4.799999996976112016e-04,2.592215000000000000e+06,2.590591500000000000e+06,1.623500000000000000e+03,2.498361080000000129e+03,2.378973140000000058e+03,1.193879400000000714e+02,3.934826560000000000e+08,3.937759680000000000e+08,-2.933120000000000000e+05,2.922437130000000138e+02,2.925461429999999723e+02,-3.024299999999584543e-01
4.910000000000000000e+02,7.846313479999999799e+03,7.846319819999999709e+03,-6.339999999909196049e-03,6.732372639999999464e-01,1.229643459999999910e+00,-5.564061959999999640e-01,1.158605879999999888e+06,1.157489379999999888e+06,1.116500000000000000e+03,1.071312010000000009e+04,1.071312010000000009e+04,0.000000000000000000e+00,2.670678250000000000e+06,2.669029250000000000e+06,1.649000000000000000e+03,2.505093510000000151e+03,2.386868899999999940e+03,1.182246100000002116e+02,4.050687360000000000e+08,4.053578560000000000e+08,-2.891200000000000000e+05,2.913953250000000139e+02,2.916703190000000063e+02,-2.749939999999924112e-01
5.010000000000000000e+02,7.570021480000000338e+03,7.579164060000000063e+03,-9.142579999999725260e+00,9.462257389999999546e+00,9.019437789999999566e+00,4.428195999999999799e-01,1.115388120000000112e+06,1.114117879999999888e+06,1.270240000000223517e+03,1.390780760000000009e+04,1.390780760000000009e+04,0.000000000000000000e+00,2.746378500000000000e+06,2.744806250000000000e+06,1.572250000000000000e+03,2.599716060000000198e+03,2.443481690000000071e+03,1.562343700000001263e+02,4.162225920000000000e+08,4.165064320000000000e+08,-2.838400000000000000e+05,2.962981869999999844e+02,2.965773320000000126e+02,-2.791450000000281761e-01
5.110000000000000000e+02,8.880303710000000137e+03,8.906274409999999989e+03,-2.597069999999985157e+01,5.519488139999999987e+01,3.040856360000000080e+01,2.478631779999999907e+01,1.308716879999999888e+06,1.309878000000000000e+06,-1.161120000000111759e+03,1.615363179999999920e+04,1.615363179999999920e+04,0.000000000000000000e+00,2.835181500000000000e+06,2.833937500000000000e+06,1.244000000000000000e+03,3.151664789999999812e+03,2.653771479999999883e+03,4.978933099999999286e+02,4.293097920000000000e+08,4.296105600000000000e+08,-3.007680000000000000e+05,3.016027829999999881e+02,3.019703979999999888e+02,-3.676150000000006912e-01
5.210000000000000000e+02,8.860012699999999313e+03,8.851991210000000137e+03,8.021489999999175780e+00,9.735623169999999504e+01,1.071029970000000020e+02,-9.746765300000006960e+00,1.305657250000000000e+06,1.304654620000000112e+06,1.002629999999888241e+03,1.343232029999999941e+04,1.343231929999999920e+04,1.000000000203726813e-03,2.923781500000000000e+06,2.922670750000000000e+06,1.110750000000000000e+03,4.125227050000000418e+03,3.432139650000000074e+03,6.930874000000003434e+02,4.423663360000000000e+08,4.426839360000000000e+08,-3.176000000000000000e+05,3.023832090000000221e+02,3.027712399999999775e+02,-3.880309999999553838e-01
5.310000000000000000e+02,8.010409179999999651e+03,8.004015620000000126e+03,6.393559999999524734e+00,1.069084930000000071e+02,1.166633989999999983e+02,-9.754905999999991195e+00,1.183311379999999888e+06,1.181181250000000000e+06,2.130129999999888241e+03,7.266527829999999994e+03,7.266527829999999994e+03,0.000000000000000000e+00,3.003885750000000000e+06,3.002788750000000000e+06,1.097000000000000000e+03,5.194312009999999646e+03,4.531938479999999799e+03,6.623735299999998460e+02,4.541994560000000000e+08,4.545013760000000000e+08,-3.019200000000000000e+05,2.949926760000000172e+02,2.953901369999999815e+02,-3.974609999999643151e-01
5.410000000000000000e+02,7.422973140000000058e+03,7.416885739999999714e+03,6.087400000000343425e+00,1.194339140000000015e+02,1.287178649999999891e+02,-9.283950999999987630e+00,1.096014750000000000e+06,1.094100750000000000e+06,1.914000000000000000e+03,7.916352050000000418e+03,7.916352050000000418e+03,0.000000000000000000e+00,3.078115500000000000e+06,3.077012750000000000e+06,1.102750000000000000e+03,6.388651369999999588e+03,5.745260250000000269e+03,6.433911199999993187e+02,4.651596160000000000e+08,4.654520000000000000e+08,-2.923840000000000000e+05,2.904136050000000182e+02,2.907230529999999931e+02,-3.094479999999748543e-01
5.510000000000000000e+02,6.236525880000000143e+03,6.288217289999999593e+03,-5.169140999999945052e+01,1.333574830000000020e+03,1.260178470000000061e+03,7.339635999999995875e+01,9.011380620000000345e+05,9.076706879999999655e+05,-6.532625999999931082e+03,9.946559569999999439e+03,9.946559569999999439e+03,0.000000000000000000e+00,3.140480750000000000e+06,3.139470000000000000e+06,1.010750000000000000e+03,1.972440039999999863e+04,1.890776949999999852e+04,8.166309000000001106e+02,4.741709760000000000e+08,4.744812800000000000e+08,-3.103040000000000000e+05,2.900658569999999941e+02,2.903906250000000000e+02,-3.247680000000059408e-01
5.610000000000000000e+02,6.091631349999999657e+03,6.108830570000000080e+03,-1.719922000000042317e+01,8.996215819999999894e+02,8.739824830000000020e+02,2.563909899999998743e+01,8.867693120000000345e+05,8.893398120000000345e+05,-2.570500000000000000e+03,9.511295899999999165e+03,9.511295899999999165e+03,0.000000000000000000e+00,3.201414250000000000e+06,3.200624250000000000e+06,7.900000000000000000e+02,2.868942970000000059e+04,2.753659179999999833e+04,1.152837900000002264e+03,4.830427520000000000e+08,4.833878720000000000e+08,-3.451200000000000000e+05,2.898641969999999901e+02,2.901679379999999924e+02,-3.037410000000022592e-01
5.710000000000000000e+02,5.764407229999999799e+03,5.773786619999999857e+03,-9.379390000000057626e+00,5.326193849999999657e+02,5.176583249999999907e+02,1.496105999999997493e+01,8.432315620000000345e+05,8.454689379999999655e+05,-2.237375999999931082e+03,1.292467189999999937e+04,1.292467189999999937e+04,0.000000000000000000e+00,3.259058250000000000e+06,3.258519750000000000e+06,5.385000000000000000e+02,3.401562500000000000e+04,3.246019729999999981e+04,1.555427700000000186e+03,4.914750720000000000e+08,4.918675520000000000e+08,-3.924800000000000000e+05,2.965649109999999951e+02,2.969156489999999735e+02,-3.507379999999784559e-01
5.810000000000000000e+02,5.752623050000000148e+03,5.758307619999999588e+03,-5.684569999999439460e+00,2.191117859999999951e+02,2.053127900000000068e+02,1.379899599999998827e+01,8.403160620000000345e+05,8.427684379999999655e+05,-2.452375999999931082e+03,1.522137600000000020e+04,1.522137600000000020e+04,0.000000000000000000e+00,3.316584500000000000e+06,3.316196250000000000e+06,3.882500000000000000e+02,3.620674220000000059e+04,3.433893359999999666e+04,1.867808600000003935e+03,4.998782400000000000e+08,5.003162560000000000e+08,-4.380160000000000000e+05,3.078625180000000228e+02,3.083634950000000003e+02,-5.009769999999775791e-01
5.910000000000000000e+02,6.770759280000000217e+03,6.799655270000000201e+03,-2.889598999999998341e+01,3.022984920000000102e+02,2.662872009999999818e+02,3.601129100000002836e+01,9.938506879999999655e+05,9.958681879999999655e+05,-2.017500000000000000e+03,8.770656250000000000e+03,8.770656250000000000e+03,0.000000000000000000e+00,3.384292000000000000e+06,3.384260000000000000e+06,3.200000000000000000e+01,3.922972660000000178e+04,3.693901559999999881e+04,2.290711000000002969e+03,5.098167360000000000e+08,5.102773760000000000e+08,-4.606400000000000000e+05,3.055497740000000135e+02,3.060231929999999920e+02,-4.734189999999784959e-01
6.010000000000000000e+02,9.045922850000000835e+03,9.091922850000000835e+03,-4.600000000000000000e+01,5.197047730000000456e+02,4.675451659999999947e+02,5.215960700000005090e+01,1.330352879999999888e+06,1.333070750000000000e+06,-2.717870000000111759e+03,1.377609569999999985e+04,1.377609569999999985e+04,0.000000000000000000e+00,3.474751250000000000e+06,3.475598000000000000e+06,-8.467500000000000000e+02,4.442677339999999822e+04,4.100512500000000000e+04,3.421648399999998219e+03,5.231202560000000000e+08,5.236698880000000000e+08,-5.496320000000000000e+05,3.057040410000000179e+02,3.062264710000000036e+02,-5.224299999999857391e-01
6.110000000000000000e+02,6.084485349999999926e+03,6.134646969999999783e+03,-5.016161999999985710e+01,5.344296259999999847e+02,4.713165280000000052e+02,6.311309799999997949e+01,8.923570620000000345e+05,8.972061879999999655e+05,-4.849125999999931082e+03,1.220697559999999976e+04,1.220697559999999976e+04,0.000000000000000000e+00,3.535596250000000000e+06,3.537176250000000000e+06,-1.580000000000000000e+03,4.977107029999999941e+04,4.538932809999999881e+04,4.381742200000000594e+03,5.320438400000000000e+08,5.326730240000000000e+08,-6.291840000000000000e+05,3.104956670000000258e+02,3.110602719999999977e+02,-5.646049999999718239e-01
6.210000000000000000e+02,4.907863279999999577e+03,4.951940920000000006e+03,-4.407764000000042870e+01,4.778473210000000222e+02,4.169124449999999911e+02,6.093487600000003113e+01,7.187766250000000000e+05,7.247732500000000000e+05,-5.996625000000000000e+03,1.019107229999999981e+04,1.019107129999999961e+04,1.000000000203726813e-03,3.584674750000000000e+06,3.586822500000000000e+06,-2.147750000000000000e+03,5.454954299999999785e+04,4.936904299999999785e+04,5.180500000000000000e+03,5.392316160000000000e+08,5.399395840000000000e+08,-7.079680000000000000e+05,3.149254760000000033e+02,3.155408019999999851e+02,-6.153259999999818319e-01
6.310000000000000000e+02,8.795245119999999588e+03,8.809262699999999313e+03,-1.401757999999972526e+01,9.855581049999999550e+02,9.774763179999999920e+02,8.081786999999962973e+00,1.294207750000000000e+06,1.293357879999999888e+06,8.498700000001117587e+02,1.519987210000000050e+04,1.519987210000000050e+04,0.000000000000000000e+00,3.672627250000000000e+06,3.675761250000000000e+06,-3.134000000000000000e+03,6.440512500000000000e+04,5.796262890000000334e+04,6.442496099999996659e+03,5.521736960000000000e+08,5.529856000000000000e+08,-8.119040000000000000e+05,3.171360169999999812e+02,3.177923279999999977e+02,-6.563110000000165201e-01
6.410000000000000000e+02,4.190944340000000011e+03,4.206126949999999852e+03,-1.518260999999984051e+01,5.405238650000000007e+02,5.157208249999999907e+02,2.480304000000000997e+01,6.144382500000000000e+05,6.175307500000000000e+05,-3.092500000000000000e+03,7.479167970000000423e+03,7.479167970000000423e+03,0.000000000000000000e+00,3.714536750000000000e+06,3.717826500000000000e+06,-3.289750000000000000e+03,6.981036719999999332e+04,6.312735940000000119e+04,6.683007799999992130e+03,5.583180800000000000e+08,5.591582080000000000e+08,-8.401280000000000000e+05,3.185181580000000281e+02,3.191513059999999768e+02,-6.331479999999487518e-01
6.510000000000000000e+02,7.733404300000000148e+03,7.637151369999999588e+03,9.625293000000056054e+01,1.047232299999999896e+03,1.188571529999999939e+03,-1.413392300000000432e+02,1.138414250000000000e+06,1.124308500000000000e+06,1.410575000000000000e+04,1.344729589999999916e+04,1.344729589999999916e+04,0.000000000000000000e+00,3.791870750000000000e+06,3.795204500000000000e+06,-3.333750000000000000e+03,8.028268750000000000e+04,7.357321880000000237e+04,6.709468699999997625e+03,5.697022080000000000e+08,5.705451520000000000e+08,-8.429440000000000000e+05,3.202670899999999961e+02,3.209532169999999951e+02,-6.861269999999990432e-01
6.610000000000000000e+02,6.940652829999999994e+03,6.800255860000000212e+03,1.403969699999997829e+02,1.128938959999999952e+03,1.329489499999999907e+03,-2.005505399999999554e+02,1.022534189999999944e+06,1.001879939999999944e+06,2.065425000000000000e+04,1.008508790000000045e+04,1.008508790000000045e+04,0.000000000000000000e+00,3.861277250000000000e+06,3.863738500000000000e+06,-2.461250000000000000e+03,9.157207809999999881e+04,8.612019530000000668e+04,5.451882799999992130e+03,5.799275520000000000e+08,5.806380160000000000e+08,-7.104640000000000000e+05,3.180140989999999874e+02,3.186676939999999831e+02,-6.535949999999957072e-01
6.710000000000000000e+02,6.612040039999999863e+03,6.449343750000000000e+03,1.626962899999998626e+02,1.350658079999999927e+03,1.581673950000000104e+03,-2.310158700000001772e+02,9.733698120000000345e+05,9.500033750000000000e+05,2.336643700000003446e+04,1.257455960000000050e+04,1.257455960000000050e+04,0.000000000000000000e+00,3.927397750000000000e+06,3.928989000000000000e+06,-1.591250000000000000e+03,1.050786560000000027e+05,1.008406950000000070e+05,4.237960999999995693e+03,5.896612480000000000e+08,5.902491520000000000e+08,-5.879040000000000000e+05,3.206391600000000039e+02,3.213491210000000251e+02,-7.099610000000211585e-01
6.810000000000000000e+02,7.433996089999999640e+03,7.228467770000000201e+03,2.055283199999994395e+02,1.821926999999999907e+03,2.115582030000000032e+03,-2.936550300000001243e+02,1.095845879999999888e+06,1.065808620000000112e+06,3.003725999999977648e+04,1.263820800000000054e+04,1.263820800000000054e+04,0.000000000000000000e+00,4.001737500000000000e+06,4.002161750000000000e+06,-4.242500000000000000e+02,1.232979299999999930e+05,1.207190310000000027e+05,2.578898999999990338e+03,6.006197120000000000e+08,6.010365440000000000e+08,-4.168320000000000000e+05,3.203670650000000251e+02,3.210902709999999729e+02,-7.232059999999478350e-01
6.910000000000000000e+02,7.430996089999999640e+03,7.235606450000000223e+03,1.953896399999994173e+02,2.217632570000000214e+03,2.498502930000000106e+03,-2.808703599999998914e+02,1.095809500000000000e+06,1.066994500000000000e+06,2.881500000000000000e+04,1.313375979999999981e+04,1.313375979999999981e+04,0.000000000000000000e+00,4.076639000000000000e+06,4.075251750000000000e+06,1.387250000000000000e+03,1.446220160000000033e+05,1.446417969999999914e+05,-1.978099999998812564e+01,6.116648320000000000e+08,6.118148480000000000e+08,-1.500160000000000000e+05,3.202732540000000085e+02,3.210203549999999950e+02,-7.471009999999864704e-01
7.010000000000000000e+02,7.153633300000000418e+03,6.937586909999999989e+03,2.160463900000004287e+02,2.714282709999999952e+03,3.022843260000000100e+03,-3.085605500000001484e+02,1.053249500000000000e+06,1.022276880000000005e+06,3.097261999999999534e+04,1.385788769999999931e+04,1.385788769999999931e+04,0.000000000000000000e+00,4.148175500000000000e+06,4.145578500000000000e+06,2.597000000000000000e+03,1.717648440000000119e+05,1.734800940000000119e+05,-1.715250000000000000e+03,6.221973120000000000e+08,6.221812480000000000e+08,1.606400000000000000e+04,3.212999270000000251e+02,3.220846859999999765e+02,-7.847589999999513566e-01
7.110000000000000000e+02,7.773269040000000132e+03,7.495485840000000280e+03,2.777831999999998516e+02,3.870370120000000043e+03,4.265033690000000206e+03,-3.946635700000001634e+02,1.142297250000000000e+06,1.102849000000000000e+06,3.944825000000000000e+04,1.543123240000000078e+04,1.543123140000000058e+04,1.000000000203726813e-03,4.225908000000000000e+06,4.221710000000000000e+06,4.198000000000000000e+03,2.104685309999999881e+05,2.144162660000000033e+05,-3.947735000000015134e+03,6.336202880000000000e+08,6.333859840000000000e+08,2.343040000000000000e+05,3.213908390000000281e+02,3.222023929999999723e+02,-8.115539999999441534e-01
7.210000000000000000e+02,6.899304689999999937e+03,6.659578609999999571e+03,2.397260800000003655e+02,3.631194089999999960e+03,3.968793950000000223e+03,-3.375998600000002625e+02,1.013767119999999995e+06,9.800194379999999655e+05,3.374768200000002980e+04,1.228367970000000059e+04,1.228367970000000059e+04,0.000000000000000000e+00,4.294901000000000000e+06,4.288851500000000000e+06,6.049500000000000000e+03,2.467804839999999967e+05,2.533220940000000119e+05,-6.541610000000015134e+03,6.437579520000000000e+08,6.432652800000000000e+08,4.926720000000000000e+05,3.186450199999999882e+02,3.194204710000000205e+02,-7.754510000000323089e-01
7.310000000000000000e+02,7.380917480000000069e+03,7.092522460000000137e+03,2.883950199999999313e+02,3.730507079999999860e+03,4.137609379999999874e+03,-4.071023000000000138e+02,1.086483120000000112e+06,1.045536939999999944e+06,4.094618000000016764e+04,1.359071969999999965e+04,1.359071969999999965e+04,0.000000000000000000e+00,4.368710500000000000e+06,4.360716500000000000e+06,7.994000000000000000e+03,2.840855619999999763e+05,2.933379380000000237e+05,-9.252376000000047497e+03,6.546227840000000000e+08,6.538593280000000000e+08,7.634560000000000000e+05,3.168480529999999931e+02,3.176466980000000149e+02,-7.986450000000218097e-01
7.410000000000000000e+02,6.879539550000000418e+03,6.620916500000000269e+03,2.586230500000001484e+02,3.948853520000000117e+03,4.311522949999999582e+03,-3.626694299999994655e+02,1.011249619999999995e+06,9.754910000000000000e+05,3.575861999999999534e+04,1.367270410000000084e+04,1.367270310000000063e+04,1.000000000203726813e-03,4.437505500000000000e+06,4.427591000000000000e+06,9.914500000000000000e+03,3.235740939999999828e+05,3.354799689999999828e+05,-1.190587500000000000e+04,6.647352960000000000e+08,6.637146240000000000e+08,1.020672000000000000e+06,3.161448359999999980e+02,3.169688719999999762e+02,-8.240359999999782303e-01
7.510000000000000000e+02,6.751623539999999593e+03,6.495885739999999714e+03,2.557377999999998792e+02,4.381166500000000269e+03,4.739054689999999937e+03,-3.578881899999996676e+02,9.911828750000000000e+05,9.559291879999999655e+05,3.525368700000003446e+04,1.502275200000000041e+04,1.502275200000000041e+04,0.000000000000000000e+00,4.505022000000000000e+06,4.493407000000000000e+06,1.161500000000000000e+04,3.673857500000000000e+05,3.816150619999999763e+05,-1.422931199999997625e+04,6.746471040000000000e+08,6.734035200000000000e+08,1.243584000000000000e+06,3.174279169999999795e+02,3.182982480000000010e+02,-8.703310000000215041e-01
7.610000000000000000e+02,6.234680659999999989e+03,6.008027339999999640e+03,2.266533200000003490e+02,4.590097170000000006e+03,4.905083980000000338e+03,-3.149868100000003324e+02,9.135990620000000345e+05,8.829288750000000000e+05,3.067018700000003446e+04,1.514755179999999928e+04,1.514755179999999928e+04,0.000000000000000000e+00,4.567369000000000000e+06,4.554231000000000000e+06,1.313800000000000000e+04,4.132867189999999828e+05,4.295745310000000172e+05,-1.628781200000003446e+04,6.837831040000000000e+08,6.823457920000000000e+08,1.437312000000000000e+06,3.199122919999999795e+02,3.208332819999999970e+02,-9.209900000000175169e-01
7.710000000000000000e+02,6.085813479999999799e+03,5.854148439999999937e+03,2.316650399999998626e+02,4.963265620000000126e+03,5.286582519999999931e+03,-3.233168999999998050e+02,8.911419379999999655e+05,8.595228120000000345e+05,3.161912599999993108e+04,1.518720019999999931e+04,1.518719919999999911e+04,1.000000000203726813e-03,4.628227000000000000e+06,4.613705500000000000e+06,1.452150000000000000e+04,4.629193750000000000e+05,4.810775310000000172e+05,-1.815815600000001723e+04,6.926945280000000000e+08,6.910817920000000000e+08,1.612736000000000000e+06,3.222018739999999752e+02,3.231642459999999915e+02,-9.623720000000162145e-01
7.810000000000000000e+02,5.062311520000000201e+03,4.891926269999999931e+03,1.703852500000002692e+02,4.453371579999999994e+03,4.690803710000000137e+03,-2.374321300000001429e+02,7.401165620000000345e+05,7.171921879999999655e+05,2.292437400000006892e+04,1.245945609999999942e+04,1.245945609999999942e+04,0.000000000000000000e+00,4.678850000000000000e+06,4.662958500000000000e+06,1.589150000000000000e+04,5.074530939999999828e+05,5.274940620000000345e+05,-2.004096800000005169e+04,7.000956800000000000e+08,6.983050880000000000e+08,1.790592000000000000e+06,3.232424930000000245e+02,3.242072749999999814e+02,-9.647819999999569518e-01
7.910000000000000000e+02,4.741784179999999651e+03,4.575469729999999799e+03,1.663144499999998516e+02,4.430934079999999994e+03,4.662524900000000343e+03,-2.315908200000003490e+02,6.925893750000000000e+05,6.701231879999999655e+05,2.246618700000003446e+04,1.241241599999999926e+04,1.241241599999999926e+04,0.000000000000000000e+00,4.726268000000000000e+06,4.709133000000000000e+06,1.713500000000000000e+04,5.517624379999999655e+05,5.735016250000000000e+05,-2.173918700000003446e+04,7.070215680000000000e+08,7.050707200000000000e+08,1.950848000000000000e+06,3.250652160000000208e+02,3.260519709999999804e+02,-9.867549999999596366e-01
8.010000000000000000e+02,3.606257320000000163e+03,3.503966800000000148e+03,1.022905200000000150e+02,3.135503909999999905e+03,3.278249020000000201e+03,-1.427451100000002953e+02,5.277677500000000000e+05,5.137866560000000172e+05,1.398109399999998277e+04,4.789151859999999942e+03,4.789151859999999942e+03,0.000000000000000000e+00,4.762330500000000000e+06,4.743516000000000000e+06,1.881450000000000000e+04,5.831175000000000000e+05,6.072446250000000000e+05,-2.412712500000000000e+04,7.122992640000000000e+08,7.101103360000000000e+08,2.188928000000000000e+06,3.184535829999999805e+02,3.194035949999999957e+02,-9.500120000000151776e-01
8.110000000000000000e+02,5.493532710000000407e+03,5.225562990000000354e+03,2.679697200000000521e+02,4.785425290000000132e+03,5.175519529999999577e+03,-3.900942399999994450e+02,8.058588750000000000e+05,7.655063750000000000e+05,4.035250000000000000e+04,1.118716799999999967e+04,1.118716799999999967e+04,0.000000000000000000e+00,4.817266000000000000e+06,4.796612500000000000e+06,2.065350000000000000e+04,6.309717500000000000e+05,6.577774379999999655e+05,-2.680568799999996554e+04,7.203578240000000000e+08,7.178902400000000000e+08,2.467584000000000000e+06,3.156331480000000056e+02,3.165736999999999739e+02,-9.405519999999683023e-01
8.210000000000000000e+02,5.492060059999999794e+03,5.250563960000000407e+03,2.414960999999993874e+02,5.387906250000000000e+03,5.738637700000000223e+03,-3.507314500000002226e+02,8.040238120000000345e+05,7.681713750000000000e+05,3.585243700000003446e+04,1.400620800000000054e+04,1.400620700000000033e+04,1.000000000203726813e-03,4.872186500000000000e+06,4.850028500000000000e+06,2.215800000000000000e+04,6.848508120000000345e+05,7.138322500000000000e+05,-2.898143799999996554e+04,7.283980800000000000e+08,7.257090560000000000e+08,2.689024000000000000e+06,3.168163450000000125e+02,3.177490839999999821e+02,-9.327389999999695647e-01
8.310000000000000000e+02,4.709892579999999725e+03,4.555904300000000148e+03,1.539882799999995768e+02,5.268256840000000011e+03,5.486050290000000132e+03,-2.177934500000001208e+02,6.870305000000000000e+05,6.658331250000000000e+05,2.119737500000000000e+04,1.402665619999999944e+04,1.402665530000000035e+04,8.999999990919604897e-04,4.919285500000000000e+06,4.896207500000000000e+06,2.307800000000000000e+04,7.375333750000000000e+05,7.677821879999999655e+05,-3.024881299999996554e+04,7.352683520000000000e+08,7.324618880000000000e+08,2.806464000000000000e+06,3.203430789999999888e+02,3.213090209999999729e+02,-9.659419999999840911e-01
8.410000000000000000e+02,5.234433589999999640e+03,5.050458010000000286e+03,1.839755799999993542e+02,5.254297849999999926e+03,5.524982420000000275e+03,-2.706845700000003490e+02,7.676912500000000000e+05,7.389328750000000000e+05,2.875837500000000000e+04,7.961952150000000074e+03,7.961952150000000074e+03,0.000000000000000000e+00,4.971629500000000000e+06,4.946023500000000000e+06,2.560600000000000000e+04,7.900763120000000345e+05,8.240575620000000345e+05,-3.398125000000000000e+04,7.429452800000000000e+08,7.397450880000000000e+08,3.200192000000000000e+06,3.115353390000000218e+02,3.123962099999999964e+02,-8.608709999999746287e-01
8.510000000000000000e+02,4.606256840000000011e+03,4.469512209999999868e+03,1.367446300000001429e+02,5.003247070000000349e+03,5.206568360000000212e+03,-2.033212899999998626e+02,6.730983120000000345e+05,6.520270000000000000e+05,2.107131200000003446e+04,1.306828809999999976e+04,1.306828709999999955e+04,1.000000000203726813e-03,5.017692000000000000e+06,4.991326500000000000e+06,2.636550000000000000e+04,8.401088120000000345e+05,8.752258120000000345e+05,-3.511700000000000000e+04,7.496762880000000000e+08,7.463584640000000000e+08,3.317824000000000000e+06,3.142854919999999765e+02,3.151541439999999739e+02,-8.686519999999973152e-01
8.610000000000000000e+02,4.946791989999999714e+03,4.788915039999999863e+03,1.578769499999998516e+02,5.701182130000000143e+03,5.937081540000000132e+03,-2.358994099999999889e+02,7.214271879999999655e+05,6.969470620000000345e+05,2.448012599999993108e+04,1.524748830000000089e+04,1.524748730000000069e+04,1.000000000203726813e-03,5.067160000000000000e+06,5.039987500000000000e+06,2.717250000000000000e+04,8.971206250000000000e+05,9.334656250000000000e+05,-3.634500000000000000e+04,7.568905600000000000e+08,7.534448000000000000e+08,3.445760000000000000e+06,3.186756899999999746e+02,3.196131290000000149e+02,-9.374390000000403234e-01
8.710000000000000000e+02,4.748821289999999863e+03,4.630337889999999788e+03,1.184834000000000742e+02,6.196560550000000148e+03,6.368651859999999942e+03,-1.720913099999997939e+02,6.906748120000000345e+05,6.734580000000000000e+05,1.721681200000003446e+04,1.612012789999999950e+04,1.612012789999999950e+04,0.000000000000000000e+00,5.114648500000000000e+06,5.087037000000000000e+06,2.761150000000000000e+04,9.590862500000000000e+05,9.960610000000000000e+05,-3.697475000000000000e+04,7.637973120000000000e+08,7.602926080000000000e+08,3.504704000000000000e+06,3.241506350000000225e+02,3.251626590000000192e+02,-1.012023999999996704e+00
8.810000000000000000e+02,4.558577150000000074e+03,4.449703609999999571e+03,1.088735400000005029e+02,6.332611329999999725e+03,6.491232909999999720e+03,-1.586215799999999945e+02,6.620320000000000000e+05,6.461650620000000345e+05,1.586693799999996554e+04,1.581609569999999985e+04,1.581609569999999985e+04,0.000000000000000000e+00,5.160234000000000000e+06,5.132101000000000000e+06,2.813300000000000000e+04,1.022412380000000005e+06,1.060148000000000000e+06,-3.773561999999999534e+04,7.704176000000000000e+08,7.668397440000000000e+08,3.577856000000000000e+06,3.292011410000000069e+02,3.302901919999999905e+02,-1.089050999999983560e+00
8.910000000000000000e+02,4.168734379999999874e+03,4.083219480000000203e+03,8.551489999999967040e+01,6.154653320000000349e+03,6.277927730000000338e+03,-1.232744099999999889e+02,6.044530000000000000e+05,5.923299379999999655e+05,1.212306200000003446e+04,1.470614359999999942e+04,1.470614450000000033e+04,-9.000000009109498933e-04,5.201921500000000000e+06,5.173315000000000000e+06,2.860650000000000000e+04,1.083958879999999888e+06,1.122372750000000000e+06,-3.841387000000011176e+04,7.764621440000000000e+08,7.728204800000000000e+08,3.641664000000000000e+06,3.335361330000000066e+02,3.346968689999999924e+02,-1.160735999999985779e+00
9.010000000000000000e+02,4.498661619999999857e+03,4.385880369999999857e+03,1.127812500000000000e+02,6.655785640000000058e+03,6.819844729999999799e+03,-1.640590899999997418e+02,6.532833120000000345e+05,6.363428750000000000e+05,1.694043700000003446e+04,1.369353609999999935e+04,1.369353609999999935e+04,0.000000000000000000e+00,5.246908000000000000e+06,5.217402500000000000e+06,2.950550000000000000e+04,1.150516750000000000e+06,1.190244000000000000e+06,-3.972725000000000000e+04,7.829949440000000000e+08,7.792170880000000000e+08,3.777856000000000000e+06,3.340850520000000188e+02,3.353313899999999990e+02,-1.246337999999980184e+00
9.110000000000000000e+02,4.357334469999999783e+03,4.254956049999999777e+03,1.023784200000000055e+02,6.623761230000000069e+03,6.771904300000000148e+03,-1.481430700000000797e+02,6.329236879999999655e+05,6.174228120000000345e+05,1.550087599999993108e+04,1.291967970000000059e+04,1.291967970000000059e+04,0.000000000000000000e+00,5.290481500000000000e+06,5.260132000000000000e+06,3.034950000000000000e+04,1.216754379999999888e+06,1.257705620000000112e+06,-4.095124000000022352e+04,7.893242240000000000e+08,7.854174080000000000e+08,3.906816000000000000e+06,3.336826479999999719e+02,3.349779359999999997e+02,-1.295288000000027751e+00
9.210000000000000000e+02,4.106949709999999868e+03,4.032988530000000083e+03,7.396117999999978565e+01,6.803886720000000423e+03,6.907897949999999582e+03,-1.040112299999991592e+02,5.961298750000000000e+05,5.857488750000000000e+05,1.038100000000000000e+04,1.292899220000000059e+04,1.292899120000000039e+04,1.000000000203726813e-03,5.331551000000000000e+06,5.300795000000000000e+06,3.075600000000000000e+04,1.284793250000000000e+06,1.326300620000000112e+06,-4.150737000000011176e+04,7.952855040000000000e+08,7.913248640000000000e+08,3.960640000000000000e+06,3.337137450000000172e+02,3.350304869999999937e+02,-1.316741999999976542e+00
9.310000000000000000e+02,4.016630860000000212e+03,3.927487549999999828e+03,8.914331000000038330e+01,6.462792970000000423e+03,6.593006840000000011e+03,-1.302138699999995879e+02,5.829063120000000345e+05,5.690180000000000000e+05,1.388831200000003446e+04,1.282800000000000000e+04,1.282800000000000000e+04,0.000000000000000000e+00,5.371717000000000000e+06,5.340237500000000000e+06,3.147950000000000000e+04,1.349421120000000112e+06,1.391988500000000000e+06,-4.256737999999988824e+04,8.011145600000000000e+08,7.970400000000000000e+08,4.074560000000000000e+06,3.344314580000000205e+02,3.357759399999999914e+02,-1.344481999999970867e+00
9.410000000000000000e+02,4.129472170000000006e+03,4.035969729999999799e+03,9.350244000000020606e+01,6.714952150000000074e+03,6.854628420000000006e+03,-1.396762699999999313e+02,5.996987500000000000e+05,5.846290000000000000e+05,1.506975000000000000e+04,1.268812789999999950e+04,1.268812789999999950e+04,0.000000000000000000e+00,5.413012000000000000e+06,5.380770500000000000e+06,3.224150000000000000e+04,1.416570620000000112e+06,1.460284379999999888e+06,-4.371375999999977648e+04,8.071115520000000000e+08,8.029120000000000000e+08,4.199552000000000000e+06,3.341273800000000165e+02,3.354879460000000222e+02,-1.360566000000005715e+00
9.510000000000000000e+02,3.952590329999999994e+03,3.878386469999999917e+03,7.420386000000007698e+01,6.712838380000000143e+03,6.823827640000000429e+03,-1.109892600000002858e+02,5.736726879999999655e+05,5.615925000000000000e+05,1.208018799999996554e+04,1.258684770000000026e+04,1.258684770000000026e+04,0.000000000000000000e+00,5.452538000000000000e+06,5.419784500000000000e+06,3.275350000000000000e+04,1.483699000000000000e+06,1.528187750000000000e+06,-4.448875000000000000e+04,8.128482560000000000e+08,8.085625600000000000e+08,4.285696000000000000e+06,3.341697389999999928e+02,3.355451659999999947e+02,-1.375427000000001954e+00
9.610000000000000000e+02,3.177931149999999889e+03,3.161336909999999989e+03,1.659423999999989974e+01,5.674632810000000063e+03,5.699602539999999863e+03,-2.496972999999979947e+01,4.599584060000000172e+05,4.571939380000000237e+05,2.764467999999993481e+03,1.089273630000000048e+04,1.089273630000000048e+04,0.000000000000000000e+00,5.484317000000000000e+06,5.451392000000000000e+06,3.292500000000000000e+04,1.540445379999999888e+06,1.585187250000000000e+06,-4.474187000000011176e+04,8.174478720000000000e+08,8.131349760000000000e+08,4.312896000000000000e+06,3.352427979999999934e+02,3.366142270000000281e+02,-1.371429000000034648e+00
9.710000000000000000e+02,0.000000000000000000e+00,0.000000000000000000e+00,0.000000000000000000e+00,0.000000000000000000e+00,0.000000000000000000e+00,0.000000000000000000e+00,0.000000000000000000e+00,0.000000000000000000e+00,0.000000000000000000e+00,0.000000000000000000e+00,0.000000000000000000e+00,0.000000000000000000e+00,5.484317000000000000e+06,5.451392000000000000e+06,3.292500000000000000e+04,1.540445379999999888e+06,1.585187250000000000e+06,-4.474187000000011176e+04,8.174478720000000000e+08,8.131349760000000000e+08,4.312896000000000000e+06,3.357169489999999996e+02,3.368763430000000199e+02,-1.159394000000020242e+00
9.810000000000000000e+02,3.003981200000000172e+03,2.960982910000000174e+03,4.299828999999999724e+01,4.666589839999999640e+03,4.729264650000000074e+03,-6.267481000000043423e+01,4.344484380000000237e+05,4.280560619999999763e+05,6.392376000000047497e+03,8.913887699999999313e+03,8.913887699999999313e+03,0.000000000000000000e+00,5.514585500000000000e+06,5.481645000000000000e+06,3.294050000000000000e+04,1.586811120000000112e+06,1.631557120000000112e+06,-4.474600000000000000e+04,8.218186880000000000e+08,8.175098880000000000e+08,4.308800000000000000e+06,3.356091920000000073e+02,3.367685240000000135e+02,-1.159332000000006246e+00
9.820000000000000000e+02,3.174277099999999791e+03,3.170490229999999883e+03,3.786869999999908032e+00,5.567598140000000058e+03,5.567731450000000223e+03,-1.333100000001650187e-01,4.596705619999999763e+05,4.605331880000000237e+05,-8.626260000000474975e+02,1.071357519999999931e+04,1.071357519999999931e+04,0.000000000000000000e+00,5.517759500000000000e+06,5.484815500000000000e+06,3.294400000000000000e+04,1.592378750000000000e+06,1.637124879999999888e+06,-4.474612999999988824e+04,8.222783360000000000e+08,8.179704320000000000e+08,4.307904000000000000e+06,3.357286379999999895e+02,3.368823849999999993e+02,-1.153747000000009848e+00
9.910000000000000000e+02,2.965345949999999903e+03,2.980213380000000143e+03,-1.486743000000024040e+01,5.869657710000000407e+03,5.842945800000000418e+03,2.671190999999998894e+01,4.284943439999999828e+05,4.322259060000000172e+05,-3.731562000000034459e+03,1.071357519999999931e+04,1.071357519999999931e+04,0.000000000000000000e+00,5.544772500000000000e+06,5.512084500000000000e+06,3.268800000000000000e+04,1.644735750000000000e+06,1.689064750000000000e+06,-4.432900000000000000e+04,8.261834240000000000e+08,8.219269760000000000e+08,4.256448000000000000e+06,3.366248780000000238e+02,3.377707819999999970e+02,-1.145903999999973166e+00
9.940000000000000000e+02,3.004861820000000080e+03,2.967000239999999849e+03,3.786158000000023094e+01,5.138644529999999577e+03,5.198053219999999783e+03,-5.940869000000020606e+01,4.342105310000000172e+05,4.280357500000000000e+05,6.174781000000017229e+03,8.224934569999999439e+03,8.224934569999999439e+03,0.000000000000000000e+00,5.553787000000000000e+06,5.520954500000000000e+06,3.283250000000000000e+04,1.660151620000000112e+06,1.704703879999999888e+06,-4.455225999999977648e+04,8.274860160000000000e+08,8.232064640000000000e+08,4.279552000000000000e+06,3.358504940000000261e+02,3.369884030000000052e+02,-1.137908999999979187e+00
9.980000000000000000e+02,3.247004879999999957e+03,3.184191159999999854e+03,6.281372000000010303e+01,4.776960449999999582e+03,4.874439449999999852e+03,-9.747900000000026921e+01,4.733203750000000000e+05,4.623434380000000237e+05,1.097693699999997625e+04,8.224934569999999439e+03,8.224934569999999439e+03,0.000000000000000000e+00,5.566775000000000000e+06,5.533677500000000000e+06,3.309750000000000000e+04,1.679259500000000000e+06,1.724222250000000000e+06,-4.496275000000000000e+04,8.293793280000000000e+08,8.250536320000000000e+08,4.325696000000000000e+06,3.348223570000000109e+02,3.359642939999999953e+02,-1.141936999999984437e+00
1.001000000000000000e+03,3.209168700000000172e+03,3.170848140000000058e+03,3.832056000000011409e+01,4.833997070000000349e+03,4.895625979999999799e+03,-6.162890999999945052e+01,4.671002810000000172e+05,4.598678750000000000e+05,7.232406000000017229e+03,8.224934569999999439e+03,8.224934569999999439e+03,0.000000000000000000e+00,5.576402500000000000e+06,5.543219500000000000e+06,3.318300000000000000e+04,1.693761500000000000e+06,1.738867120000000112e+06,-4.510562000000011176e+04,8.307806080000000000e+08,8.264375040000000000e+08,4.343104000000000000e+06,3.340581670000000258e+02,3.352022089999999821e+02,-1.144041999999956261e+00
1.011000000000000000e+03,3.947810059999999794e+03,3.907768070000000080e+03,4.004198999999971420e+01,6.272931150000000343e+03,6.341939449999999852e+03,-6.900829999999950815e+01,5.751279379999999655e+05,5.662972500000000000e+05,8.830687999999965541e+03,1.389426660000000084e+04,1.389426660000000084e+04,0.000000000000000000e+00,5.616565000000000000e+06,5.583174500000000000e+06,3.339050000000000000e+04,1.755501620000000112e+06,1.801026500000000000e+06,-4.552487999999988824e+04,8.366342400000000000e+08,8.322282240000000000e+08,4.406016000000000000e+06,3.372852480000000241e+02,3.385157469999999762e+02,-1.230498999999952048e+00
1.021000000000000000e+03,3.983580809999999929e+03,3.934422360000000026e+03,4.915844999999990250e+01,6.797433589999999640e+03,6.879011230000000069e+03,-8.157764000000042870e+01,5.805561879999999655e+05,5.704287500000000000e+05,1.012743799999996554e+04,1.259207419999999911e+04,1.259207419999999911e+04,0.000000000000000000e+00,5.656401000000000000e+06,5.623030000000000000e+06,3.337100000000000000e+04,1.823476000000000000e+06,1.869083750000000000e+06,-4.560775000000000000e+04,8.424398080000000000e+08,8.380064640000000000e+08,4.433344000000000000e+06,3.369543459999999868e+02,3.382506710000000112e+02,-1.296325000000024374e+00
1.031000000000000000e+03,3.948852539999999863e+03,3.877409180000000106e+03,7.144335999999975684e+01,7.112290039999999863e+03,7.225160640000000058e+03,-1.128706000000001950e+02,5.756405000000000000e+05,5.624127500000000000e+05,1.322775000000000000e+04,1.300597170000000006e+04,1.300597170000000006e+04,0.000000000000000000e+00,5.695889500000000000e+06,5.662192500000000000e+06,3.369700000000000000e+04,1.894598879999999888e+06,1.940779879999999888e+06,-4.618100000000000000e+04,8.481961600000000000e+08,8.436863360000000000e+08,4.509824000000000000e+06,3.369580690000000232e+02,3.383153080000000159e+02,-1.357238999999992757e+00
1.041000000000000000e+03,3.909313720000000103e+03,3.820595460000000003e+03,8.871826000000010026e+01,7.089846679999999651e+03,7.228254880000000412e+03,-1.384082000000007611e+02,5.704493120000000345e+05,5.546143750000000000e+05,1.583493700000003446e+04,1.108626460000000043e+04,1.108626460000000043e+04,0.000000000000000000e+00,5.734982500000000000e+06,5.700500500000000000e+06,3.448200000000000000e+04,1.965497379999999888e+06,2.012919750000000000e+06,-4.742237000000011176e+04,8.539006720000000000e+08,8.492454400000000000e+08,4.655232000000000000e+06,3.334395139999999742e+02,3.348093870000000152e+02,-1.369873000000040975e+00
1.051000000000000000e+03,3.266797849999999926e+03,3.236125000000000000e+03,3.067284999999992579e+01,6.416948730000000069e+03,6.466086909999999989e+03,-4.913817999999992026e+01,4.756423439999999828e+05,4.697229060000000172e+05,5.919437999999965541e+03,1.166610640000000058e+04,1.166610640000000058e+04,0.000000000000000000e+00,5.767650500000000000e+06,5.733035000000000000e+06,3.461550000000000000e+04,2.029666879999999888e+06,2.077328620000000112e+06,-4.766174000000022352e+04,8.586570880000000000e+08,8.539684480000000000e+08,4.688640000000000000e+06,3.342946469999999977e+02,3.356659549999999967e+02,-1.371307999999999083e+00
1.061000000000000000e+03,3.536681880000000092e+03,3.472814210000000003e+03,6.386767000000008920e+01,6.744937500000000000e+03,6.844977539999999863e+03,-1.000400399999998626e+02,5.156727500000000000e+05,5.040921880000000237e+05,1.158056199999997625e+04,1.083416890000000058e+04,1.083416890000000058e+04,0.000000000000000000e+00,5.803017500000000000e+06,5.767780500000000000e+06,3.523700000000000000e+04,2.097116250000000000e+06,2.145752750000000000e+06,-4.863650000000000000e+04,8.638138240000000000e+08,8.590116480000000000e+08,4.802176000000000000e+06,3.322451479999999719e+02,3.336129460000000222e+02,-1.367798000000050251e+00
1.071000000000000000e+03,3.584153809999999794e+03,3.509664789999999812e+03,7.448901999999998225e+01,7.463475590000000011e+03,7.576223140000000058e+03,-1.127475500000000466e+02,5.218527500000000000e+05,5.091813750000000000e+05,1.267137500000000000e+04,1.462732519999999931e+04,1.462732519999999931e+04,0.000000000000000000e+00,5.838859000000000000e+06,5.803673500000000000e+06,3.518550000000000000e+04,2.171751000000000000e+06,2.220366750000000000e+06,-4.861575000000000000e+04,8.690323840000000000e+08,8.642208000000000000e+08,4.811584000000000000e+06,3.358386229999999841e+02,3.372851259999999911e+02,-1.446503000000006978e+00
1.081000000000000000e+03,3.469626220000000103e+03,3.387318119999999908e+03,8.230810000000019500e+01,7.294900389999999788e+03,7.420278320000000349e+03,-1.253779300000005605e+02,5.052360619999999763e+05,4.912063439999999828e+05,1.402971799999999348e+04,1.216080370000000039e+04,1.216080370000000039e+04,0.000000000000000000e+00,5.873555000000000000e+06,5.837705000000000000e+06,3.585000000000000000e+04,2.244700000000000000e+06,2.294341500000000000e+06,-4.964150000000000000e+04,8.740847360000000000e+08,8.691560320000000000e+08,4.928704000000000000e+06,3.353743289999999888e+02,3.368569340000000238e+02,-1.482605000000035034e+00
1.091000000000000000e+03,3.454691159999999854e+03,3.359785890000000109e+03,9.490526999999974578e+01,7.454783199999999852e+03,7.598632319999999709e+03,-1.438491199999998571e+02,5.030328750000000000e+05,4.871638439999999828e+05,1.586903100000001723e+04,1.258611520000000019e+04,1.258611520000000019e+04,0.000000000000000000e+00,5.908102000000000000e+06,5.871586000000000000e+06,3.651600000000000000e+04,2.319247750000000000e+06,2.369920500000000000e+06,-5.067275000000000000e+04,8.791150720000000000e+08,8.740689920000000000e+08,5.046080000000000000e+06,3.354777829999999881e+02,3.369937130000000138e+02,-1.515930000000025757e+00
1.101000000000000000e+03,3.343865719999999783e+03,3.250008539999999812e+03,9.385717999999997119e+01,7.417640620000000126e+03,7.559712889999999788e+03,-1.420722699999996621e+02,4.867289060000000172e+05,4.711160310000000172e+05,1.561287500000000000e+04,1.232684770000000026e+04,1.232684859999999935e+04,-8.999999990919604897e-04,5.941540500000000000e+06,5.904304500000000000e+06,3.723600000000000000e+04,2.393424250000000000e+06,2.445202250000000000e+06,-5.177800000000000000e+04,8.839823360000000000e+08,8.788123520000000000e+08,5.169984000000000000e+06,3.354949340000000007e+02,3.370356140000000096e+02,-1.540680000000008931e+00
1.111000000000000000e+03,3.288447270000000117e+03,3.202942869999999857e+03,8.550440000000025975e+01,7.676859859999999571e+03,7.805991210000000137e+03,-1.291313500000005661e+02,4.784022810000000172e+05,4.643074380000000237e+05,1.409484299999999348e+04,1.246158200000000033e+04,1.246158200000000033e+04,0.000000000000000000e+00,5.974425000000000000e+06,5.936597000000000000e+06,3.782800000000000000e+04,2.470192750000000000e+06,2.522881750000000000e+06,-5.268900000000000000e+04,8.887663360000000000e+08,8.834942080000000000e+08,5.272128000000000000e+06,3.354066159999999854e+02,3.369655460000000176e+02,-1.558930000000032123e+00
1.121000000000000000e+03,3.271293209999999817e+03,3.179915530000000217e+03,9.137767999999960011e+01,7.719857909999999720e+03,7.858130369999999857e+03,-1.382724600000001374e+02,4.758900939999999828e+05,4.607443750000000000e+05,1.514571899999998277e+04,1.234624020000000019e+04,1.234624020000000019e+04,0.000000000000000000e+00,6.007138000000000000e+06,5.968558500000000000e+06,3.857950000000000000e+04,2.547391250000000000e+06,2.601227750000000000e+06,-5.383650000000000000e+04,8.935252480000000000e+08,8.881258880000000000e+08,5.399360000000000000e+06,3.351146550000000275e+02,3.366745910000000208e+02,-1.559935999999993328e+00
1.131000000000000000e+03,2.420138179999999920e+03,2.392765620000000126e+03,2.737255999999979394e+01,5.883619139999999788e+03,5.926222170000000006e+03,-4.260303000000021711e+01,3.511709060000000172e+05,3.463421880000000237e+05,4.828717999999993481e+03,9.563083979999999428e+03,9.563083979999999428e+03,0.000000000000000000e+00,6.031075500000000000e+06,5.992309500000000000e+06,3.876600000000000000e+04,2.606601500000000000e+06,2.660741250000000000e+06,-5.413975000000000000e+04,8.969996800000000000e+08,8.915644160000000000e+08,5.435264000000000000e+06,3.356653749999999832e+02,3.371912229999999795e+02,-1.525847999999996318e+00
1.141000000000000000e+03,2.720301030000000083e+03,2.651103759999999966e+03,6.919727000000011685e+01,6.007616699999999582e+03,6.113054689999999937e+03,-1.054379900000003545e+02,3.958999380000000237e+05,3.840821250000000000e+05,1.181781300000002375e+04,6.684887209999999868e+03,6.684886720000000423e+03,4.899999994449899532e-04,6.058278500000000000e+06,6.018312000000000000e+06,3.996650000000000000e+04,2.666677750000000000e+06,2.722602500000000000e+06,-5.592475000000000000e+04,9.009586560000000000e+08,8.953306880000000000e+08,5.627968000000000000e+06,3.293918150000000082e+02,3.308806460000000129e+02,-1.488831000000004678e+00
1.151000000000000000e+03,2.775808590000000095e+03,2.718346190000000206e+03,5.746239999999988868e+01,6.701469729999999799e+03,6.789442869999999857e+03,-8.797314000000005763e+01,4.027980939999999828e+05,3.931785310000000172e+05,9.619562999999965541e+03,1.316696579999999994e+04,1.316696579999999994e+04,0.000000000000000000e+00,6.086573500000000000e+06,6.046240500000000000e+06,4.033300000000000000e+04,2.732911750000000000e+06,2.789422000000000000e+06,-5.651025000000000000e+04,9.050683520000000000e+08,8.993728000000000000e+08,5.695552000000000000e+06,3.342272950000000264e+02,3.356668700000000172e+02,-1.439574999999990723e+00
1.161000000000000000e+03,3.042239750000000186e+03,2.935809810000000198e+03,1.064299399999999878e+02,7.392984379999999874e+03,7.553618650000000343e+03,-1.606342700000004697e+02,4.416128750000000000e+05,4.241695939999999828e+05,1.744328100000001723e+04,1.278528709999999955e+04,1.278528609999999935e+04,1.000000000203726813e-03,6.116996000000000000e+06,6.075994000000000000e+06,4.100200000000000000e+04,2.806841750000000000e+06,2.864387000000000000e+06,-5.754525000000000000e+04,9.094844800000000000e+08,9.036731520000000000e+08,5.811328000000000000e+06,3.360971369999999752e+02,3.375845949999999789e+02,-1.487458000000003722e+00
1.171000000000000000e+03,3.077840580000000045e+03,2.952560789999999997e+03,1.252797900000000482e+02,7.558763670000000275e+03,7.746844729999999799e+03,-1.880810599999995247e+02,4.468955000000000000e+05,4.264370619999999763e+05,2.045843800000002375e+04,1.193981639999999970e+04,1.193981639999999970e+04,0.000000000000000000e+00,6.147774500000000000e+06,6.105700000000000000e+06,4.207450000000000000e+04,2.882429250000000000e+06,2.941595000000000000e+06,-5.916575000000000000e+04,9.139534080000000000e+08,9.079640960000000000e+08,5.989312000000000000e+06,3.359096979999999917e+02,3.374313960000000066e+02,-1.521698000000014872e+00
1.181000000000000000e+03,2.921385249999999814e+03,2.811841060000000198e+03,1.095441899999996167e+02,7.534559079999999994e+03,7.697620609999999942e+03,-1.630615299999999479e+02,4.238603750000000000e+05,4.060695619999999763e+05,1.779081300000002375e+04,1.196516699999999946e+04,1.196516699999999946e+04,0.000000000000000000e+00,6.176988500000000000e+06,6.134013000000000000e+06,4.297550000000000000e+04,2.957775000000000000e+06,3.018290750000000000e+06,-6.051575000000000000e+04,9.181920000000000000e+08,9.120535040000000000e+08,6.138496000000000000e+06,3.362951049999999782e+02,3.378426509999999894e+02,-1.547546000000011190e+00
1.191000000000000000e+03,3.051111820000000080e+03,2.909109860000000026e+03,1.420019600000000537e+02,7.883717289999999593e+03,8.094887209999999868e+03,-2.111699200000002747e+02,4.428489380000000237e+05,4.199857189999999828e+05,2.286321900000004098e+04,1.222009079999999994e+04,1.222009079999999994e+04,0.000000000000000000e+00,6.207499500000000000e+06,6.163311500000000000e+06,4.418800000000000000e+04,3.036612000000000000e+06,3.098939750000000000e+06,-6.232775000000000000e+04,9.226204800000000000e+08,9.162837760000000000e+08,6.336704000000000000e+06,3.360652469999999994e+02,3.376350400000000036e+02,-1.569793000000004213e+00
1.201000000000000000e+03,3.016632810000000063e+03,2.871804689999999937e+03,1.448281200000001263e+02,8.007469240000000354e+03,8.222027340000000549e+03,-2.145581000000001950e+02,4.376968119999999763e+05,4.144923119999999763e+05,2.320450000000000000e+04,1.240209280000000035e+04,1.240209280000000035e+04,0.000000000000000000e+00,6.237666000000000000e+06,6.192245500000000000e+06,4.542050000000000000e+04,3.116686750000000000e+06,3.180848500000000000e+06,-6.416175000000000000e+04,9.269974400000000000e+08,9.204604160000000000e+08,6.537024000000000000e+06,3.360209960000000251e+02,3.376094059999999786e+02,-1.588409999999953470e+00
1.211000000000000000e+03,2.953088380000000143e+03,2.815405760000000100e+03,1.376826200000000426e+02,8.140214359999999942e+03,8.344083010000000286e+03,-2.038686500000003434e+02,4.282702500000000000e+05,4.063160000000000000e+05,2.195425000000000000e+04,1.244198830000000089e+04,1.244198730000000069e+04,1.000000000203726813e-03,6.267196500000000000e+06,6.220592000000000000e+06,4.660450000000000000e+04,3.198089000000000000e+06,3.264012000000000000e+06,-6.592300000000000000e+04,9.312801920000000000e+08,9.245518080000000000e+08,6.728384000000000000e+06,3.360032649999999990e+02,3.376031489999999735e+02,-1.599883999999974549e+00
1.221000000000000000e+03,2.921678710000000137e+03,2.775549070000000029e+03,1.461296400000001086e+02,8.136707029999999577e+03,8.352840819999999439e+03,-2.161337899999998626e+02,4.236424380000000237e+05,4.004080000000000000e+05,2.323443800000002375e+04,1.229688869999999952e+04,1.229688869999999952e+04,0.000000000000000000e+00,6.296413500000000000e+06,6.248497500000000000e+06,4.791600000000000000e+04,3.279456000000000000e+06,3.347323250000000000e+06,-6.786725000000000000e+04,9.355166080000000000e+08,9.285780480000000000e+08,6.938560000000000000e+06,3.358334050000000275e+02,3.374442440000000261e+02,-1.610838999999998578e+00
1.231000000000000000e+03,2.899086179999999786e+03,2.737575679999999920e+03,1.615104999999998654e+02,8.062095210000000407e+03,8.300614260000000286e+03,-2.385190499999998792e+02,4.203355000000000000e+05,3.947347189999999828e+05,2.560078100000001723e+04,1.212650979999999981e+04,1.212650979999999981e+04,0.000000000000000000e+00,6.325404500000000000e+06,6.276006500000000000e+06,4.939800000000000000e+04,3.360077000000000000e+06,3.430137000000000000e+06,-7.006000000000000000e+04,9.397199360000000000e+08,9.325450240000000000e+08,7.174912000000000000e+06,3.355641479999999888e+02,3.371850279999999884e+02,-1.620879999999999654e+00
1.241000000000000000e+03,2.865254879999999957e+03,2.699869380000000092e+03,1.653854999999998654e+02,8.123729000000000269e+03,8.367187500000000000e+03,-2.434584999999997308e+02,4.153378439999999828e+05,3.892459689999999828e+05,2.609187500000000000e+04,1.199127640000000065e+04,1.199127640000000065e+04,0.000000000000000000e+00,6.354057000000000000e+06,6.303108000000000000e+06,5.094900000000000000e+04,3.441314250000000000e+06,3.513660000000000000e+06,-7.234575000000000000e+04,9.438733440000000000e+08,9.364526080000000000e+08,7.420736000000000000e+06,3.350397950000000264e+02,3.366611940000000232e+02,-1.621398999999996704e+00
1.251000000000000000e+03,2.705135499999999865e+03,2.558791749999999865e+03,1.463437500000000000e+02,7.949890140000000429e+03,8.165501949999999852e+03,-2.156118099999994229e+02,3.917674380000000237e+05,3.687441880000000237e+05,2.302325000000000000e+04,1.207027829999999994e+04,1.207027829999999994e+04,0.000000000000000000e+00,6.381108000000000000e+06,6.328853500000000000e+06,5.225450000000000000e+04,3.520813250000000000e+06,3.595086750000000000e+06,-7.427350000000000000e+04,9.477909760000000000e+08,9.401634560000000000e+08,7.627520000000000000e+06,3.354872129999999970e+02,3.371132200000000125e+02,-1.626007000000015523e+00
1.261000000000000000e+03,2.819806399999999940e+03,2.641689449999999852e+03,1.781169500000000880e+02,8.226890620000000126e+03,8.488962890000000698e+03,-2.620722700000005716e+02,4.085262189999999828e+05,3.805502189999999828e+05,2.797600000000000000e+04,1.208146479999999974e+04,1.208146479999999974e+04,0.000000000000000000e+00,6.409306500000000000e+06,6.355396000000000000e+06,5.391050000000000000e+04,3.603082000000000000e+06,3.679793750000000000e+06,-7.671175000000000000e+04,9.518762880000000000e+08,9.439876480000000000e+08,7.888640000000000000e+06,3.350815430000000106e+02,3.367073060000000169e+02,-1.625763000000006286e+00
1.271000000000000000e+03,1.768489139999999907e+03,1.721338749999999891e+03,4.715039000000001579e+01,5.363458499999999731e+03,5.433371089999999640e+03,-6.991258999999990920e+01,2.553427969999999914e+05,2.477345940000000119e+05,7.608202999999979511e+03,7.770015140000000429e+03,7.770015140000000429e+03,0.000000000000000000e+00,6.426518500000000000e+06,6.372259000000000000e+06,5.425950000000000000e+04,3.657400500000000000e+06,3.734630250000000000e+06,-7.722975000000000000e+04,9.543591680000000000e+08,9.464144000000000000e+08,7.944768000000000000e+06,3.350122989999999845e+02,3.365914000000000215e+02,-1.579101000000036947e+00
1.281000000000000000e+03,3.312291559999999890e+02,4.069633479999999963e+02,-7.573419200000000728e+01,1.209780029999999897e+03,1.099159300000000030e+03,1.106207299999998668e+02,4.691839450000000215e+04,5.847030859999999666e+04,-1.155191409999999451e+04,1.792692019999999957e+03,1.792692019999999957e+03,0.000000000000000000e+00,6.429466000000000000e+06,6.375921500000000000e+06,5.354450000000000000e+04,3.670022500000000000e+06,3.746208500000000000e+06,-7.618600000000000000e+04,9.547749120000000000e+08,9.469395840000000000e+08,7.835328000000000000e+06,3.360238650000000007e+02,3.373767090000000053e+02,-1.352844000000004598e+00
1.291000000000000000e+03,9.556035769999999729e+02,9.596004030000000284e+02,-3.996826000000055501e+00,2.226541499999999814e+03,2.221023679999999786e+03,5.517820000000028813e+00,1.374401879999999946e+05,1.378414690000000119e+05,-4.012810000000172295e+02,3.565187989999999900e+03,3.565187989999999900e+03,0.000000000000000000e+00,6.439022000000000000e+06,6.385377000000000000e+06,5.364500000000000000e+04,3.692287750000000000e+06,3.768618750000000000e+06,-7.633100000000000000e+04,9.561493120000000000e+08,9.482981120000000000e+08,7.851200000000000000e+06,3.364790949999999725e+02,3.377221680000000106e+02,-1.243073000000038064e+00
1.301000000000000000e+03,8.902828980000000456e+02,8.978072509999999511e+02,-7.524352999999905478e+00,2.004906860000000052e+03,1.994892209999999977e+03,1.001465000000007421e+01,1.280546950000000070e+05,1.289365779999999941e+05,-8.818829999999870779e+02,3.508599610000000212e+03,3.508599610000000212e+03,0.000000000000000000e+00,6.447843000000000000e+06,6.394227500000000000e+06,5.361550000000000000e+04,3.712446500000000000e+06,3.788749000000000000e+06,-7.630250000000000000e+04,9.574199040000000000e+08,9.495694720000000000e+08,7.850432000000000000e+06,3.373897400000000175e+02,3.385097959999999944e+02,-1.120055999999976848e+00
1.311000000000000000e+03,1.023098330000000033e+03,1.016716549999999984e+03,6.381780000000048858e+00,2.120960450000000037e+03,2.131313230000000203e+03,-1.035278000000016618e+01,1.471582190000000119e+05,1.458662190000000119e+05,1.292000000000000000e+03,3.549545900000000074e+03,3.549546139999999923e+03,-2.399999998488056008e-04,6.458074000000000000e+06,6.404294500000000000e+06,5.377950000000000000e+04,3.733656000000000000e+06,3.810203750000000000e+06,-7.654775000000000000e+04,9.588914560000000000e+08,9.510142080000000000e+08,7.877248000000000000e+06,3.376930540000000178e+02,3.387183840000000146e+02,-1.025329999999996744e+00
1.321000000000000000e+03,2.894781250000000000e+03,2.672728999999999814e+03,2.220522500000001855e+02,6.354648439999999937e+03,6.682991210000000137e+03,-3.283427700000002005e+02,4.187867189999999828e+05,3.836708750000000000e+05,3.511584399999998277e+04,1.054449020000000019e+04,1.054449020000000019e+04,0.000000000000000000e+00,6.487022000000000000e+06,6.432155000000000000e+06,5.486700000000000000e+04,3.797202500000000000e+06,3.875406250000000000e+06,-7.820375000000000000e+04,9.630793600000000000e+08,9.550158080000000000e+08,8.063552000000000000e+06,3.375913090000000238e+02,3.386797490000000153e+02,-1.088439999999991414e+00
1.331000000000000000e+03,3.055894040000000132e+03,2.828126459999999952e+03,2.277675800000001800e+02,7.831484859999999571e+03,8.167482420000000275e+03,-3.359975600000007034e+02,4.419281880000000237e+05,4.060359380000000237e+05,3.589225000000000000e+04,1.214789359999999942e+04,1.214789450000000033e+04,-9.000000009109498933e-04,6.517581000000000000e+06,6.461316000000000000e+06,5.626500000000000000e+04,3.875517500000000000e+06,3.955818750000000000e+06,-8.030125000000000000e+04,9.674986240000000000e+08,9.592034560000000000e+08,8.295168000000000000e+06,3.372019040000000132e+02,3.383511050000000182e+02,-1.149201000000005024e+00
1.341000000000000000e+03,2.881639889999999923e+03,2.652705320000000029e+03,2.289345699999998942e+02,7.773802730000000338e+03,8.109906250000000000e+03,-3.361035199999996621e+02,4.165346880000000237e+05,3.807647810000000172e+05,3.576990700000000652e+04,1.163160939999999937e+04,1.163160939999999937e+04,0.000000000000000000e+00,6.546397500000000000e+06,6.488318500000000000e+06,5.807900000000000000e+04,3.953255500000000000e+06,4.036238250000000000e+06,-8.298275000000000000e+04,9.716640000000000000e+08,9.630790400000000000e+08,8.584960000000000000e+06,3.364721680000000106e+02,3.376771239999999921e+02,-1.204955999999981486e+00
1.351000000000000000e+03,2.929759770000000117e+03,2.659843019999999797e+03,2.699167500000003201e+02,8.011091800000000148e+03,8.406595699999999852e+03,-3.955038999999997031e+02,4.235589380000000237e+05,3.817622500000000000e+05,4.179668800000002375e+04,1.195434859999999935e+04,1.195434959999999955e+04,-1.000000000203726813e-03,6.575695000000000000e+06,6.515321500000000000e+06,6.037350000000000000e+04,4.033366500000000000e+06,4.119726000000000000e+06,-8.635950000000000000e+04,9.758995840000000000e+08,9.669543680000000000e+08,8.945216000000000000e+06,3.357818599999999947e+02,3.370482789999999795e+02,-1.266418999999984862e+00
1.361000000000000000e+03,2.881827389999999923e+03,2.593358639999999923e+03,2.884687500000000000e+02,8.067028320000000349e+03,8.487960940000000846e+03,-4.209326200000004974e+02,4.165017500000000000e+05,3.721872500000000000e+05,4.431450000000000000e+04,1.197662399999999980e+04,1.197662399999999980e+04,0.000000000000000000e+00,6.604513000000000000e+06,6.541613500000000000e+06,6.289950000000000000e+04,4.114036750000000000e+06,4.204093000000000000e+06,-9.005625000000000000e+04,9.800645760000000000e+08,9.707273600000000000e+08,9.337216000000000000e+06,3.351185909999999808e+02,3.364482419999999934e+02,-1.329651000000012573e+00
1.371000000000000000e+03,2.786085210000000188e+03,2.502556399999999940e+03,2.835288100000002487e+02,7.979220699999999852e+03,8.393938480000000709e+03,-4.147177800000008574e+02,4.025028119999999763e+05,3.591009689999999828e+05,4.340184299999999348e+04,1.183228219999999965e+04,1.183228219999999965e+04,0.000000000000000000e+00,6.632374000000000000e+06,6.566763000000000000e+06,6.561100000000000000e+04,4.193829000000000000e+06,4.287854500000000000e+06,-9.402550000000000000e+04,9.840896000000000000e+08,9.743361920000000000e+08,9.753408000000000000e+06,3.347080080000000066e+02,3.360752259999999865e+02,-1.367217999999979838e+00
1.381000000000000000e+03,2.342526370000000043e+03,2.158454349999999977e+03,1.840720200000000659e+02,7.407386720000000423e+03,7.675983400000000074e+03,-2.685966799999996510e+02,3.377548750000000000e+05,3.097450939999999828e+05,2.800978100000001723e+04,1.092524409999999989e+04,1.092524409999999989e+04,0.000000000000000000e+00,6.655799000000000000e+06,6.588435500000000000e+06,6.736350000000000000e+04,4.267903000000000000e+06,4.364487500000000000e+06,-9.658450000000000000e+04,9.874671360000000000e+08,9.774465280000000000e+08,1.002060800000000000e+07,3.350683290000000056e+02,3.364539790000000039e+02,-1.385649999999998272e+00
1.391000000000000000e+03,8.208001100000000179e+02,8.511188349999999900e+02,-3.031872499999997217e+01,2.880035640000000058e+03,2.835601320000000214e+03,4.443431999999984328e+01,1.172991019999999990e+05,1.219952580000000016e+05,-4.696156000000002678e+03,4.080929439999999886e+03,4.080929689999999937e+03,-2.500000000509317033e-04,6.663396000000000000e+06,6.596467500000000000e+06,6.692850000000000000e+04,4.297587000000000000e+06,4.393533000000000000e+06,-9.594600000000000000e+04,9.885490560000000000e+08,9.785968640000000000e+08,9.952192000000000000e+06,3.355360109999999736e+02,3.368028560000000198e+02,-1.266845000000046184e+00
1.401000000000000000e+03,0.000000000000000000e+00,0.000000000000000000e+00,0.000000000000000000e+00,0.000000000000000000e+00,0.000000000000000000e+00,0.000000000000000000e+00,0.000000000000000000e+00,0.000000000000000000e+00,0.000000000000000000e+00,0.000000000000000000e+00,0.000000000000000000e+00,0.000000000000000000e+00,6.663396000000000000e+06,6.596467500000000000e+06,6.692850000000000000e+04,4.297587000000000000e+06,4.393533000000000000e+06,-9.594600000000000000e+04,9.885490560000000000e+08,9.785968640000000000e+08,9.952192000000000000e+06,3.364461059999999861e+02,3.375312190000000214e+02,-1.085113000000035299e+00
1.411000000000000000e+03,1.556295290000000023e+03,1.502591920000000073e+03,5.370336999999994987e+01,4.121027829999999994e+03,4.199241210000000137e+03,-7.821338000000014290e+01,2.235714219999999914e+05,2.154854219999999914e+05,8.086000000000000000e+03,6.226704099999999926e+03,6.226704099999999926e+03,0.000000000000000000e+00,6.679062500000000000e+06,6.611899000000000000e+06,6.716350000000000000e+04,4.338660500000000000e+06,4.434947000000000000e+06,-9.628650000000000000e+04,9.907969280000000000e+08,9.808101120000000000e+08,9.986816000000000000e+06,3.363667909999999779e+02,3.374129029999999716e+02,-1.046111999999993714e+00
1.421000000000000000e+03,2.678735110000000077e+03,2.427326900000000023e+03,2.514082100000000537e+02,7.248074709999999868e+03,7.614493159999999989e+03,-3.664184500000001208e+02,3.860263750000000000e+05,3.480184380000000237e+05,3.800793699999997625e+04,1.092266990000000078e+04,1.092266990000000078e+04,0.000000000000000000e+00,6.705850000000000000e+06,6.637033500000000000e+06,6.881650000000000000e+04,4.411141500000000000e+06,4.509854000000000000e+06,-9.871250000000000000e+04,9.946572160000000000e+08,9.844157440000000000e+08,1.024147200000000000e+07,3.358616030000000023e+02,3.369381099999999947e+02,-1.076506999999992331e+00
1.431000000000000000e+03,1.315800539999999955e+03,1.284405269999999973e+03,3.139526999999998225e+01,3.931452639999999974e+03,3.977192379999999957e+03,-4.573973999999998341e+01,1.886129530000000086e+05,1.838332030000000086e+05,4.779750000000000000e+03,5.950221679999999651e+03,5.950221679999999651e+03,0.000000000000000000e+00,6.718768000000000000e+06,6.649579000000000000e+06,6.918900000000000000e+04,4.450802500000000000e+06,4.550053500000000000e+06,-9.925100000000000000e+04,9.965075200000000000e+08,9.862112000000000000e+08,1.029632000000000000e+07,3.362611689999999953e+02,3.373111269999999990e+02,-1.049958000000003722e+00
1.441000000000000000e+03,9.855114750000000186e+02,9.685358280000000377e+02,1.697564699999998084e+01,2.483540039999999863e+03,2.508502440000000206e+03,-2.496240000000034343e+01,1.411039379999999946e+05,1.383517030000000086e+05,2.752234999999986030e+03,3.866388669999999820e+03,3.866388669999999820e+03,0.000000000000000000e+00,6.728403500000000000e+06,6.658968000000000000e+06,6.943550000000000000e+04,4.475954000000000000e+06,4.575562500000000000e+06,-9.960850000000000000e+04,9.978862720000000000e+08,9.875521920000000000e+08,1.033408000000000000e+07,3.365451659999999947e+02,3.375165709999999990e+02,-9.714050000000042928e-01
1.451000000000000000e+03,2.347975339999999960e+03,2.118147710000000188e+03,2.298276299999997718e+02,5.934750000000000000e+03,6.270219240000000354e+03,-3.354692400000003545e+02,3.380395939999999828e+05,3.030258750000000000e+05,3.501371899999998277e+04,9.254519529999999577e+03,9.254520510000000286e+03,-9.800000007089693099e-04,6.751883500000000000e+06,6.680831500000000000e+06,7.105200000000000000e+04,4.535301500000000000e+06,4.637286000000000000e+06,-1.019845000000000000e+05,1.001266690000000000e+09,9.906812160000000000e+08,1.058547400000000000e+07,3.363757019999999898e+02,3.373896480000000224e+02,-1.013946000000032654e+00
1.461000000000000000e+03,1.692590449999999919e+03,1.581584839999999986e+03,1.110056099999999333e+02,4.676281740000000354e+03,4.838353030000000217e+03,-1.620712899999998626e+02,2.429782190000000119e+05,2.260558910000000033e+05,1.692232800000000861e+04,7.166776369999999588e+03,7.166776369999999588e+03,0.000000000000000000e+00,6.768798500000000000e+06,6.696631000000000000e+06,7.216750000000000000e+04,4.582080000000000000e+06,4.685692000000000000e+06,-1.036120000000000000e+05,1.003694850000000000e+09,9.929396480000000000e+08,1.075520200000000000e+07,3.365650330000000281e+02,3.375920719999999733e+02,-1.027038999999945190e+00
1.471000000000000000e+03,8.443573609999999690e+02,8.415505980000000363e+02,2.806762999999932617e+00,2.402215329999999994e+03,2.406215329999999994e+03,-4.000000000000000000e+00,1.206907580000000016e+05,1.202558910000000033e+05,4.348669999999983702e+02,3.470345949999999903e+03,3.470345949999999903e+03,0.000000000000000000e+00,6.776917000000000000e+06,6.704714500000000000e+06,7.220250000000000000e+04,4.606570500000000000e+06,4.710230000000000000e+06,-1.036595000000000000e+05,1.004853700000000000e+09,9.940944000000000000e+08,1.075930000000000000e+07,3.366199340000000007e+02,3.375608219999999733e+02,-9.408879999999726351e-01
1.481000000000000000e+03,1.593431640000000016e+03,1.481143919999999980e+03,1.122877200000000357e+02,4.047544190000000071e+03,4.211356450000000223e+03,-1.638122600000001512e+02,2.288107500000000000e+05,2.117394530000000086e+05,1.707129699999999139e+04,5.853770999999999731e+03,5.853770999999999731e+03,0.000000000000000000e+00,6.792851500000000000e+06,6.719658000000000000e+06,7.319350000000000000e+04,4.647046000000000000e+06,4.752154000000000000e+06,-1.051080000000000000e+05,1.007141760000000000e+09,9.962307840000000000e+08,1.091097600000000000e+07,3.357079469999999901e+02,3.366615909999999872e+02,-9.536439999999970496e-01
1.491000000000000000e+03,2.039985230000000001e+03,1.869916019999999889e+03,1.700692100000001119e+02,5.636852539999999863e+03,5.883830570000000080e+03,-2.469780300000002171e+02,2.928744060000000172e+05,2.672609060000000172e+05,2.561350000000000000e+04,9.259371090000000549e+03,9.259371090000000549e+03,0.000000000000000000e+00,6.813251500000000000e+06,6.738866500000000000e+06,7.438500000000000000e+04,4.703414500000000000e+06,4.810261000000000000e+06,-1.068465000000000000e+05,1.010070530000000000e+09,9.989774080000000000e+08,1.109312200000000000e+07,3.370787659999999732e+02,3.380188289999999824e+02,-9.400630000000091968e-01
1.501000000000000000e+03,1.930694819999999936e+03,1.896748170000000073e+03,3.394664999999986321e+01,6.356499509999999646e+03,6.402505860000000212e+03,-4.600635000000056607e+01,2.781468119999999763e+05,2.739859380000000237e+05,4.160873999999952503e+03,9.326691409999999451e+03,9.326691409999999451e+03,0.000000000000000000e+00,6.832558500000000000e+06,6.758274000000000000e+06,7.428450000000000000e+04,4.766979500000000000e+06,4.873665500000000000e+06,-1.066860000000000000e+05,1.012851970000000000e+09,1.001778620000000000e+09,1.107335000000000000e+07,3.374965819999999894e+02,3.384374389999999835e+02,-9.408569999999940592e-01
1.511000000000000000e+03,2.092919190000000071e+03,2.043530520000000024e+03,4.938867000000004737e+01,6.981231450000000223e+03,7.051077150000000074e+03,-6.984569999999985157e+01,3.019385310000000172e+05,2.950138750000000000e+05,6.924656000000017229e+03,1.005018260000000009e+04,1.005018260000000009e+04,0.000000000000000000e+00,6.853756000000000000e+06,6.778970000000000000e+06,7.478600000000000000e+04,4.836407500000000000e+06,4.943801500000000000e+06,-1.073940000000000000e+05,1.015910400000000000e+09,1.004766530000000000e+09,1.114387000000000000e+07,3.374928279999999745e+02,3.384644470000000069e+02,-9.716190000000324289e-01
1.521000000000000000e+03,2.017659419999999955e+03,1.954350709999999935e+03,6.330871000000001914e+01,6.895152829999999994e+03,6.984784179999999651e+03,-8.963134999999965657e+01,2.909052500000000000e+05,2.820794689999999828e+05,8.825781000000017229e+03,9.625472659999999451e+03,9.625473630000000412e+03,-9.700000009615905583e-04,6.873932500000000000e+06,6.798666500000000000e+06,7.526600000000000000e+04,4.905359000000000000e+06,5.013430000000000000e+06,-1.080710000000000000e+05,1.018819460000000000e+09,1.007609410000000000e+09,1.121005000000000000e+07,3.370907290000000103e+02,3.380847779999999716e+02,-9.940489999999613246e-01
1.531000000000000000e+03,2.008427120000000059e+03,1.934608760000000075e+03,7.381835999999998421e+01,6.976179689999999937e+03,7.080346190000000206e+03,-1.041665000000002692e+02,2.894224060000000172e+05,2.791997500000000000e+05,1.022265600000001723e+04,9.631635739999999714e+03,9.631636720000000423e+03,-9.800000007089693099e-04,6.894016500000000000e+06,6.818122000000000000e+06,7.589450000000000000e+04,4.975121000000000000e+06,5.084076500000000000e+06,-1.089555000000000000e+05,1.021713660000000000e+09,1.010417220000000000e+09,1.129644000000000000e+07,3.366094669999999951e+02,3.376197510000000079e+02,-1.010284000000012838e+00
1.541000000000000000e+03,1.939616700000000037e+03,1.869621699999999919e+03,6.999500000000011823e+01,6.881951170000000275e+03,6.979895999999999731e+03,-9.794482999999945605e+01,2.792890000000000000e+05,2.698039060000000172e+05,9.485093999999982771e+03,9.333225590000000011e+03,9.333226559999999154e+03,-9.699999991426011547e-04,6.913413000000000000e+06,6.836884500000000000e+06,7.652850000000000000e+04,5.043940500000000000e+06,5.153780000000000000e+06,-1.098395000000000000e+05,1.024506560000000000e+09,1.013124860000000000e+09,1.138170000000000000e+07,3.359511410000000069e+02,3.369698789999999917e+02,-1.018737999999984822e+00
1.551000000000000000e+03,1.561464600000000019e+03,1.559918329999999969e+03,1.546270000000049549e+00,6.574380860000000212e+03,6.572099610000000212e+03,2.281250000000000000e+00,2.242657190000000119e+05,2.252939839999999967e+05,-1.028264999999984866e+03,8.853320309999999154e+03,8.853320309999999154e+03,0.000000000000000000e+00,6.929027500000000000e+06,6.852494500000000000e+06,7.653300000000000000e+04,5.109684500000000000e+06,5.219484500000000000e+06,-1.098000000000000000e+05,1.026749250000000000e+09,1.015379520000000000e+09,1.136973000000000000e+07,3.361438289999999824e+02,3.371519170000000258e+02,-1.008088000000043394e+00
1.561000000000000000e+03,2.053232179999999971e+03,1.960573000000000093e+03,9.265917999999987842e+01,7.174890140000000429e+03,7.304591309999999794e+03,-1.297011699999993652e+02,2.953018119999999763e+05,2.827101880000000237e+05,1.259162399999995250e+04,9.906624019999999291e+03,9.906624019999999291e+03,0.000000000000000000e+00,6.949560000000000000e+06,6.872291500000000000e+06,7.726850000000000000e+04,5.181433000000000000e+06,5.292256000000000000e+06,-1.108230000000000000e+05,1.029702270000000000e+09,1.018234180000000000e+09,1.146809000000000000e+07,3.356459659999999872e+02,3.366615300000000275e+02,-1.015564000000040323e+00
1.571000000000000000e+03,1.992151980000000094e+03,1.909862550000000056e+03,8.228943000000003849e+01,7.254142090000000280e+03,7.367851069999999709e+03,-1.137089799999994284e+02,2.862591560000000172e+05,2.753785939999999828e+05,1.088056200000003446e+04,9.957486329999999725e+03,9.957486329999999725e+03,0.000000000000000000e+00,6.969481500000000000e+06,6.891475000000000000e+06,7.800650000000000000e+04,5.253974500000000000e+06,5.365811500000000000e+06,-1.118370000000000000e+05,1.032564860000000000e+09,1.021000380000000000e+09,1.156448000000000000e+07,3.352870480000000271e+02,3.363238220000000069e+02,-1.036773999999979878e+00
1.581000000000000000e+03,1.954228389999999990e+03,1.876366819999999962e+03,7.786157000000002881e+01,7.138485840000000280e+03,7.245243650000000343e+03,-1.067578100000000632e+02,2.806200000000000000e+05,2.704902810000000172e+05,1.012971899999998277e+04,9.680341800000000148e+03,9.680342769999999291e+03,-9.699999991426011547e-04,6.989023500000000000e+06,6.910289500000000000e+06,7.873400000000000000e+04,5.325359500000000000e+06,5.438191000000000000e+06,-1.128315000000000000e+05,1.035371070000000000e+09,1.023712580000000000e+09,1.165849000000000000e+07,3.347462770000000205e+02,3.357971190000000092e+02,-1.050841999999988730e+00
1.591000000000000000e+03,1.933425539999999955e+03,1.862662229999999909e+03,7.076331000000004678e+01,7.189834469999999783e+03,7.285291500000000269e+03,-9.545703000000048633e+01,2.774578750000000000e+05,2.685489380000000237e+05,8.908936999999976251e+03,9.354589840000000549e+03,9.354589840000000549e+03,0.000000000000000000e+00,7.008358000000000000e+06,6.928937000000000000e+06,7.942100000000000000e+04,5.397258000000000000e+06,5.511013500000000000e+06,-1.137555000000000000e+05,1.038145600000000000e+09,1.026401020000000000e+09,1.174458000000000000e+07,3.335167240000000106e+02,3.345783390000000281e+02,-1.061615000000017517e+00
1.601000000000000000e+03,1.967240230000000111e+03,1.895532960000000003e+03,7.170727000000010776e+01,7.310770999999999731e+03,7.406870119999999588e+03,-9.609911999999985710e+01,2.820855000000000000e+05,2.732253119999999763e+05,8.860188000000023749e+03,1.013604199999999946e+04,1.013604199999999946e+04,0.000000000000000000e+00,7.028030000000000000e+06,6.947970000000000000e+06,8.006000000000000000e+04,5.470365500000000000e+06,5.584970500000000000e+06,-1.146050000000000000e+05,1.040966460000000000e+09,1.029144510000000000e+09,1.182195000000000000e+07,3.335208739999999921e+02,3.345890200000000050e+02,-1.068146000000012918e+00
1.611000000000000000e+03,1.878371579999999994e+03,1.818625000000000000e+03,5.974657999999999447e+01,7.064005369999999857e+03,7.142221190000000206e+03,-7.821582000000034895e+01,2.690959060000000172e+05,2.620964690000000119e+05,6.999437000000005355e+03,9.500511720000000423e+03,9.500511720000000423e+03,0.000000000000000000e+00,7.046814000000000000e+06,6.966182500000000000e+06,8.063150000000000000e+04,5.541005500000000000e+06,5.656355000000000000e+06,-1.153495000000000000e+05,1.043657470000000000e+09,1.031769280000000000e+09,1.188819000000000000e+07,3.330284730000000195e+02,3.341056209999999851e+02,-1.077147999999965577e+00
1.621000000000000000e+03,1.903138789999999972e+03,1.844844599999999900e+03,5.829419000000007145e+01,7.255791019999999662e+03,7.331300779999999577e+03,-7.550975999999991473e+01,2.724570619999999763e+05,2.658791560000000172e+05,6.577905999999959022e+03,9.601059569999999439e+03,9.601060550000000148e+03,-9.800000007089693099e-04,7.065845500000000000e+06,6.984662500000000000e+06,8.118300000000000000e+04,5.613563500000000000e+06,5.729621500000000000e+06,-1.160580000000000000e+05,1.046382020000000000e+09,1.034432700000000000e+09,1.194932000000000000e+07,3.322695620000000076e+02,3.333542790000000196e+02,-1.084717000000011922e+00
1.631000000000000000e+03,1.839535640000000058e+03,1.797628420000000006e+03,4.190722000000005210e+01,7.264038090000000011e+03,7.315369139999999788e+03,-5.133104999999977736e+01,2.630966560000000172e+05,2.590700780000000086e+05,4.026578000000008615e+03,9.692690430000000561e+03,9.692690430000000561e+03,0.000000000000000000e+00,7.084240500000000000e+06,7.002672500000000000e+06,8.156800000000000000e+04,5.686204000000000000e+06,5.802726500000000000e+06,-1.165225000000000000e+05,1.049012990000000000e+09,1.037028350000000000e+09,1.198464000000000000e+07,3.318785100000000057e+02,3.329652399999999943e+02,-1.086729999999988650e+00
1.641000000000000000e+03,1.740172119999999950e+03,1.711768679999999904e+03,2.840344000000004598e+01,6.968704099999999926e+03,7.000288569999999709e+03,-3.158446999999978289e+01,2.486508440000000119e+05,2.466361250000000000e+05,2.014719000000011874e+03,9.220133789999999863e+03,9.220133789999999863e+03,0.000000000000000000e+00,7.101642500000000000e+06,7.019793500000000000e+06,8.184900000000000000e+04,5.755891000000000000e+06,5.872723500000000000e+06,-1.168325000000000000e+05,1.051499520000000000e+09,1.039495360000000000e+09,1.200416000000000000e+07,3.314304200000000264e+02,3.325220340000000192e+02,-1.091613999999992757e+00
1.651000000000000000e+03,1.832899290000000065e+03,1.787363399999999956e+03,4.553589000000010856e+01,7.177513670000000275e+03,7.233105470000000423e+03,-5.559180000000014843e+01,2.617300780000000086e+05,2.574246719999999914e+05,4.305406000000017229e+03,9.609488279999999577e+03,9.609488279999999577e+03,0.000000000000000000e+00,7.119971500000000000e+06,7.037716000000000000e+06,8.225550000000000000e+04,5.827666000000000000e+06,5.944983500000000000e+06,-1.173175000000000000e+05,1.054116800000000000e+09,1.042076800000000000e+09,1.204000000000000000e+07,3.310621639999999957e+02,3.321564329999999927e+02,-1.094268999999997050e+00
1.661000000000000000e+03,1.781429689999999937e+03,1.748623409999999922e+03,3.280628000000001521e+01,7.285626460000000407e+03,7.322677249999999731e+03,-3.705078999999932421e+01,2.541532660000000033e+05,2.518116559999999881e+05,2.341610000000015134e+03,9.856938480000000709e+03,9.856938480000000709e+03,0.000000000000000000e+00,7.137785500000000000e+06,7.055287000000000000e+06,8.249850000000000000e+04,5.900522500000000000e+06,6.018087500000000000e+06,-1.175650000000000000e+05,1.056658300000000000e+09,1.044607490000000000e+09,1.205081000000000000e+07,3.311426089999999931e+02,3.322351990000000228e+02,-1.092590000000029704e+00
1.671000000000000000e+03,1.788343380000000025e+03,1.749241580000000113e+03,3.910179999999991196e+01,7.325653320000000349e+03,7.371401859999999942e+03,-4.574853999999959342e+01,2.549994219999999914e+05,2.518540160000000033e+05,3.145405999999988126e+03,9.254335940000000846e+03,9.254335940000000846e+03,0.000000000000000000e+00,7.155669000000000000e+06,7.072792500000000000e+06,8.287650000000000000e+04,5.973779000000000000e+06,6.091781500000000000e+06,-1.180025000000000000e+05,1.059208320000000000e+09,1.047128000000000000e+09,1.208032000000000000e+07,3.298812260000000265e+02,3.309830019999999990e+02,-1.101775999999972555e+00
1.681000000000000000e+03,1.747105589999999893e+03,1.717090329999999994e+03,3.001525999999989835e+01,7.383763670000000275e+03,7.416041989999999714e+03,-3.227831999999943946e+01,2.488677030000000086e+05,2.471090780000000086e+05,1.758625000000000000e+03,1.031988960000000043e+04,1.031989060000000063e+04,-1.000000000203726813e-03,7.173140000000000000e+06,7.090101500000000000e+06,8.303850000000000000e+04,6.047616500000000000e+06,6.165742500000000000e+06,-1.181260000000000000e+05,1.061697020000000000e+09,1.049619460000000000e+09,1.207756000000000000e+07,3.308170779999999809e+02,3.319076230000000010e+02,-1.090545000000020082e+00
1.691000000000000000e+03,1.027617430000000013e+03,1.064274539999999888e+03,-3.665710999999987507e+01,4.602507810000000063e+03,4.543357420000000275e+03,5.915038999999978842e+01,1.460769219999999914e+05,1.530525309999999881e+05,-6.975608999999996740e+03,6.092757810000000063e+03,6.092757810000000063e+03,0.000000000000000000e+00,7.183416500000000000e+06,7.100615500000000000e+06,8.280100000000000000e+04,6.093641500000000000e+06,6.211360000000000000e+06,-1.177185000000000000e+05,1.063157760000000000e+09,1.051131650000000000e+09,1.202611000000000000e+07,3.310578919999999812e+02,3.321350400000000036e+02,-1.077148000000022421e+00
1.701000000000000000e+03,0.000000000000000000e+00,0.000000000000000000e+00,0.000000000000000000e+00,0.000000000000000000e+00,0.000000000000000000e+00,0.000000000000000000e+00,0.000000000000000000e+00,0.000000000000000000e+00,0.000000000000000000e+00,0.000000000000000000e+00,0.000000000000000000e+00,0.000000000000000000e+00,7.183416500000000000e+06,7.100615500000000000e+06,8.280100000000000000e+04,6.093641500000000000e+06,6.211360000000000000e+06,-1.177185000000000000e+05,1.063157760000000000e+09,1.051131650000000000e+09,1.202611000000000000e+07,3.320377199999999789e+02,3.330123600000000010e+02,-9.746400000000221553e-01
1.711000000000000000e+03,0.000000000000000000e+00,0.000000000000000000e+00,0.000000000000000000e+00,0.000000000000000000e+00,0.000000000000000000e+00,0.000000000000000000e+00,0.000000000000000000e+00,0.000000000000000000e+00,0.000000000000000000e+00,0.000000000000000000e+00,0.000000000000000000e+00,0.000000000000000000e+00,7.183416500000000000e+06,7.100615500000000000e+06,8.280100000000000000e+04,6.093641500000000000e+06,6.211360000000000000e+06,-1.177185000000000000e+05,1.063157760000000000e+09,1.051131650000000000e+09,1.202611000000000000e+07,3.329801029999999855e+02,3.338575440000000185e+02,-8.774410000000330001e-01
1.721000000000000000e+03,0.000000000000000000e+00,0.000000000000000000e+00,0.000000000000000000e+00,0.000000000000000000e+00,0.000000000000000000e+00,0.000000000000000000e+00,0.000000000000000000e+00,0.000000000000000000e+00,0.000000000000000000e+00,2.602709960000000251e+02,2.602709960000000251e+02,0.000000000000000000e+00,7.183416500000000000e+06,7.100615500000000000e+06,8.280100000000000000e+04,6.093641500000000000e+06,6.211360000000000000e+06,-1.177185000000000000e+05,1.063157760000000000e+09,1.051131650000000000e+09,1.202611000000000000e+07,3.342880860000000212e+02,3.350646360000000072e+02,-7.765499999999860847e-01
1.731000000000000000e+03,0.000000000000000000e+00,0.000000000000000000e+00,0.000000000000000000e+00,0.000000000000000000e+00,0.000000000000000000e+00,0.000000000000000000e+00,0.000000000000000000e+00,0.000000000000000000e+00,0.000000000000000000e+00,0.000000000000000000e+00,0.000000000000000000e+00,0.000000000000000000e+00,7.183416500000000000e+06,7.100615500000000000e+06,8.280100000000000000e+04,6.093641500000000000e+06,6.211360000000000000e+06,-1.177185000000000000e+05,1.063157760000000000e+09,1.051131650000000000e+09,1.202611000000000000e+07,3.349714660000000208e+02,3.356535030000000006e+02,-6.820369999999797983e-01
1.741000000000000000e+03,1.510163819999999987e+03,1.578063959999999952e+03,-6.790013999999996486e+01,4.077112790000000132e+03,3.972305910000000040e+03,1.048068800000000920e+02,2.143064059999999881e+05,2.258464839999999967e+05,-1.154007800000000861e+04,6.392509280000000217e+03,6.392509280000000217e+03,0.000000000000000000e+00,7.199265000000000000e+06,7.117429500000000000e+06,8.183550000000000000e+04,6.133368000000000000e+06,6.249590000000000000e+06,-1.162220000000000000e+05,1.065402940000000000e+09,1.053545090000000000e+09,1.185785000000000000e+07,3.351970830000000205e+02,3.359160459999999944e+02,-7.189629999999738175e-01
1.751000000000000000e+03,1.778120609999999942e+03,1.785560300000000097e+03,-7.439690000000155123e+00,5.723542480000000069e+03,5.707060550000000148e+03,1.648192999999992026e+01,2.527254690000000119e+05,2.553513589999999967e+05,-2.625889999999984866e+03,7.892478030000000217e+03,7.892478030000000217e+03,0.000000000000000000e+00,7.217046000000000000e+06,7.135978000000000000e+06,8.106800000000000000e+04,6.190603500000000000e+06,6.305667500000000000e+06,-1.150640000000000000e+05,1.067930180000000000e+09,1.056198590000000000e+09,1.173159000000000000e+07,3.342856140000000096e+02,3.350492550000000165e+02,-7.636410000000068976e-01
1.761000000000000000e+03,1.281396729999999934e+03,1.319197509999999966e+03,-3.780078000000003158e+01,4.690862299999999777e+03,4.631635739999999714e+03,5.922656000000006316e+01,1.820478440000000119e+05,1.887877809999999881e+05,-6.739936999999976251e+03,5.493411130000000412e+03,5.493411130000000412e+03,0.000000000000000000e+00,7.229860000000000000e+06,7.149180500000000000e+06,8.067950000000000000e+04,6.237512000000000000e+06,6.351969000000000000e+06,-1.144570000000000000e+05,1.069750660000000000e+09,1.058087940000000000e+09,1.166272000000000000e+07,3.321480409999999779e+02,3.329565729999999917e+02,-8.085320000000137952e-01
1.771000000000000000e+03,2.225959229999999934e+03,2.157456049999999777e+03,6.850318000000015672e+01,6.971283199999999852e+03,7.060069819999999709e+03,-8.878661999999985710e+01,3.165186250000000000e+05,3.087147189999999828e+05,7.803906000000017229e+03,7.490934079999999994e+03,7.490934079999999994e+03,0.000000000000000000e+00,7.252119500000000000e+06,7.171048000000000000e+06,8.107150000000000000e+04,6.307225000000000000e+06,6.422153000000000000e+06,-1.149280000000000000e+05,1.072915840000000000e+09,1.061215620000000000e+09,1.170022000000000000e+07,3.264603579999999852e+02,3.272507929999999874e+02,-7.904350000000022192e-01
1.781000000000000000e+03,1.970171260000000075e+03,1.954111329999999953e+03,1.605993000000012216e+01,7.264180659999999989e+03,7.275922849999999926e+03,-1.174218999999993684e+01,2.794210939999999828e+05,2.795957189999999828e+05,-1.746250000000000000e+02,1.278901759999999922e+04,1.278901759999999922e+04,0.000000000000000000e+00,7.272435500000000000e+06,7.191218000000000000e+06,8.121750000000000000e+04,6.378990000000000000e+06,6.494015500000000000e+06,-1.150255000000000000e+05,1.075798910000000000e+09,1.064101500000000000e+09,1.169741000000000000e+07,3.317280579999999759e+02,3.325655209999999897e+02,-8.374630000000138352e-01
1.791000000000000000e+03,1.898110599999999977e+03,1.867294429999999920e+03,3.081617000000005646e+01,7.427214359999999942e+03,7.459724119999999857e+03,-3.250975999999991473e+01,2.690144380000000237e+05,2.672967810000000172e+05,1.717657000000006519e+03,1.023402640000000065e+04,1.023402640000000065e+04,0.000000000000000000e+00,7.291416500000000000e+06,7.210162000000000000e+06,8.125450000000000000e+04,6.453262000000000000e+06,6.568226500000000000e+06,-1.149645000000000000e+05,1.078488960000000000e+09,1.066812930000000000e+09,1.167603000000000000e+07,3.318357240000000274e+02,3.327402950000000033e+02,-9.045709999999758111e-01
1.801000000000000000e+03,1.834912229999999909e+03,1.799711430000000064e+03,3.520079999999984466e+01,7.458325200000000223e+03,7.496097660000000360e+03,-3.777246000000013737e+01,2.598590940000000119e+05,2.577051559999999881e+05,2.153938000000023749e+03,1.008958499999999913e+04,1.008958499999999913e+04,0.000000000000000000e+00,7.309766000000000000e+06,7.228287500000000000e+06,8.147850000000000000e+04,6.527845500000000000e+06,6.643004000000000000e+06,-1.151585000000000000e+05,1.081087620000000000e+09,1.069408190000000000e+09,1.167943000000000000e+07,3.317891539999999964e+02,3.327492679999999723e+02,-9.601139999999759311e-01
1.811000000000000000e+03,1.598637210000000096e+03,1.578996949999999970e+03,1.964026000000012573e+01,6.637744139999999788e+03,6.653670409999999720e+03,-1.592626999999993131e+01,2.262008750000000000e+05,2.260901559999999881e+05,1.107190000000118744e+02,8.795160159999999451e+03,8.795160159999999451e+03,0.000000000000000000e+00,7.325752000000000000e+06,7.244093000000000000e+06,8.165900000000000000e+04,6.594222500000000000e+06,6.709519000000000000e+06,-1.152965000000000000e+05,1.083349630000000000e+09,1.071671230000000000e+09,1.167840000000000000e+07,3.316097720000000209e+02,3.325941470000000209e+02,-9.843750000000000000e-01
1.821000000000000000e+03,1.696061040000000048e+03,1.664039669999999887e+03,3.202137000000016087e+01,7.100656740000000354e+03,7.133012209999999868e+03,-3.235546999999951367e+01,2.398400160000000033e+05,2.382607660000000033e+05,1.579250000000000000e+03,9.892575199999999313e+03,9.892575199999999313e+03,0.000000000000000000e+00,7.342712500000000000e+06,7.260828000000000000e+06,8.188450000000000000e+04,6.665229500000000000e+06,6.780714000000000000e+06,-1.154845000000000000e+05,1.085747970000000000e+09,1.074067330000000000e+09,1.168064000000000000e+07,3.323621219999999994e+02,3.333900150000000053e+02,-1.027893000000005941e+00
1.831000000000000000e+03,1.832308230000000094e+03,1.774470949999999903e+03,5.783728000000019165e+01,7.520881840000000011e+03,7.588148930000000291e+03,-6.726709000000028027e+01,2.589145160000000033e+05,2.540803120000000054e+05,4.834203999999997905e+03,9.817830079999999725e+03,9.817830079999999725e+03,0.000000000000000000e+00,7.361036000000000000e+06,7.278652500000000000e+06,8.238350000000000000e+04,6.740438000000000000e+06,6.856481500000000000e+06,-1.160435000000000000e+05,1.088337150000000000e+09,1.076619520000000000e+09,1.171763000000000000e+07,3.316836240000000089e+02,3.327384950000000003e+02,-1.054870999999991454e+00
1.841000000000000000e+03,1.786403810000000021e+03,1.738400149999999940e+03,4.800366000000008171e+01,7.702528809999999794e+03,7.755270999999999731e+03,-5.274218999999993684e+01,2.523279059999999881e+05,2.490558589999999967e+05,3.272046999999991385e+03,9.533798829999999725e+03,9.533798829999999725e+03,0.000000000000000000e+00,7.378900000000000000e+06,7.296073500000000000e+06,8.282650000000000000e+04,6.817463500000000000e+06,6.933981000000000000e+06,-1.165175000000000000e+05,1.090860420000000000e+09,1.079115140000000000e+09,1.174528000000000000e+07,3.302223510000000033e+02,3.312868649999999775e+02,-1.064513999999974203e+00
1.851000000000000000e+03,1.668663090000000011e+03,1.641159180000000106e+03,2.750390999999990527e+01,7.554715820000000349e+03,7.578589359999999942e+03,-2.387353999999959342e+01,2.354624379999999946e+05,2.350354530000000086e+05,4.269849999999860302e+02,1.091712600000000020e+04,1.091712600000000020e+04,0.000000000000000000e+00,7.395586500000000000e+06,7.312608000000000000e+06,8.297850000000000000e+04,6.893010500000000000e+06,7.009591000000000000e+06,-1.165805000000000000e+05,1.093215100000000000e+09,1.081483390000000000e+09,1.173171000000000000e+07,3.321688839999999914e+02,3.332757260000000201e+02,-1.106842000000028747e+00
1.861000000000000000e+03,1.623839969999999994e+03,1.600217290000000048e+03,2.362267999999994572e+01,7.557186520000000201e+03,7.576133789999999863e+03,-1.894726999999966210e+01,2.290281719999999914e+05,2.291052190000000119e+05,-7.704700000002048910e+01,1.012819529999999941e+04,1.012819529999999941e+04,0.000000000000000000e+00,7.411825000000000000e+06,7.328666000000000000e+06,8.315900000000000000e+04,6.968582500000000000e+06,7.085272000000000000e+06,-1.166895000000000000e+05,1.095505280000000000e+09,1.083782660000000000e+09,1.172262000000000000e+07,3.326823430000000030e+02,3.338295289999999795e+02,-1.147185999999976502e+00
1.871000000000000000e+03,1.645942500000000109e+03,1.616541500000000042e+03,2.940100000000006730e+01,7.690129390000000058e+03,7.716848140000000058e+03,-2.671875000000000000e+01,2.320125469999999914e+05,2.313439530000000086e+05,6.685939999999827705e+02,1.018947559999999976e+04,1.018947559999999976e+04,0.000000000000000000e+00,7.428284500000000000e+06,7.344924000000000000e+06,8.336050000000000000e+04,7.045483500000000000e+06,7.162306500000000000e+06,-1.168230000000000000e+05,1.097825410000000000e+09,1.086109570000000000e+09,1.171584000000000000e+07,3.329512020000000234e+02,3.341283569999999941e+02,-1.177154999999970642e+00
1.881000000000000000e+03,1.610547610000000077e+03,1.586407960000000003e+03,2.413965000000007421e+01,7.727500979999999799e+03,7.746944819999999709e+03,-1.944383999999990920e+01,2.269278750000000000e+05,2.269635469999999914e+05,-3.567199999999138527e+01,1.018165530000000035e+04,1.018165530000000035e+04,0.000000000000000000e+00,7.444390000000000000e+06,7.360839500000000000e+06,8.355050000000000000e+04,7.122758500000000000e+06,7.239702000000000000e+06,-1.169435000000000000e+05,1.100094720000000000e+09,1.088386820000000000e+09,1.170790000000000000e+07,3.332385859999999980e+02,3.344386289999999917e+02,-1.200042999999993754e+00
1.891000000000000000e+03,1.623483519999999999e+03,1.595547610000000077e+03,2.793590999999992164e+01,7.840426760000000286e+03,7.865154789999999593e+03,-2.472802999999930762e+01,2.286455309999999881e+05,2.281742190000000119e+05,4.713119999999762513e+02,1.018591209999999955e+04,1.018591209999999955e+04,0.000000000000000000e+00,7.460624500000000000e+06,7.376875000000000000e+06,8.374950000000000000e+04,7.201163000000000000e+06,7.318238000000000000e+06,-1.170750000000000000e+05,1.102381180000000000e+09,1.090680320000000000e+09,1.170086000000000000e+07,3.332699279999999931e+02,3.344863280000000145e+02,-1.216400000000021464e+00
1.901000000000000000e+03,6.021943360000000212e+02,6.359365229999999656e+02,-3.374218699999994442e+01,2.740674799999999777e+03,2.686533690000000206e+03,5.414110999999957130e+01,8.463329690000000119e+04,9.082557809999999881e+04,-6.192281199999997625e+03,3.432230959999999868e+03,3.432230959999999868e+03,0.000000000000000000e+00,7.466309500000000000e+06,7.382896000000000000e+06,8.341350000000000000e+04,7.229051000000000000e+06,7.345587500000000000e+06,-1.165365000000000000e+05,1.103179010000000000e+09,1.091540100000000000e+09,1.163891000000000000e+07,3.333167720000000145e+02,3.344744870000000105e+02,-1.157714999999996053e+00
1.911000000000000000e+03,7.476455690000000232e+02,7.396622919999999795e+02,7.983277000000043699e+00,1.853470949999999903e+03,1.855123289999999997e+03,-1.652340000000094733e+00,1.047211250000000000e+05,1.049949299999999930e+05,-2.738049999999930151e+02,3.581424070000000029e+03,3.581423830000000180e+03,2.399999998488056008e-04,7.473786000000000000e+06,7.390225000000000000e+06,8.356100000000000000e+04,7.247586000000000000e+06,7.364234500000000000e+06,-1.166485000000000000e+05,1.104226180000000000e+09,1.092580610000000000e+09,1.164557000000000000e+07,3.350444949999999835e+02,3.361485599999999749e+02,-1.104064999999991414e+00
1.921000000000000000e+03,1.322886349999999993e+03,1.287324219999999968e+03,3.556213000000002467e+01,5.205035640000000058e+03,5.244851069999999709e+03,-3.981542999999965105e+01,1.863990160000000033e+05,1.836274219999999914e+05,2.771594000000011874e+03,8.044937990000000354e+03,8.044937990000000354e+03,0.000000000000000000e+00,7.487014500000000000e+06,7.403514500000000000e+06,8.350000000000000000e+04,7.299636000000000000e+06,7.416084000000000000e+06,-1.164480000000000000e+05,1.106090240000000000e+09,1.094477820000000000e+09,1.161242000000000000e+07,3.371434330000000159e+02,3.382525630000000092e+02,-1.109129999999993288e+00
1.931000000000000000e+03,7.554055180000000291e+02,7.789286499999999478e+02,-2.352313199999991866e+01,3.137423580000000129e+03,3.097787600000000111e+03,3.963598000000001775e+01,1.062614450000000070e+05,1.109809140000000043e+05,-4.719468999999997322e+03,4.942179199999999582e+03,4.942178710000000137e+03,4.899999994449899532e-04,7.494569000000000000e+06,7.411231000000000000e+06,8.333800000000000000e+04,7.331010500000000000e+06,7.447165500000000000e+06,-1.161550000000000000e+05,1.107152770000000000e+09,1.095577470000000000e+09,1.157530000000000000e+07,3.388738099999999918e+02,3.399536439999999970e+02,-1.079834000000005290e+00
1.941000000000000000e+03,1.824581789999999955e+03,1.757820799999999963e+03,6.676098999999999251e+01,8.105215820000000349e+03,8.186790039999999863e+03,-8.157421999999951367e+01,2.569359059999999881e+05,2.504888120000000054e+05,6.447093999999982771e+03,1.083149120000000039e+04,1.083149120000000039e+04,0.000000000000000000e+00,7.512814500000000000e+06,7.429305500000000000e+06,8.350900000000000000e+04,7.412062500000000000e+06,7.528324000000000000e+06,-1.162615000000000000e+05,1.109722110000000000e+09,1.098153600000000000e+09,1.156851000000000000e+07,3.388447570000000155e+02,3.399704280000000267e+02,-1.125671000000011190e+00
1.951000000000000000e+03,1.728346309999999903e+03,1.677135250000000042e+03,5.121105999999986125e+01,8.193375000000000000e+03,8.252115229999999428e+03,-5.874022999999942840e+01,2.430791089999999967e+05,2.390434530000000086e+05,4.035655999999988126e+03,1.046588379999999961e+04,1.046588379999999961e+04,0.000000000000000000e+00,7.530098000000000000e+06,7.446238500000000000e+06,8.385950000000000000e+04,7.493996500000000000e+06,7.610615000000000000e+06,-1.166185000000000000e+05,1.112152960000000000e+09,1.100566780000000000e+09,1.158618000000000000e+07,3.381197199999999725e+02,3.392833560000000261e+02,-1.163636000000053627e+00
1.961000000000000000e+03,1.662087160000000040e+03,1.623736210000000028e+03,3.835095000000001164e+01,8.310372069999999439e+03,8.350397460000000137e+03,-4.002539000000069791e+01,2.336090469999999914e+05,2.315083910000000033e+05,2.100655999999988126e+03,1.089059380000000056e+04,1.089059380000000056e+04,0.000000000000000000e+00,7.546719000000000000e+06,7.462687500000000000e+06,8.403150000000000000e+04,7.577100000000000000e+06,7.693818000000000000e+06,-1.167180000000000000e+05,1.114489090000000000e+09,1.102911870000000000e+09,1.157722000000000000e+07,3.382366329999999834e+02,3.394336240000000089e+02,-1.196991000000025451e+00
1.971000000000000000e+03,1.656181520000000091e+03,1.589810909999999922e+03,6.637061000000016975e+01,7.844449220000000423e+03,7.923891109999999571e+03,-7.944188999999914813e+01,2.328065940000000119e+05,2.267813280000000086e+05,6.025266000000003260e+03,7.373124020000000201e+03,7.373124020000000201e+03,0.000000000000000000e+00,7.563280500000000000e+06,7.478471000000000000e+06,8.480950000000000000e+04,7.655544500000000000e+06,7.773218500000000000e+06,-1.176740000000000000e+05,1.116817150000000000e+09,1.105162880000000000e+09,1.165427000000000000e+07,3.322633670000000166e+02,3.335330200000000218e+02,-1.269653000000005250e+00
1.981000000000000000e+03,1.548943600000000060e+03,1.521716920000000073e+03,2.722667999999998756e+01,8.231130859999999302e+03,8.255145510000000286e+03,-2.401465000000098371e+01,2.176118750000000000e+05,2.170029379999999946e+05,6.089370000000053551e+02,1.273199409999999989e+04,1.273199409999999989e+04,0.000000000000000000e+00,7.578770000000000000e+06,7.493997500000000000e+06,8.477250000000000000e+04,7.737856000000000000e+06,7.855329500000000000e+06,-1.174735000000000000e+05,1.118993280000000000e+09,1.107377410000000000e+09,1.161587000000000000e+07,3.367180179999999723e+02,3.380218510000000265e+02,-1.303833000000054199e+00
1.991000000000000000e+03,1.525400270000000091e+03,1.485564329999999927e+03,3.983594000000016422e+01,8.103641109999999571e+03,8.146806639999999788e+03,-4.316553000000021711e+01,2.142488280000000086e+05,2.117083910000000033e+05,2.540437000000005355e+03,1.031292870000000039e+04,1.031292870000000039e+04,0.000000000000000000e+00,7.594024000000000000e+06,7.508922500000000000e+06,8.510150000000000000e+04,7.818892500000000000e+06,7.936697500000000000e+06,-1.178050000000000000e+05,1.121135740000000000e+09,1.109504640000000000e+09,1.163110000000000000e+07,3.366773069999999848e+02,3.380165709999999990e+02,-1.339264000000014221e+00
2.001000000000000000e+03,1.363201540000000023e+03,1.339244869999999992e+03,2.395667000000003100e+01,7.492602539999999863e+03,7.515101560000000063e+03,-2.249902000000020053e+01,1.914522969999999914e+05,1.907823440000000119e+05,6.699529999999795109e+02,9.655731449999999313e+03,9.655731449999999313e+03,0.000000000000000000e+00,7.607656000000000000e+06,7.522345000000000000e+06,8.531100000000000000e+04,7.893818500000000000e+06,8.011804500000000000e+06,-1.179860000000000000e+05,1.123050240000000000e+09,1.111417090000000000e+09,1.163315000000000000e+07,3.371213070000000016e+02,3.384826350000000161e+02,-1.361328000000014526e+00
2.011000000000000000e+03,9.171401980000000549e+02,9.271702880000000278e+02,-1.003008999999997286e+01,4.747032710000000407e+03,4.724408690000000206e+03,2.262402000000020053e+01,1.286056480000000010e+05,1.318541559999999881e+05,-3.248507999999987078e+03,6.772878420000000006e+03,6.772878420000000006e+03,0.000000000000000000e+00,7.616827500000000000e+06,7.531503500000000000e+06,8.532400000000000000e+04,7.941288500000000000e+06,8.059210000000000000e+06,-1.179215000000000000e+05,1.124336260000000000e+09,1.112719620000000000e+09,1.161664000000000000e+07,3.388287050000000136e+02,3.401653440000000046e+02,-1.336638999999991029e+00
2.021000000000000000e+03,1.442537229999999909e+03,1.396223269999999957e+03,4.631395999999995183e+01,7.706188479999999799e+03,7.760761230000000069e+03,-5.457275000000026921e+01,2.026444059999999881e+05,1.986060620000000054e+05,4.038343999999982771e+03,9.909008789999999863e+03,9.909008789999999863e+03,0.000000000000000000e+00,7.631253000000000000e+06,7.545602000000000000e+06,8.565100000000000000e+04,8.018350500000000000e+06,8.136621000000000000e+06,-1.182705000000000000e+05,1.126362750000000000e+09,1.114725630000000000e+09,1.163712000000000000e+07,3.390816649999999868e+02,3.404314580000000205e+02,-1.349793000000033771e+00
2.031000000000000000e+03,1.269250240000000076e+03,1.255999880000000076e+03,1.325036000000000058e+01,7.416165039999999863e+03,7.425600590000000011e+03,-9.435550000000148430e+00,1.782914839999999967e+05,1.786892809999999881e+05,-3.977969999999913853e+02,9.718624019999999291e+03,9.718624019999999291e+03,0.000000000000000000e+00,7.643945500000000000e+06,7.558196000000000000e+06,8.574950000000000000e+04,8.092512000000000000e+06,8.210828500000000000e+06,-1.183165000000000000e+05,1.128145660000000000e+09,1.116517630000000000e+09,1.162803000000000000e+07,3.400653689999999756e+02,3.414132999999999925e+02,-1.347931000000016866e+00
2.041000000000000000e+03,1.054052860000000010e+03,1.087938959999999952e+03,-3.388609999999994216e+01,3.843619869999999992e+03,3.789512700000000223e+03,5.410716999999976906e+01,1.439679379999999946e+05,1.503757190000000119e+05,-6.407781000000017229e+03,5.038485840000000280e+03,5.038485840000000280e+03,0.000000000000000000e+00,7.654486000000000000e+06,7.568886500000000000e+06,8.559950000000000000e+04,8.130948500000000000e+06,8.248996000000000000e+06,-1.180475000000000000e+05,1.129585280000000000e+09,1.117993340000000000e+09,1.159194000000000000e+07,3.395129390000000171e+02,3.407976070000000277e+02,-1.284668000000010579e+00
2.051000000000000000e+03,2.098893549999999777e+03,2.119801269999999931e+03,-2.090772000000015396e+01,7.346578120000000126e+03,7.304216309999999794e+03,4.236181000000033237e+01,2.826519380000000237e+05,2.895187810000000172e+05,-6.866842999999993481e+03,1.046258979999999974e+04,1.046258979999999974e+04,0.000000000000000000e+00,7.675475000000000000e+06,7.590395500000000000e+06,8.507950000000000000e+04,8.204414000000000000e+06,8.321603000000000000e+06,-1.171890000000000000e+05,1.132411900000000000e+09,1.120929790000000000e+09,1.148211000000000000e+07,3.393424679999999967e+02,3.405776060000000030e+02,-1.235138000000006286e+00
2.061000000000000000e+03,2.395119380000000092e+03,2.420557859999999891e+03,-2.543847999999979947e+01,8.639004880000000412e+03,8.585671879999999874e+03,5.333300000000053842e+01,3.208297500000000000e+05,3.300920000000000000e+05,-9.262250000000000000e+03,1.216656049999999959e+04,1.216656049999999959e+04,0.000000000000000000e+00,7.699426000000000000e+06,7.614853000000000000e+06,8.457300000000000000e+04,8.290804000000000000e+06,8.407106000000000000e+06,-1.163020000000000000e+05,1.135620100000000000e+09,1.124264580000000000e+09,1.135552000000000000e+07,3.389589230000000271e+02,3.401970830000000205e+02,-1.238159999999993488e+00
2.071000000000000000e+03,1.873801999999999907e+03,1.899775390000000016e+03,-2.597339000000010856e+01,8.724280269999999291e+03,8.672971680000000561e+03,5.130858999999873049e+01,2.543721719999999914e+05,2.624905000000000000e+05,-8.118328000000008615e+03,1.189901169999999911e+04,1.189901169999999911e+04,0.000000000000000000e+00,7.718164000000000000e+06,7.633973000000000000e+06,8.419100000000000000e+04,8.378047000000000000e+06,8.493661000000000000e+06,-1.156140000000000000e+05,1.138163840000000000e+09,1.126907260000000000e+09,1.125658000000000000e+07,3.396266780000000267e+02,3.409364009999999894e+02,-1.309722999999962667e+00
2.081000000000000000e+03,1.943093020000000024e+03,1.991842769999999973e+03,-4.874974999999994907e+01,7.957717770000000201e+03,7.874060059999999794e+03,8.365771000000040658e+01,2.605424530000000086e+05,2.723875000000000000e+05,-1.184504699999999139e+04,1.021857419999999911e+04,1.021857419999999911e+04,0.000000000000000000e+00,7.737595000000000000e+06,7.653922000000000000e+06,8.367300000000000000e+04,8.457624000000000000e+06,8.572357000000000000e+06,-1.147330000000000000e+05,1.140769280000000000e+09,1.129635460000000000e+09,1.113382000000000000e+07,3.383530269999999973e+02,3.396679690000000278e+02,-1.314942000000030475e+00
2.091000000000000000e+03,1.215298829999999953e+03,1.302080690000000004e+03,-8.678186000000005151e+01,4.852316890000000058e+03,4.717889159999999720e+03,1.344277300000003379e+02,1.621357660000000033e+05,1.781565780000000086e+05,-1.602081200000000536e+04,6.677312009999999646e+03,6.677312009999999646e+03,0.000000000000000000e+00,7.749748000000000000e+06,7.666864000000000000e+06,8.288400000000000000e+04,8.506147000000000000e+06,8.619647000000000000e+06,-1.135000000000000000e+05,1.142390660000000000e+09,1.131406460000000000e+09,1.098420000000000000e+07,3.387780759999999987e+02,3.401625369999999862e+02,-1.384460999999987507e+00
2.101000000000000000e+03,1.963154790000000048e+03,2.024843990000000076e+03,-6.168920000000002801e+01,7.409617189999999937e+03,7.308093259999999646e+03,1.015239300000002913e+02,2.620186089999999967e+05,2.753350310000000172e+05,-1.331642200000002049e+04,1.054036039999999957e+04,1.054036039999999957e+04,0.000000000000000000e+00,7.769379500000000000e+06,7.687310500000000000e+06,8.206900000000000000e+04,8.580244000000000000e+06,8.692444000000000000e+06,-1.122000000000000000e+05,1.145010820000000000e+09,1.134188290000000000e+09,1.082253000000000000e+07,3.392972720000000209e+02,3.406445919999999887e+02,-1.347319999999967877e+00
2.111000000000000000e+03,2.340684330000000045e+03,2.400813959999999952e+03,-6.012962999999990643e+01,8.707582029999999577e+03,8.610338869999999588e+03,9.724315999999998894e+01,3.110342189999999828e+05,3.237845619999999763e+05,-1.275034299999999348e+04,1.164404689999999937e+04,1.164404689999999937e+04,0.000000000000000000e+00,7.792786500000000000e+06,7.711475000000000000e+06,8.131150000000000000e+04,8.667319000000000000e+06,8.778310000000000000e+06,-1.109910000000000000e+05,1.148121220000000000e+09,1.137452670000000000e+09,1.066855000000000000e+07,3.382242430000000013e+02,3.395459589999999821e+02,-1.321715999999980795e+00
2.121000000000000000e+03,1.916017700000000104e+03,2.001985599999999977e+03,-8.596789999999987231e+01,7.496766599999999926e+03,7.366071289999999863e+03,1.306953100000000632e+02,2.542335309999999881e+05,2.695102189999999828e+05,-1.527668799999999464e+04,1.033734959999999955e+04,1.033734959999999955e+04,0.000000000000000000e+00,7.811946500000000000e+06,7.731545500000000000e+06,8.040100000000000000e+04,8.742287000000000000e+06,8.851896000000000000e+06,-1.096090000000000000e+05,1.150663550000000000e+09,1.140156030000000000e+09,1.050752000000000000e+07,3.382935489999999845e+02,3.396313170000000241e+02,-1.337768000000039592e+00
2.131000000000000000e+03,1.731996090000000095e+03,1.831515139999999974e+03,-9.951904999999987922e+01,6.872153809999999794e+03,6.724118159999999989e+03,1.480356499999998050e+02,2.293138280000000086e+05,2.459685000000000000e+05,-1.665467199999999139e+04,8.639409180000000561e+03,8.639409180000000561e+03,0.000000000000000000e+00,7.829266500000000000e+06,7.749840500000000000e+06,7.942600000000000000e+04,8.811009000000000000e+06,8.919162000000000000e+06,-1.081530000000000000e+05,1.152956670000000000e+09,1.142613890000000000e+09,1.034278000000000000e+07,3.369430239999999799e+02,3.382564090000000192e+02,-1.313385000000039327e+00
2.141000000000000000e+03,1.871948489999999993e+03,1.968710450000000037e+03,-9.676196000000004460e+01,6.315754390000000058e+03,6.172114749999999731e+03,1.436396400000003268e+02,2.465839219999999914e+05,2.626792189999999828e+05,-1.609529699999999139e+04,9.343310550000000148e+03,9.343310550000000148e+03,0.000000000000000000e+00,7.847986000000000000e+06,7.769559000000000000e+06,7.842700000000000000e+04,8.874166000000000000e+06,8.980838000000000000e+06,-1.066720000000000000e+05,1.155422460000000000e+09,1.145245310000000000e+09,1.017715000000000000e+07,3.377139589999999885e+02,3.390235289999999964e+02,-1.309570000000007894e+00
2.151000000000000000e+03,2.157982179999999971e+03,2.240262450000000172e+03,-8.228027000000020053e+01,8.334149409999999989e+03,8.211228520000000572e+03,1.229208899999994173e+02,2.856355310000000172e+05,2.997353439999999828e+05,-1.409981299999996554e+04,1.164105760000000009e+04,1.164105760000000009e+04,0.000000000000000000e+00,7.869566000000000000e+06,7.792085500000000000e+06,7.748050000000000000e+04,8.957508000000000000e+06,9.062773000000000000e+06,-1.052650000000000000e+05,1.158278910000000000e+09,1.148260480000000000e+09,1.001843000000000000e+07,3.380051879999999755e+02,3.393400570000000016e+02,-1.334869000000026062e+00
2.161000000000000000e+03,2.217017330000000129e+03,2.295843510000000151e+03,-7.882618000000002212e+01,8.687679690000000846e+03,8.570156250000000000e+03,1.175234400000008463e+02,2.931350939999999828e+05,3.066709380000000237e+05,-1.353584400000004098e+04,1.182811039999999957e+04,1.182811039999999957e+04,0.000000000000000000e+00,7.891736000000000000e+06,7.815142000000000000e+06,7.659400000000000000e+04,9.044384000000000000e+06,9.148335000000000000e+06,-1.039510000000000000e+05,1.161210240000000000e+09,1.151341060000000000e+09,9.869180000000000000e+06,3.377337650000000053e+02,3.390859379999999987e+02,-1.352172999999993408e+00
2.171000000000000000e+03,1.980720460000000003e+03,2.066521000000000186e+03,-8.580054000000018277e+01,7.795395510000000286e+03,7.668661619999999857e+03,1.267338900000004287e+02,2.615391719999999914e+05,2.757757810000000172e+05,-1.423660900000002584e+04,1.045996390000000065e+04,1.045996390000000065e+04,0.000000000000000000e+00,7.911543500000000000e+06,7.835836000000000000e+06,7.570750000000000000e+04,9.122338000000000000e+06,9.224980000000000000e+06,-1.026420000000000000e+05,1.163825540000000000e+09,1.154103170000000000e+09,9.722370000000000000e+06,3.373713070000000016e+02,3.387366940000000000e+02,-1.365386999999998352e+00
2.181000000000000000e+03,1.583830809999999929e+03,1.693078739999999925e+03,-1.092479299999999967e+02,6.500134769999999662e+03,6.340340329999999994e+03,1.597944399999996676e+02,2.083907660000000033e+05,2.256567660000000033e+05,-1.726600000000000000e+04,9.345630859999999302e+03,9.345630859999999302e+03,0.000000000000000000e+00,7.927381500000000000e+06,7.852765000000000000e+06,7.461650000000000000e+04,9.187340000000000000e+06,9.288386000000000000e+06,-1.010460000000000000e+05,1.165909500000000000e+09,1.156359680000000000e+09,9.549820000000000000e+06,3.387417300000000182e+02,3.401087340000000268e+02,-1.367004000000008546e+00
2.191000000000000000e+03,1.997912109999999984e+03,2.101416749999999865e+03,-1.035046399999998812e+02,8.031748539999999593e+03,7.880443360000000212e+03,1.513051799999993818e+02,2.634145619999999763e+05,2.799012500000000000e+05,-1.648668800000002375e+04,1.152380470000000059e+04,1.152380470000000059e+04,0.000000000000000000e+00,7.947360500000000000e+06,7.873854500000000000e+06,7.350600000000000000e+04,9.267657000000000000e+06,9.367084000000000000e+06,-9.942700000000000000e+04,1.168543620000000000e+09,1.159169540000000000e+09,9.374080000000000000e+06,3.400470280000000116e+02,3.414385379999999941e+02,-1.391509999999982483e+00
2.201000000000000000e+03,1.844543460000000096e+03,1.954927490000000034e+03,-1.103840299999999388e+02,7.523262700000000223e+03,7.362695310000000063e+03,1.605673900000001595e+02,2.432315940000000119e+05,2.605551719999999914e+05,-1.732357799999997951e+04,1.044213960000000043e+04,1.044213960000000043e+04,0.000000000000000000e+00,7.965796500000000000e+06,7.893363500000000000e+06,7.243300000000000000e+04,9.342905000000000000e+06,9.440770000000000000e+06,-9.786500000000000000e+04,1.170974460000000000e+09,1.161769340000000000e+09,9.205120000000000000e+06,3.408979190000000017e+02,3.424711909999999762e+02,-1.573271999999974469e+00
2.208000000000000000e+03,2.167931639999999788e+03,2.269421879999999874e+03,-1.014902400000000853e+02,8.129466309999999794e+03,7.981415039999999863e+03,1.480512699999999313e+02,2.854100939999999828e+05,3.016217810000000172e+05,-1.621168700000003446e+04,1.179724899999999980e+04,1.179724899999999980e+04,0.000000000000000000e+00,7.980972000000000000e+06,7.909260500000000000e+06,7.171150000000000000e+04,9.399811000000000000e+06,9.496626000000000000e+06,-9.681500000000000000e+04,1.172972290000000000e+09,1.163881730000000000e+09,9.090560000000000000e+06,3.415928650000000175e+02,3.431983339999999885e+02,-1.605468999999970947e+00
2.209000000000000000e+03,2.610403560000000198e+03,2.710695560000000114e+03,-1.002919999999999163e+02,8.128985349999999926e+03,7.982599119999999857e+03,1.463862300000000687e+02,3.407734689999999828e+05,3.568708439999999828e+05,-1.609737500000000000e+04,1.179724899999999980e+04,1.179724899999999980e+04,0.000000000000000000e+00,7.983582000000000000e+06,7.911971000000000000e+06,7.161100000000000000e+04,9.407940000000000000e+06,9.504608000000000000e+06,-9.666800000000000000e+04,1.173313020000000000e+09,1.164238590000000000e+09,9.074430000000000000e+06,3.415364690000000110e+02,3.431437990000000013e+02,-1.607329999999990378e+00
2.211000000000000000e+03,2.534491460000000188e+03,2.633969480000000203e+03,-9.947802000000001499e+01,8.130172849999999926e+03,7.984884280000000217e+03,1.452885699999997087e+02,3.313115939999999828e+05,3.473061250000000000e+05,-1.599453100000001723e+04,1.179724899999999980e+04,1.179724899999999980e+04,0.000000000000000000e+00,7.988651000000000000e+06,7.917239000000000000e+06,7.141200000000000000e+04,9.424201000000000000e+06,9.520578000000000000e+06,-9.637700000000000000e+04,1.173975680000000000e+09,1.164933250000000000e+09,9.042430000000000000e+06,3.414834589999999821e+02,3.431019900000000007e+02,-1.618531000000018594e+00
2.221000000000000000e+03,2.340750000000000000e+03,2.425187989999999900e+03,-8.443798999999989974e+01,5.089428219999999783e+03,4.965651369999999588e+03,1.237768500000001950e+02,3.014903119999999763e+05,3.152398119999999763e+05,-1.374950000000000000e+04,9.145247069999999439e+03,9.145247069999999439e+03,0.000000000000000000e+00,8.012040000000000000e+06,7.941447000000000000e+06,7.059300000000000000e+04,9.475100000000000000e+06,9.570259000000000000e+06,-9.515900000000000000e+04,1.176997250000000000e+09,1.168092670000000000e+09,8.904580000000000000e+06,3.431771850000000086e+02,3.447233580000000188e+02,-1.546173000000010234e+00
2.231000000000000000e+03,1.629312619999999924e+03,1.745982670000000098e+03,-1.166700500000001739e+02,5.696788569999999709e+03,5.527640620000000126e+03,1.691479499999995824e+02,2.114418589999999967e+05,2.293948910000000033e+05,-1.795303200000000652e+04,6.927488769999999931e+03,6.927488769999999931e+03,0.000000000000000000e+00,8.028333000000000000e+06,7.958863500000000000e+06,6.946950000000000000e+04,9.532068000000000000e+06,9.625590000000000000e+06,-9.352200000000000000e+04,1.179111680000000000e+09,1.170383100000000000e+09,8.728580000000000000e+06,3.413334350000000086e+02,3.428463439999999878e+02,-1.512908999999979187e+00
2.241000000000000000e+03,1.989057129999999916e+03,2.101439940000000206e+03,-1.123828100000002905e+02,6.730499020000000201e+03,6.567481450000000223e+03,1.630175699999999779e+02,2.566177660000000033e+05,2.738597500000000000e+05,-1.724198399999999674e+04,9.590252930000000561e+03,9.590252930000000561e+03,0.000000000000000000e+00,8.048255500000000000e+06,7.979902500000000000e+06,6.835300000000000000e+04,9.599317000000000000e+06,9.691216000000000000e+06,-9.189900000000000000e+04,1.181686140000000000e+09,1.173129730000000000e+09,8.556410000000000000e+06,3.417721859999999765e+02,3.432526550000000043e+02,-1.480469000000027791e+00
2.251000000000000000e+03,2.432711429999999837e+03,2.552873779999999897e+03,-1.201623500000000604e+02,8.492866210000000137e+03,8.319783199999999852e+03,1.730830100000002858e+02,3.147213439999999828e+05,3.330162810000000172e+05,-1.829493700000003446e+04,1.095759079999999994e+04,1.095759079999999994e+04,0.000000000000000000e+00,8.072583000000000000e+06,8.005524500000000000e+06,6.705850000000000000e+04,9.684246000000000000e+06,9.774277000000000000e+06,-9.003100000000000000e+04,1.184833410000000000e+09,1.176474370000000000e+09,8.359040000000000000e+06,3.396769409999999993e+02,3.411495059999999739e+02,-1.472564999999974589e+00
2.261000000000000000e+03,2.427274409999999989e+03,2.563657709999999952e+03,-1.363832999999999629e+02,8.599385739999999714e+03,8.404149409999999989e+03,1.952363299999997253e+02,3.136565000000000000e+05,3.340868439999999828e+05,-2.043034399999998277e+04,1.152480659999999989e+04,1.152480659999999989e+04,0.000000000000000000e+00,8.096855500000000000e+06,8.031253000000000000e+06,6.560250000000000000e+04,9.770240000000000000e+06,9.858185000000000000e+06,-8.794500000000000000e+04,1.187969920000000000e+09,1.179828860000000000e+09,8.141060000000000000e+06,3.385071720000000255e+02,3.399858399999999961e+02,-1.478667999999970561e+00
2.271000000000000000e+03,2.406634280000000217e+03,2.560255369999999857e+03,-1.536210899999996400e+02,8.690158199999999852e+03,8.471380859999999302e+03,2.187773400000005495e+02,3.106182189999999828e+05,3.333138119999999763e+05,-2.269559299999999348e+04,1.159358790000000045e+04,1.159358790000000045e+04,0.000000000000000000e+00,8.120922000000000000e+06,8.056935000000000000e+06,6.398700000000000000e+04,9.857141000000000000e+06,9.942784000000000000e+06,-8.564300000000000000e+04,1.191076100000000000e+09,1.183173630000000000e+09,7.902470000000000000e+06,3.373675840000000221e+02,3.388688960000000066e+02,-1.501311999999984437e+00
2.281000000000000000e+03,1.310615970000000061e+03,1.464269039999999904e+03,-1.536530699999998433e+02,5.412397949999999582e+03,5.192875490000000354e+03,2.195224599999992279e+02,1.692783280000000086e+05,1.917467969999999914e+05,-2.246846899999998277e+04,8.249174800000000687e+03,8.249174800000000687e+03,0.000000000000000000e+00,8.134028000000000000e+06,8.071539500000000000e+06,6.248850000000000000e+04,9.911265000000000000e+06,9.994769000000000000e+06,-8.350400000000000000e+04,1.192768900000000000e+09,1.185085440000000000e+09,7.683460000000000000e+06,3.396652530000000070e+02,3.411809079999999881e+02,-1.515654999999981101e+00
2.291000000000000000e+03,2.078173099999999977e+03,2.242365479999999934e+03,-1.641923799999999574e+02,7.998333499999999731e+03,7.764917970000000423e+03,2.334155299999993076e+02,2.687207189999999828e+05,2.925433119999999763e+05,-2.382259299999999348e+04,1.141582810000000063e+04,1.141582810000000063e+04,0.000000000000000000e+00,8.154810000000000000e+06,8.094053000000000000e+06,6.075700000000000000e+04,9.991249000000000000e+06,1.007229000000000000e+07,-8.104100000000000000e+04,1.195456130000000000e+09,1.188023810000000000e+09,7.432320000000000000e+06,3.405728149999999914e+02,3.421184079999999881e+02,-1.545592999999996664e+00
2.301000000000000000e+03,2.284837399999999889e+03,2.455099610000000212e+03,-1.702622100000003229e+02,8.879437500000000000e+03,8.638390620000000126e+03,2.410468799999998737e+02,2.949095939999999828e+05,3.194405000000000000e+05,-2.453090600000001723e+04,1.240613279999999941e+04,1.240613279999999941e+04,0.000000000000000000e+00,8.177658000000000000e+06,8.118718000000000000e+06,5.894000000000000000e+04,1.008004300000000000e+07,1.015851200000000000e+07,-7.846900000000000000e+04,1.198405250000000000e+09,1.191234300000000000e+09,7.170950000000000000e+06,3.410167240000000106e+02,3.425900270000000205e+02,-1.573303000000009888e+00
2.304000000000000000e+03,2.260453120000000126e+03,2.436372800000000097e+03,-1.759196799999999712e+02,8.417072270000000572e+03,8.168903809999999794e+03,2.481684600000007777e+02,2.908274380000000237e+05,3.160836560000000172e+05,-2.525621799999999348e+04,1.186184380000000056e+04,1.186184380000000056e+04,0.000000000000000000e+00,8.184439500000000000e+06,8.126027000000000000e+06,5.841250000000000000e+04,1.010529400000000000e+07,1.018301900000000000e+07,-7.772500000000000000e+04,1.199277700000000000e+09,1.192182530000000000e+09,7.095170000000000000e+06,3.411324159999999779e+02,3.427139890000000264e+02,-1.581573000000048523e+00
2.305000000000000000e+03,2.967436040000000048e+03,3.141556880000000092e+03,-1.741208400000000438e+02,8.421654300000000148e+03,8.177227539999999863e+03,2.444267600000002858e+02,3.961173439999999828e+05,4.207408119999999763e+05,-2.462346799999999348e+04,1.186184380000000056e+04,1.186184380000000056e+04,0.000000000000000000e+00,8.187407000000000000e+06,8.129168500000000000e+06,5.823850000000000000e+04,1.011371600000000000e+07,1.019119600000000000e+07,-7.748000000000000000e+04,1.199673860000000000e+09,1.192603260000000000e+09,7.070600000000000000e+06,3.409215699999999742e+02,3.425011900000000082e+02,-1.579620000000033997e+00
2.306000000000000000e+03,3.314878659999999854e+03,3.486228759999999966e+03,-1.713501000000001113e+02,8.424039059999999154e+03,8.184651859999999942e+03,2.393871999999992113e+02,4.478144380000000237e+05,4.718894380000000237e+05,-2.407500000000000000e+04,1.186184380000000056e+04,1.186184380000000056e+04,0.000000000000000000e+00,8.190722000000000000e+06,8.132655000000000000e+06,5.806700000000000000e+04,1.012214000000000000e+07,1.019938100000000000e+07,-7.724100000000000000e+04,1.200121600000000000e+09,1.193075200000000000e+09,7.046400000000000000e+06,3.405955200000000218e+02,3.421676029999999855e+02,-1.572082999999963704e+00
2.307000000000000000e+03,3.589126459999999952e+03,3.752175780000000032e+03,-1.630493200000000797e+02,8.424535159999999451e+03,8.197718750000000000e+03,2.268164099999994505e+02,4.886340619999999763e+05,5.113521560000000172e+05,-2.271809400000004098e+04,1.186184380000000056e+04,1.186184380000000056e+04,0.000000000000000000e+00,8.194311000000000000e+06,8.136407000000000000e+06,5.790400000000000000e+04,1.013056500000000000e+07,1.020757900000000000e+07,-7.701400000000000000e+04,1.200610300000000000e+09,1.193586560000000000e+09,7.023740000000000000e+06,3.401823729999999841e+02,3.417443240000000060e+02,-1.561951000000021850e+00
2.309000000000000000e+03,3.423672610000000077e+03,3.557116700000000037e+03,-1.334440899999999601e+02,8.424821289999999863e+03,8.240613279999999577e+03,1.842080100000002858e+02,4.640845619999999763e+05,4.824289380000000237e+05,-1.834437600000004750e+04,1.186184380000000056e+04,1.186184380000000056e+04,0.000000000000000000e+00,8.201158500000000000e+06,8.143540000000000000e+06,5.761850000000000000e+04,1.014741400000000000e+07,1.022403300000000000e+07,-7.661900000000000000e+04,1.201538430000000000e+09,1.194554110000000000e+09,6.984320000000000000e+06,3.395048219999999901e+02,3.410367130000000202e+02,-1.531891000000030090e+00
2.311000000000000000e+03,3.380413570000000163e+03,3.476980469999999968e+03,-9.656689999999980500e+01,8.425038090000000011e+03,8.294356449999999313e+03,1.306816400000006979e+02,4.577611560000000172e+05,4.705439689999999828e+05,-1.278281299999996554e+04,1.186184380000000056e+04,1.186184380000000056e+04,0.000000000000000000e+00,8.207919000000000000e+06,8.150494000000000000e+06,5.742500000000000000e+04,1.016426400000000000e+07,1.024062200000000000e+07,-7.635800000000000000e+04,1.202454020000000000e+09,1.195495300000000000e+09,6.958720000000000000e+06,3.388769839999999931e+02,3.403778689999999756e+02,-1.500884999999982483e+00
2.321000000000000000e+03,3.244170410000000174e+03,3.282560789999999997e+03,-3.839037999999982276e+01,8.879101559999999154e+03,8.833140620000000126e+03,4.596093999999902735e+01,4.355460619999999763e+05,4.394183750000000000e+05,-3.872313000000023749e+03,1.321009280000000035e+04,1.321009280000000035e+04,0.000000000000000000e+00,8.240447000000000000e+06,8.183580000000000000e+06,5.686700000000000000e+04,1.025293700000000000e+07,1.032857900000000000e+07,-7.564200000000000000e+04,1.206820740000000000e+09,1.199927170000000000e+09,6.893570000000000000e+06,3.382106630000000109e+02,3.395716550000000211e+02,-1.360992000000010194e+00
2.331000000000000000e+03,2.403828370000000177e+03,2.438187010000000100e+03,-3.435863999999992302e+01,4.697402829999999994e+03,4.654974610000000212e+03,4.242821999999978289e+01,3.219361250000000000e+05,3.253984689999999828e+05,-3.462343999999982771e+03,3.840124020000000201e+03,3.840124020000000201e+03,0.000000000000000000e+00,8.264485000000000000e+06,8.207651500000000000e+06,5.683350000000000000e+04,1.029991100000000000e+07,1.037556700000000000e+07,-7.565600000000000000e+04,1.210040060000000000e+09,1.203138430000000000e+09,6.901630000000000000e+06,3.295780330000000049e+02,3.308133540000000039e+02,-1.235320999999999003e+00
2.341000000000000000e+03,2.578037839999999960e+03,2.630851560000000063e+03,-5.281372000000010303e+01,5.120722660000000360e+03,5.053313479999999799e+03,6.740918000000056054e+01,3.440481560000000172e+05,3.499579689999999828e+05,-5.909812999999965541e+03,1.280003319999999985e+04,1.280003219999999965e+04,1.000000000203726813e-03,8.290540000000000000e+06,8.234238000000000000e+06,5.630200000000000000e+04,1.035073500000000000e+07,1.042571500000000000e+07,-7.498000000000000000e+04,1.213517950000000000e+09,1.206675580000000000e+09,6.842370000000000000e+06,3.381656800000000089e+02,3.392991940000000000e+02,-1.133513999999991029e+00
2.351000000000000000e+03,2.789258789999999863e+03,2.853419429999999920e+03,-6.416064000000005763e+01,8.999882809999999154e+03,8.917266600000000835e+03,8.261620999999831838e+01,3.726195310000000172e+05,3.797324060000000172e+05,-7.112875000000000000e+03,1.359853909999999996e+04,1.359853909999999996e+04,0.000000000000000000e+00,8.318433000000000000e+06,8.263060000000000000e+06,5.537300000000000000e+04,1.044073400000000000e+07,1.051447800000000000e+07,-7.374400000000000000e+04,1.217244160000000000e+09,1.210514050000000000e+09,6.730110000000000000e+06,3.394251100000000179e+02,3.405142519999999990e+02,-1.089141999999981181e+00
2.361000000000000000e+03,2.850606929999999920e+03,2.918888669999999820e+03,-6.828173999999989974e+01,9.027513670000000275e+03,8.942587890000000698e+03,8.492577999999957683e+01,3.822874380000000237e+05,3.888946560000000172e+05,-6.607217999999993481e+03,1.287967189999999937e+04,1.287967089999999916e+04,1.000000000203726813e-03,8.346939000000000000e+06,8.292350000000000000e+06,5.458900000000000000e+04,1.053100900000000000e+07,1.060376300000000000e+07,-7.275400000000000000e+04,1.221067010000000000e+09,1.214416130000000000e+09,6.650880000000000000e+06,3.389104609999999980e+02,3.399396060000000261e+02,-1.029145000000028176e+00
2.371000000000000000e+03,2.593750000000000000e+03,2.662313720000000103e+03,-6.856372000000010303e+01,8.402348630000000412e+03,8.315295899999999165e+03,8.705273000000124739e+01,3.472934380000000237e+05,3.545318439999999828e+05,-7.238405999999959022e+03,1.161478809999999976e+04,1.161478809999999976e+04,0.000000000000000000e+00,8.372876500000000000e+06,8.319008500000000000e+06,5.386800000000000000e+04,1.061503200000000000e+07,1.068687100000000000e+07,-7.183900000000000000e+04,1.224540030000000000e+09,1.217964160000000000e+09,6.575870000000000000e+06,3.379811710000000176e+02,3.389600520000000188e+02,-9.788810000000012224e-01
2.381000000000000000e+03,2.626873289999999997e+03,2.695174559999999929e+03,-6.830126999999993131e+01,8.767652340000000549e+03,8.679944340000000011e+03,8.770800000000053842e+01,3.516365619999999763e+05,3.592035310000000172e+05,-7.566969000000040978e+03,1.291477930000000015e+04,1.291477930000000015e+04,0.000000000000000000e+00,8.399145000000000000e+06,8.346055000000000000e+06,5.309000000000000000e+04,1.070270900000000000e+07,1.077354200000000000e+07,-7.083300000000000000e+04,1.228056320000000000e+09,1.221567620000000000e+09,6.488700000000000000e+06,3.388714289999999778e+02,3.398104860000000258e+02,-9.390570000000479922e-01
2.391000000000000000e+03,2.594659909999999854e+03,2.661645509999999831e+03,-6.698559999999997672e+01,8.488554690000000846e+03,8.403106449999999313e+03,8.544824000000153319e+01,3.471221250000000000e+05,3.545302810000000172e+05,-7.408156000000017229e+03,1.122993750000000000e+04,1.122993750000000000e+04,0.000000000000000000e+00,8.425092000000000000e+06,8.372685500000000000e+06,5.240650000000000000e+04,1.078759400000000000e+07,1.085755400000000000e+07,-6.996000000000000000e+04,1.231527550000000000e+09,1.225114240000000000e+09,6.413310000000000000e+06,3.370004270000000020e+02,3.378919070000000033e+02,-8.914800000000013824e-01
2.401000000000000000e+03,2.447761959999999817e+03,2.515232669999999871e+03,-6.747071000000005370e+01,8.296856449999999313e+03,8.210302729999999428e+03,8.655371999999988475e+01,3.271467500000000000e+05,3.346453439999999828e+05,-7.498593999999982771e+03,1.259555860000000030e+04,1.259555860000000030e+04,0.000000000000000000e+00,8.449569000000000000e+06,8.397925000000000000e+06,5.164400000000000000e+04,1.087056300000000000e+07,1.093953500000000000e+07,-6.897200000000000000e+04,1.234798980000000000e+09,1.228472580000000000e+09,6.326400000000000000e+06,3.389368590000000268e+02,3.397819820000000277e+02,-8.451230000000009568e-01
2.411000000000000000e+03,2.549377689999999802e+03,2.610994630000000143e+03,-6.161694000000034066e+01,8.950156250000000000e+03,8.871725590000000011e+03,7.843065999999998894e+01,3.414973750000000000e+05,3.481275619999999763e+05,-6.630186999999976251e+03,1.263179689999999937e+04,1.263179689999999937e+04,0.000000000000000000e+00,8.475063000000000000e+06,8.424128000000000000e+06,5.093500000000000000e+04,1.096006400000000000e+07,1.102812400000000000e+07,-6.806000000000000000e+04,1.238214020000000000e+09,1.231965820000000000e+09,6.248200000000000000e+06,3.392113340000000221e+02,3.400199890000000096e+02,-8.086549999999874672e-01
2.421000000000000000e+03,2.519478999999999814e+03,2.579030270000000201e+03,-5.955127000000038606e+01,9.112517579999999725e+03,9.037555659999999989e+03,7.496191999999973632e+01,3.377440939999999828e+05,3.439355000000000000e+05,-6.191406000000017229e+03,1.284947270000000026e+04,1.284947270000000026e+04,0.000000000000000000e+00,8.500258000000000000e+06,8.450014000000000000e+06,5.024400000000000000e+04,1.105119000000000000e+07,1.111836400000000000e+07,-6.717400000000000000e+04,1.241591420000000000e+09,1.235418370000000000e+09,6.173050000000000000e+06,3.396441649999999868e+02,3.404081729999999766e+02,-7.640079999999898064e-01
2.431000000000000000e+03,6.132602540000000317e+02,6.828859860000000026e+02,-6.962573199999997087e+01,3.519242429999999786e+03,3.424381589999999960e+03,9.486083999999982552e+01,8.161853909999999451e+04,9.061176559999999881e+04,-8.993226500000004307e+03,4.993571289999999863e+03,4.993571289999999863e+03,0.000000000000000000e+00,8.506390000000000000e+06,8.456701000000000000e+06,4.968900000000000000e+04,1.108638200000000000e+07,1.115280800000000000e+07,-6.642600000000000000e+04,1.242407680000000000e+09,1.236305660000000000e+09,6.102020000000000000e+06,3.412753599999999778e+02,3.421355290000000196e+02,-8.601690000000417058e-01
2.441000000000000000e+03,1.517298710000000028e+03,1.628745609999999942e+03,-1.114468999999999141e+02,8.270626949999999852e+03,8.117628420000000006e+03,1.529985299999998460e+02,2.020871879999999946e+05,2.165998910000000033e+05,-1.451270300000000861e+04,1.177551950000000033e+04,1.177551950000000033e+04,0.000000000000000000e+00,8.521563000000000000e+06,8.472982000000000000e+06,4.858100000000000000e+04,1.116908800000000000e+07,1.123399800000000000e+07,-6.491000000000000000e+04,1.244428540000000000e+09,1.238470020000000000e+09,5.958520000000000000e+06,3.440854190000000017e+02,3.449613039999999842e+02,-8.758849999999824831e-01
2.451000000000000000e+03,2.620068119999999908e+03,2.688512450000000172e+03,-6.844433000000026368e+01,8.877326170000000275e+03,8.790064449999999852e+03,8.726172000000042317e+01,3.494341250000000000e+05,3.567567189999999828e+05,-7.322593999999982771e+03,1.277570210000000043e+04,1.277570210000000043e+04,0.000000000000000000e+00,8.547764000000000000e+06,8.500079000000000000e+06,4.768500000000000000e+04,1.125786200000000000e+07,1.132160000000000000e+07,-6.373800000000000000e+04,1.247922820000000000e+09,1.242066560000000000e+09,5.856260000000000000e+06,3.441790159999999901e+02,3.449342350000000010e+02,-7.552190000000109649e-01
2.461000000000000000e+03,2.519696289999999863e+03,2.566021479999999883e+03,-4.632519000000002052e+01,9.173280269999999291e+03,9.117742190000000846e+03,5.553807999999844469e+01,3.367276250000000000e+05,3.407223119999999763e+05,-3.994686999999976251e+03,1.293373630000000048e+04,1.293373630000000048e+04,0.000000000000000000e+00,8.572961000000000000e+06,8.525968000000000000e+06,4.699300000000000000e+04,1.134959400000000000e+07,1.141246900000000000e+07,-6.287500000000000000e+04,1.251290110000000000e+09,1.245500030000000000e+09,5.790080000000000000e+06,3.444054259999999772e+02,3.450899350000000254e+02,-6.845090000000482178e-01
2.471000000000000000e+03,2.047109619999999950e+03,2.096012940000000071e+03,-4.890332000000012158e+01,8.127354000000000269e+03,8.067430180000000291e+03,5.992381999999997788e+01,2.722873439999999828e+05,2.767796560000000172e+05,-4.492312000000034459e+03,1.114390530000000035e+04,1.114390619999999944e+04,-8.999999990919604897e-04,8.593432000000000000e+06,8.546934000000000000e+06,4.649800000000000000e+04,1.143086800000000000e+07,1.149313800000000000e+07,-6.227000000000000000e+04,1.254013060000000000e+09,1.248268030000000000e+09,5.745030000000000000e+06,3.447041929999999752e+02,3.453652950000000033e+02,-6.611020000000280561e-01
2.481000000000000000e+03,2.388435300000000097e+03,2.425535159999999905e+03,-3.709985999999980777e+01,8.916568359999999302e+03,8.873520510000000286e+03,4.304784999999901629e+01,3.200948439999999828e+05,3.229499380000000237e+05,-2.855094000000040978e+03,1.244553319999999985e+04,1.244553319999999985e+04,0.000000000000000000e+00,8.617317000000000000e+06,8.571331000000000000e+06,4.598600000000000000e+04,1.152003400000000000e+07,1.158167900000000000e+07,-6.164500000000000000e+04,1.257213950000000000e+09,1.251515260000000000e+09,5.698690000000000000e+06,3.448953250000000139e+02,3.455077820000000202e+02,-6.124570000000062464e-01
2.491000000000000000e+03,2.306364750000000186e+03,2.331095460000000003e+03,-2.473070999999981723e+01,8.764388670000000275e+03,8.739109379999999874e+03,2.527929000000040105e+01,3.091112810000000172e+05,3.101328119999999763e+05,-1.021530999999959022e+03,1.264831049999999959e+04,1.264831049999999959e+04,0.000000000000000000e+00,8.640380000000000000e+06,8.594801000000000000e+06,4.557900000000000000e+04,1.160767700000000000e+07,1.166884800000000000e+07,-6.117100000000000000e+04,1.260305020000000000e+09,1.254638080000000000e+09,5.666940000000000000e+06,3.460816960000000222e+02,3.466570740000000228e+02,-5.753780000000006112e-01
2.501000000000000000e+03,2.268166259999999966e+03,2.284270750000000135e+03,-1.610449000000016895e+01,8.678944340000000011e+03,8.665510739999999714e+03,1.343360000000029686e+01,3.040244060000000172e+05,3.040310939999999828e+05,-6.687999999965541065e+00,1.234170509999999922e+04,1.234170509999999922e+04,0.000000000000000000e+00,8.663062000000000000e+06,8.617749000000000000e+06,4.531300000000000000e+04,1.169446700000000000e+07,1.175535800000000000e+07,-6.089100000000000000e+04,1.263345280000000000e+09,1.257692030000000000e+09,5.653250000000000000e+06,3.469467470000000162e+02,3.474882509999999911e+02,-5.415039999999748943e-01
2.511000000000000000e+03,2.289467039999999997e+03,2.293406980000000203e+03,-3.939940000000206055e+00,9.096840819999999439e+03,9.100021479999999428e+03,-3.180659999999988941e+00,3.070267500000000000e+05,3.053795000000000000e+05,1.647250000000000000e+03,1.279266020000000026e+04,1.279266020000000026e+04,0.000000000000000000e+00,8.685957000000000000e+06,8.640777000000000000e+06,4.518000000000000000e+04,1.178543500000000000e+07,1.184622900000000000e+07,-6.079400000000000000e+04,1.266415620000000000e+09,1.260758020000000000e+09,5.657600000000000000e+06,3.478041989999999828e+02,3.483234249999999861e+02,-5.192260000000032960e-01
2.521000000000000000e+03,2.202789310000000114e+03,2.204991939999999886e+03,-2.202629999999771826e+00,8.656205079999999725e+03,8.662530269999999291e+03,-6.325189999999565771e+00,2.950191880000000237e+05,2.929954060000000172e+05,2.023782000000006519e+03,1.048175000000000000e+04,1.048174899999999980e+04,1.000000000203726813e-03,8.707984000000000000e+06,8.662683000000000000e+06,4.530100000000000000e+04,1.187199700000000000e+07,1.193305300000000000e+07,-6.105600000000000000e+04,1.269365760000000000e+09,1.263668610000000000e+09,5.697150000000000000e+06,3.449671329999999898e+02,3.454377140000000281e+02,-4.705810000000383297e-01
2.524000000000000000e+03,5.342485349999999471e+02,6.337037960000000112e+02,-9.945526100000006409e+01,3.178954349999999977e+03,3.041290770000000066e+03,1.376635799999999108e+02,7.125803909999999451e+04,8.470054690000000119e+04,-1.344250780000000668e+04,5.565443360000000212e+03,5.565443360000000212e+03,0.000000000000000000e+00,8.709587000000000000e+06,8.664585000000000000e+06,4.500200000000000000e+04,1.188153400000000000e+07,1.194217700000000000e+07,-6.064300000000000000e+04,1.269579520000000000e+09,1.263922690000000000e+09,5.656830000000000000e+06,3.460768739999999752e+02,3.465563050000000089e+02,-4.794310000000336913e-01
2.531000000000000000e+03,5.716863399999999729e+02,6.641644900000000007e+02,-9.247815000000002783e+01,3.125775880000000143e+03,2.998220460000000003e+03,1.275554200000001401e+02,7.646690619999999763e+04,8.875789059999999881e+04,-1.229098440000000119e+04,5.565443360000000212e+03,5.565443360000000212e+03,0.000000000000000000e+00,8.713515000000000000e+06,8.669146000000000000e+06,4.436900000000000000e+04,1.190352000000000000e+07,1.196328800000000000e+07,-5.976800000000000000e+04,1.270104580000000000e+09,1.264532480000000000e+09,5.572100000000000000e+06,3.486925959999999804e+02,3.493517759999999726e+02,-6.591799999999921056e-01
2.541000000000000000e+03,5.991577760000000126e+02,6.661648559999999861e+02,-6.700707999999997355e+01,3.273918700000000172e+03,3.181896479999999883e+03,9.202222000000028856e+01,8.178026559999999881e+04,9.033677340000000549e+04,-8.556507800000006682e+03,5.374321289999999863e+03,5.374320800000000418e+03,4.899999994449899532e-04,8.719506000000000000e+06,8.675619000000000000e+06,4.388700000000000000e+04,1.193625900000000000e+07,1.199537100000000000e+07,-5.911200000000000000e+04,1.270922370000000000e+09,1.265410820000000000e+09,5.511550000000000000e+06,3.517430420000000026e+02,3.525167240000000106e+02,-7.736820000000079744e-01
2.551000000000000000e+03,7.243154299999999921e+02,7.831796880000000556e+02,-5.886425800000006348e+01,3.363965580000000045e+03,3.283332030000000032e+03,8.063355000000001382e+01,9.792522659999999451e+04,1.052520620000000054e+05,-7.326835400000010850e+03,5.806449709999999868e+03,5.806449709999999868e+03,0.000000000000000000e+00,8.726750000000000000e+06,8.683421000000000000e+06,4.332900000000000000e+04,1.196989900000000000e+07,1.202824800000000000e+07,-5.834900000000000000e+04,1.271901700000000000e+09,1.266459650000000000e+09,5.442050000000000000e+06,3.549216000000000122e+02,3.557412410000000023e+02,-8.196409999999900720e-01
2.558000000000000000e+03,9.509929200000000264e+02,9.913472900000000436e+02,-4.035437000000001717e+01,3.534754150000000209e+03,3.481603999999999814e+03,5.315015000000039436e+01,1.273456480000000010e+05,1.319771719999999914e+05,-4.631523999999990338e+03,4.959635250000000269e+03,4.959635250000000269e+03,0.000000000000000000e+00,8.733407000000000000e+06,8.690341000000000000e+06,4.306600000000000000e+04,1.199464200000000000e+07,1.205264600000000000e+07,-5.800400000000000000e+04,1.272793090000000000e+09,1.267380860000000000e+09,5.412230000000000000e+06,3.549994810000000030e+02,3.557744749999999954e+02,-7.749939999999924112e-01
2.561000000000000000e+03,3.454940669999999955e+03,9.948338619999999537e+02,2.460106808000000001e+03,3.949731929999999920e+03,3.476633060000000114e+03,4.730988699999998062e+02,4.740013750000000000e+05,1.324671719999999914e+05,3.415342029999999795e+05,4.959635250000000269e+03,4.959635250000000269e+03,0.000000000000000000e+00,8.743771000000000000e+06,8.693326000000000000e+06,5.044500000000000000e+04,1.200649100000000000e+07,1.206307600000000000e+07,-5.658500000000000000e+04,1.274215040000000000e+09,1.267778300000000000e+09,6.436740000000000000e+06,3.520632320000000277e+02,3.558328859999999736e+02,-3.769653999999945881e+00
2.571000000000000000e+03,3.006985839999999826e+03,3.368720949999999903e+03,-3.617351100000000770e+02,4.171378910000000360e+03,3.605038820000000214e+03,5.663400900000001457e+02,4.118940939999999828e+05,4.776191560000000172e+05,-6.572506200000003446e+04,6.670716800000000148e+03,6.670716800000000148e+03,0.000000000000000000e+00,8.774092000000000000e+06,8.727370000000000000e+06,4.672200000000000000e+04,1.204785400000000000e+07,1.209859500000000000e+07,-5.074100000000000000e+04,1.278368510000000000e+09,1.272612610000000000e+09,5.755900000000000000e+06,3.476790470000000255e+02,3.511155699999999911e+02,-3.436522999999965577e+00
2.581000000000000000e+03,2.685535400000000209e+03,3.151349610000000212e+03,-4.658142100000000028e+02,4.298728030000000217e+03,3.583797120000000177e+03,7.149309100000000399e+02,3.631934380000000237e+05,4.439108750000000000e+05,-8.071743699999997625e+04,6.713954590000000280e+03,6.713954590000000280e+03,0.000000000000000000e+00,8.800947000000000000e+06,8.758961000000000000e+06,4.198600000000000000e+04,1.209084200000000000e+07,1.213430500000000000e+07,-4.346300000000000000e+04,1.282000510000000000e+09,1.277068030000000000e+09,4.932480000000000000e+06,3.446000060000000076e+02,3.479093629999999848e+02,-3.309356999999977234e+00
2.591000000000000000e+03,2.177040039999999863e+03,2.819897219999999834e+03,-6.428571799999999712e+02,4.065460939999999937e+03,3.099936769999999797e+03,9.655241700000001401e+02,2.905788439999999828e+05,3.961143119999999763e+05,-1.055354679999999935e+05,5.796218259999999646e+03,5.796218259999999646e+03,0.000000000000000000e+00,8.822718000000000000e+06,8.787270000000000000e+06,3.544800000000000000e+04,1.213149600000000000e+07,1.216513200000000000e+07,-3.363600000000000000e+04,1.284906240000000000e+09,1.281049340000000000e+09,3.856900000000000000e+06,3.416690370000000030e+02,3.450268550000000118e+02,-3.357818000000008851e+00
2.601000000000000000e+03,2.052517330000000129e+03,2.475182859999999891e+03,-4.226655299999997624e+02,4.071946530000000166e+03,3.435986330000000180e+03,6.359601999999999862e+02,2.790131250000000000e+05,3.485138439999999828e+05,-6.950071899999998277e+04,8.475980470000000423e+03,8.475980470000000423e+03,0.000000000000000000e+00,8.843243000000000000e+06,8.812309000000000000e+06,3.093400000000000000e+04,1.217221600000000000e+07,1.219907800000000000e+07,-2.686200000000000000e+04,1.287696380000000000e+09,1.284576510000000000e+09,3.119870000000000000e+06,3.451146850000000086e+02,3.485090640000000235e+02,-3.394379000000014912e+00
2.611000000000000000e+03,2.988982669999999871e+03,3.361549070000000029e+03,-3.725664000000001579e+02,4.893904789999999593e+03,4.332420900000000074e+03,5.614838899999995192e+02,4.117575000000000000e+05,4.735435000000000000e+05,-6.178600000000000000e+04,1.049700100000000020e+04,1.049700000000000000e+04,1.000000000203726813e-03,8.873133000000000000e+06,8.846665000000000000e+06,2.646800000000000000e+04,1.222115500000000000e+07,1.224134600000000000e+07,-2.019100000000000000e+04,1.291814020000000000e+09,1.289418110000000000e+09,2.395910000000000000e+06,3.479068909999999732e+02,3.512107240000000274e+02,-3.303833000000054199e+00
2.621000000000000000e+03,2.639484129999999823e+03,2.953457519999999931e+03,-3.139733900000001086e+02,4.908914060000000063e+03,4.434542970000000423e+03,4.743710899999996400e+02,3.602571560000000172e+05,4.127715000000000000e+05,-5.251434399999998277e+04,8.441771479999999428e+03,8.441771479999999428e+03,0.000000000000000000e+00,8.899528000000000000e+06,8.876615000000000000e+06,2.291300000000000000e+04,1.227024400000000000e+07,1.228509100000000000e+07,-1.484700000000000000e+04,1.295416580000000000e+09,1.293607810000000000e+09,1.808770000000000000e+06,3.474540410000000179e+02,3.506860659999999825e+02,-3.232024999999964621e+00
2.631000000000000000e+03,2.335187010000000100e+03,2.706352780000000166e+03,-3.711657700000000659e+02,4.971270019999999931e+03,4.418505860000000212e+03,5.527641599999997197e+02,3.119511560000000172e+05,3.718682810000000172e+05,-5.991712500000000000e+04,8.536540039999999863e+03,8.536540039999999863e+03,0.000000000000000000e+00,8.922879000000000000e+06,8.904263000000000000e+06,1.861600000000000000e+04,1.231995700000000000e+07,1.232843100000000000e+07,-8.474000000000000000e+03,1.298536060000000000e+09,1.297413120000000000e+09,1.122940000000000000e+06,3.480441280000000006e+02,3.513434449999999742e+02,-3.299316999999973632e+00
2.641000000000000000e+03,2.934757570000000214e+03,3.088777590000000146e+03,-1.540200199999999313e+02,4.824870609999999942e+03,4.595789550000000418e+03,2.290810599999995247e+02,3.971870000000000000e+05,4.222633750000000000e+05,-2.507637500000000000e+04,8.701473630000000412e+03,8.701473630000000412e+03,0.000000000000000000e+00,8.952435000000000000e+06,8.935673000000000000e+06,1.676200000000000000e+04,1.236791800000000000e+07,1.237365300000000000e+07,-5.735000000000000000e+03,1.302535040000000000e+09,1.301707780000000000e+09,8.272600000000000000e+05,3.469475400000000036e+02,3.502067870000000198e+02,-3.259247000000016214e+00
2.651000000000000000e+03,3.408166749999999865e+03,3.521057369999999992e+03,-1.128906200000001263e+02,5.175463380000000143e+03,5.006575200000000223e+03,1.688881799999999203e+02,4.635496560000000172e+05,4.825044060000000172e+05,-1.895475000000000000e+04,8.723330079999999725e+03,8.723329100000000835e+03,9.799999988899799064e-04,8.986517000000000000e+06,8.971476000000000000e+06,1.504100000000000000e+04,1.241967300000000000e+07,1.242287600000000000e+07,-3.203000000000000000e+03,1.307170560000000000e+09,1.306616960000000000e+09,5.536000000000000000e+05,3.436727290000000039e+02,3.467905880000000138e+02,-3.117859000000009928e+00
2.661000000000000000e+03,2.674307620000000043e+03,2.912155760000000100e+03,-2.378481400000000576e+02,5.042020999999999731e+03,4.691696289999999863e+03,3.503247099999998682e+02,3.546156560000000172e+05,3.923657189999999828e+05,-3.775006299999996554e+04,9.054730470000000423e+03,9.054730470000000423e+03,0.000000000000000000e+00,9.013260000000000000e+06,9.000957000000000000e+06,1.230300000000000000e+04,1.247009300000000000e+07,1.246928600000000000e+07,8.070000000000000000e+02,1.310716800000000000e+09,1.310589700000000000e+09,1.271000000000000000e+05,3.440884090000000128e+02,3.473210139999999910e+02,-3.232604999999978190e+00
2.671000000000000000e+03,2.990049799999999777e+03,3.112204099999999926e+03,-1.221543000000001484e+02,5.517933589999999640e+03,5.331956540000000132e+03,1.859770499999995081e+02,4.014373439999999828e+05,4.229680939999999828e+05,-2.153075000000000000e+04,1.151157619999999952e+04,1.151157619999999952e+04,0.000000000000000000e+00,9.043160000000000000e+06,9.032565000000000000e+06,1.059500000000000000e+04,1.252527200000000000e+07,1.252193400000000000e+07,3.338000000000000000e+03,1.314731140000000000e+09,1.314882430000000000e+09,-1.512900000000000000e+05,3.475429379999999924e+02,3.508800959999999804e+02,-3.337157999999988078e+00
2.681000000000000000e+03,3.499405270000000201e+03,3.567492679999999837e+03,-6.808740999999963606e+01,5.612313960000000407e+03,5.510332029999999577e+03,1.019819300000008298e+02,4.781396880000000237e+05,4.903305000000000000e+05,-1.219081199999997625e+04,8.824067380000000412e+03,8.824066409999999451e+03,9.700000009615905583e-04,9.078331000000000000e+06,9.068621000000000000e+06,9.710000000000000000e+03,1.258115400000000000e+07,1.257649500000000000e+07,4.659000000000000000e+03,1.319534460000000000e+09,1.319839740000000000e+09,-3.052800000000000000e+05,3.430989989999999921e+02,3.463221439999999802e+02,-3.223144999999988158e+00
2.691000000000000000e+03,2.501964359999999942e+03,2.710879879999999957e+03,-2.089155200000000150e+02,5.361835939999999937e+03,5.056631349999999657e+03,3.052045900000002803e+02,3.318133439999999828e+05,3.648123119999999763e+05,-3.299896799999999348e+04,8.692958979999999428e+03,8.692958979999999428e+03,0.000000000000000000e+00,9.103350000000000000e+06,9.095890000000000000e+06,7.460000000000000000e+03,1.263477200000000000e+07,1.262683600000000000e+07,7.936000000000000000e+03,1.322852610000000000e+09,1.323509630000000000e+09,-6.570200000000000000e+05,3.427231140000000096e+02,3.460052489999999921e+02,-3.282134999999982483e+00
2.701000000000000000e+03,2.494641599999999926e+03,2.650587160000000040e+03,-1.559455600000001141e+02,5.359240230000000338e+03,5.132181639999999788e+03,2.270585900000005495e+02,3.331848439999999828e+05,3.578311250000000000e+05,-2.464628100000001723e+04,8.551165039999999863e+03,8.551165039999999863e+03,0.000000000000000000e+00,9.128297000000000000e+06,9.122484000000000000e+06,5.813000000000000000e+03,1.268836400000000000e+07,1.267803500000000000e+07,1.032900000000000000e+04,1.326184450000000000e+09,1.327099260000000000e+09,-9.148100000000000000e+05,3.419873049999999921e+02,3.453365170000000148e+02,-3.349212000000022726e+00
2.711000000000000000e+03,2.691399660000000040e+03,2.807060300000000097e+03,-1.156606400000000576e+02,5.669174799999999777e+03,5.500605470000000423e+03,1.685693299999993542e+02,3.637157500000000000e+05,3.820962189999999828e+05,-1.838046899999998277e+04,8.460638670000000275e+03,8.460638670000000275e+03,0.000000000000000000e+00,9.155300000000000000e+06,9.150687000000000000e+06,4.613000000000000000e+03,1.274493000000000000e+07,1.273285100000000000e+07,1.207900000000000000e+04,1.329833860000000000e+09,1.330939260000000000e+09,-1.105400000000000000e+06,3.396728209999999990e+02,3.430161439999999970e+02,-3.343322999999998046e+00
2.721000000000000000e+03,2.405614990000000034e+03,2.545397219999999834e+03,-1.397822299999997995e+02,5.536954099999999926e+03,5.333539060000000063e+03,2.034150399999998626e+02,3.238598750000000000e+05,3.459217500000000000e+05,-2.206187500000000000e+04,8.718693359999999302e+03,8.718693359999999302e+03,0.000000000000000000e+00,9.179356000000000000e+06,9.176140000000000000e+06,3.216000000000000000e+03,1.280030000000000000e+07,1.278618900000000000e+07,1.411100000000000000e+04,1.333072510000000000e+09,1.334397700000000000e+09,-1.325190000000000000e+06,3.393257449999999835e+02,3.426722720000000209e+02,-3.346527000000037333e+00
2.731000000000000000e+03,2.799418459999999868e+03,2.852679200000000037e+03,-5.326074000000016895e+01,5.875514650000000074e+03,5.798960939999999937e+03,7.655371000000013737e+01,3.856161880000000237e+05,3.943475619999999763e+05,-8.731373999999952503e+03,1.103459380000000056e+04,1.103459280000000035e+04,1.000000000203726813e-03,9.207350000000000000e+06,9.205121000000000000e+06,2.229000000000000000e+03,1.285905500000000000e+07,1.284353100000000000e+07,1.552400000000000000e+04,1.336928640000000000e+09,1.338406270000000000e+09,-1.477630000000000000e+06,3.418737790000000132e+02,3.451860960000000205e+02,-3.312317000000007283e+00
2.741000000000000000e+03,2.992711670000000140e+03,3.009304929999999786e+03,-1.659325999999964552e+01,6.338030270000000201e+03,6.315583980000000338e+03,2.244628999999986263e+01,4.134924380000000237e+05,4.163910939999999828e+05,-2.898655999999959022e+03,1.140835349999999926e+04,1.140835349999999926e+04,0.000000000000000000e+00,9.237489000000000000e+06,9.235655000000000000e+06,1.834000000000000000e+03,1.292213900000000000e+07,1.290606000000000000e+07,1.607900000000000000e+04,1.341092220000000000e+09,1.342632830000000000e+09,-1.540610000000000000e+06,3.435741269999999759e+02,3.467871700000000033e+02,-3.213043000000027405e+00
2.751000000000000000e+03,2.291831790000000183e+03,2.452406739999999900e+03,-1.605749499999997170e+02,5.878026859999999942e+03,5.645911619999999857e+03,2.321152400000000853e+02,3.079697810000000172e+05,3.324623439999999828e+05,-2.449256299999996554e+04,8.605846680000000561e+03,8.605846680000000561e+03,0.000000000000000000e+00,9.260408000000000000e+06,9.260294000000000000e+06,1.140000000000000000e+02,1.298092000000000000e+07,1.296235200000000000e+07,1.856800000000000000e+04,1.344171900000000000e+09,1.345974400000000000e+09,-1.802500000000000000e+06,3.426688839999999914e+02,3.459374690000000214e+02,-3.268585000000030050e+00
2.761000000000000000e+03,2.167424070000000029e+03,2.302535640000000058e+03,-1.351115700000000288e+02,5.734445800000000418e+03,5.541872070000000349e+03,1.925737300000000687e+02,2.920045310000000172e+05,3.117726880000000237e+05,-1.976815700000000652e+04,9.052731449999999313e+03,9.052731449999999313e+03,0.000000000000000000e+00,9.282159000000000000e+06,9.283412000000000000e+06,-1.253000000000000000e+03,1.303815700000000000e+07,1.301764300000000000e+07,2.051400000000000000e+04,1.347102080000000000e+09,1.349104260000000000e+09,-2.002180000000000000e+06,3.432736820000000080e+02,3.466382449999999835e+02,-3.364562999999975546e+00
2.771000000000000000e+03,2.687315669999999955e+03,2.741866210000000137e+03,-5.455054000000018277e+01,6.023285640000000058e+03,5.950831540000000132e+03,7.245409999999992579e+01,3.717601880000000237e+05,3.784051250000000000e+05,-6.644936999999976251e+03,9.088262699999999313e+03,9.088262699999999313e+03,0.000000000000000000e+00,9.309032000000000000e+06,9.311149000000000000e+06,-2.117000000000000000e+03,1.309839000000000000e+07,1.307669800000000000e+07,2.169200000000000000e+04,1.350819710000000000e+09,1.352933120000000000e+09,-2.113410000000000000e+06,3.412409670000000119e+02,3.445178829999999834e+02,-3.276915999999971518e+00
2.781000000000000000e+03,2.336904050000000097e+03,2.385736570000000029e+03,-4.883251999999993131e+01,5.895917970000000423e+03,5.830743159999999989e+03,6.517481000000043423e+01,3.216264060000000172e+05,3.276385619999999763e+05,-6.012155999999959022e+03,8.763406250000000000e+03,8.763406250000000000e+03,0.000000000000000000e+00,9.332401000000000000e+06,9.335178000000000000e+06,-2.777000000000000000e+03,1.315734900000000000e+07,1.313476300000000000e+07,2.258600000000000000e+04,1.354035970000000000e+09,1.356233090000000000e+09,-2.197120000000000000e+06,3.402592470000000162e+02,3.435399479999999812e+02,-3.280700999999965006e+00
2.784000000000000000e+03,2.005075070000000096e+03,2.121988530000000083e+03,-1.169134599999999864e+02,5.764861329999999725e+03,5.593248050000000148e+03,1.716132799999995768e+02,2.692866880000000237e+05,2.876233750000000000e+05,-1.833668699999997625e+04,9.020673829999999725e+03,9.020673829999999725e+03,0.000000000000000000e+00,9.338417000000000000e+06,9.341554000000000000e+06,-3.137000000000000000e+03,1.317464400000000000e+07,1.315152600000000000e+07,2.311800000000000000e+04,1.354843780000000000e+09,1.357097860000000000e+09,-2.254080000000000000e+06,3.407214359999999829e+02,3.439823299999999904e+02,-3.260894000000007509e+00
2.791000000000000000e+03,1.996883540000000039e+03,2.143424559999999929e+03,-1.465410199999998895e+02,5.761371089999999640e+03,5.554993159999999989e+03,2.063779299999996510e+02,2.721367810000000172e+05,2.926211880000000237e+05,-2.048440700000000652e+04,9.020673829999999725e+03,9.020673829999999725e+03,0.000000000000000000e+00,9.352395000000000000e+06,9.356807000000000000e+06,-4.412000000000000000e+03,1.321497300000000000e+07,1.319005100000000000e+07,2.492200000000000000e+04,1.356748800000000000e+09,1.359182980000000000e+09,-2.434180000000000000e+06,3.414973749999999768e+02,3.448664249999999925e+02,-3.369050000000015643e+00
2.801000000000000000e+03,9.342157590000000482e+02,1.021214720000000057e+03,-8.699896100000000843e+01,3.186353520000000117e+03,3.067345460000000003e+03,1.190080600000001141e+02,1.306669450000000070e+05,1.421330469999999914e+05,-1.146610199999998440e+04,4.336263179999999920e+03,4.336263179999999920e+03,0.000000000000000000e+00,9.361499000000000000e+06,9.366973000000000000e+06,-5.474000000000000000e+03,1.324716900000000000e+07,1.322076800000000000e+07,2.640100000000000000e+04,1.358023040000000000e+09,1.360603780000000000e+09,-2.580740000000000000e+06,3.418707580000000235e+02,3.452535710000000222e+02,-3.382812999999998738e+00
2.811000000000000000e+03,2.551395259999999780e+03,2.560306399999999940e+03,-8.911140000000159489e+00,5.731542480000000069e+03,5.722974119999999857e+03,8.568360000000211585e+00,3.554002500000000000e+05,3.555403439999999828e+05,-1.400939999999827705e+02,9.252196289999999863e+03,9.252196289999999863e+03,0.000000000000000000e+00,9.387348000000000000e+06,9.393069000000000000e+06,-5.721000000000000000e+03,1.330400100000000000e+07,1.327729400000000000e+07,2.670700000000000000e+04,1.361626620000000000e+09,1.364229380000000000e+09,-2.602760000000000000e+06,3.414080510000000004e+02,3.446822510000000079e+02,-3.274200000000007549e+00
2.821000000000000000e+03,2.623009280000000217e+03,2.570830080000000180e+03,5.217920000000003711e+01,5.838175779999999577e+03,5.917858400000000074e+03,-7.968262000000049738e+01,3.677933119999999763e+05,3.590530619999999763e+05,8.740250000000000000e+03,8.777384770000000572e+03,8.777384770000000572e+03,0.000000000000000000e+00,9.413691000000000000e+06,9.419063000000000000e+06,-5.372000000000000000e+03,1.336222200000000000e+07,1.333606700000000000e+07,2.615500000000000000e+04,1.365320700000000000e+09,1.367860100000000000e+09,-2.539400000000000000e+06,3.395076900000000251e+02,3.426486509999999726e+02,-3.140960999999947489e+00
2.831000000000000000e+03,1.724808350000000019e+03,1.834023320000000012e+03,-1.092149699999999939e+02,5.470190429999999651e+03,5.315021969999999783e+03,1.551684599999998682e+02,2.345786719999999914e+05,2.502961250000000000e+05,-1.571745300000000861e+04,8.434035159999999451e+03,8.434035159999999451e+03,0.000000000000000000e+00,9.430939000000000000e+06,9.437608000000000000e+06,-6.669000000000000000e+03,1.341692400000000000e+07,1.338893100000000000e+07,2.799300000000000000e+04,1.367666430000000000e+09,1.370390780000000000e+09,-2.724350000000000000e+06,3.409275819999999726e+02,3.441562809999999786e+02,-3.228699000000005981e+00
2.841000000000000000e+03,1.857243040000000065e+03,1.953437869999999975e+03,-9.619482999999991080e+01,6.069106929999999920e+03,5.931842770000000201e+03,1.372641599999997197e+02,2.514957190000000119e+05,2.656954380000000237e+05,-1.419971900000001187e+04,9.210209960000000137e+03,9.210209960000000137e+03,0.000000000000000000e+00,9.449621000000000000e+06,9.457412000000000000e+06,-7.791000000000000000e+03,1.347746300000000000e+07,1.344787400000000000e+07,2.958900000000000000e+04,1.370196100000000000e+09,1.373083650000000000e+09,-2.887550000000000000e+06,3.421707759999999894e+02,3.454796749999999861e+02,-3.308898999999996704e+00
2.851000000000000000e+03,2.285027590000000146e+03,2.277528319999999894e+03,7.499270000000251457e+00,6.337263179999999920e+03,6.350671879999999874e+03,-1.340869999999995343e+01,3.151595000000000000e+05,3.139282500000000000e+05,1.231250000000000000e+03,8.318379880000000412e+03,8.318380859999999302e+03,-9.799999988899799064e-04,9.472660000000000000e+06,9.480397000000000000e+06,-7.737000000000000000e+03,1.354056500000000000e+07,1.351108600000000000e+07,2.947900000000000000e+04,1.373374980000000000e+09,1.376251010000000000e+09,-2.876030000000000000e+06,3.391174619999999891e+02,3.423683780000000070e+02,-3.250916000000017902e+00
2.861000000000000000e+03,1.920667969999999968e+03,1.867336549999999988e+03,5.333141999999998006e+01,5.932145510000000286e+03,6.012873050000000148e+03,-8.072753999999986263e+01,2.731544060000000172e+05,2.644789060000000172e+05,8.675500000000000000e+03,8.863345699999999852e+03,8.863345699999999852e+03,0.000000000000000000e+00,9.491963000000000000e+06,9.499217000000000000e+06,-7.254000000000000000e+03,1.359974600000000000e+07,1.357099500000000000e+07,2.875100000000000000e+04,1.376121090000000000e+09,1.378919680000000000e+09,-2.798590000000000000e+06,3.398242190000000278e+02,3.429920349999999871e+02,-3.167815999999959331e+00
2.871000000000000000e+03,1.588460080000000062e+03,1.664823489999999993e+03,-7.636340999999993073e+01,6.141560059999999794e+03,6.032372559999999794e+03,1.091875000000000000e+02,2.165270160000000033e+05,2.278069219999999914e+05,-1.127990599999998813e+04,9.477667970000000423e+03,9.477667970000000423e+03,0.000000000000000000e+00,9.508053000000000000e+06,9.516083000000000000e+06,-8.030000000000000000e+03,1.366087400000000000e+07,1.363101500000000000e+07,2.985900000000000000e+04,1.378314880000000000e+09,1.381227260000000000e+09,-2.912380000000000000e+06,3.425470890000000281e+02,3.457693479999999795e+02,-3.222258999999951357e+00
2.881000000000000000e+03,2.267492189999999937e+03,2.246937010000000100e+03,2.055517999999983658e+01,7.075101069999999709e+03,7.095386230000000069e+03,-2.028516000000036001e+01,3.012514060000000172e+05,3.018067189999999828e+05,-5.553129999999655411e+02,1.144805659999999989e+04,1.144805659999999989e+04,0.000000000000000000e+00,9.530966000000000000e+06,9.539017000000000000e+06,-8.051000000000000000e+03,1.373127400000000000e+07,1.370131300000000000e+07,2.996100000000000000e+04,1.381367040000000000e+09,1.384310020000000000e+09,-2.942980000000000000e+06,3.448963009999999940e+02,3.481392519999999990e+02,-3.242951000000005024e+00
2.891000000000000000e+03,2.575893549999999777e+03,2.483800540000000183e+03,9.209300999999959458e+01,6.834028809999999794e+03,6.963452640000000429e+03,-1.294238300000006348e+02,3.522840939999999828e+05,3.409401880000000237e+05,1.134390599999995902e+04,8.891272460000000137e+03,8.891272460000000137e+03,0.000000000000000000e+00,9.556725000000000000e+06,9.564129000000000000e+06,-7.404000000000000000e+03,1.379961400000000000e+07,1.377055800000000000e+07,2.905600000000000000e+04,1.384889980000000000e+09,1.387757950000000000e+09,-2.867970000000000000e+06,3.408929749999999785e+02,3.438932800000000043e+02,-3.000305000000025757e+00
2.901000000000000000e+03,2.282206790000000183e+03,2.164441159999999854e+03,1.177656300000003284e+02,6.646219240000000354e+03,6.813451170000000275e+03,-1.672319299999999203e+02,3.119742500000000000e+05,2.962633439999999828e+05,1.571090600000001723e+04,1.177065140000000065e+04,1.177065040000000045e+04,1.000000000203726813e-03,9.579770000000000000e+06,9.586307000000000000e+06,-6.537000000000000000e+03,1.386576800000000000e+07,1.383794500000000000e+07,2.782300000000000000e+04,1.388038780000000000e+09,1.390793340000000000e+09,-2.754560000000000000e+06,3.450173340000000053e+02,3.479367679999999723e+02,-2.919433999999967000e+00
2.911000000000000000e+03,1.972364990000000034e+03,1.931572390000000041e+03,4.079259999999999309e+01,6.859710449999999582e+03,6.908153320000000349e+03,-4.844287000000076659e+01,2.617859379999999946e+05,2.599993750000000000e+05,1.786562999999994645e+03,8.691312500000000000e+03,8.691312500000000000e+03,0.000000000000000000e+00,9.599494000000000000e+06,9.605872000000000000e+06,-6.378000000000000000e+03,1.393436500000000000e+07,1.390666800000000000e+07,2.769700000000000000e+04,1.390656640000000000e+09,1.393428990000000000e+09,-2.772350000000000000e+06,3.429364620000000059e+02,3.458645319999999970e+02,-2.928069999999991069e+00
2.921000000000000000e+03,1.767849979999999960e+03,1.763256470000000036e+03,4.593509999999923821e+00,6.668528320000000349e+03,6.667511720000000423e+03,1.016599999999925785e+00,2.345899530000000086e+05,2.371909219999999914e+05,-2.600968999999982771e+03,8.799008789999999863e+03,8.799008789999999863e+03,0.000000000000000000e+00,9.617282000000000000e+06,9.623615000000000000e+06,-6.333000000000000000e+03,1.400089600000000000e+07,1.397318600000000000e+07,2.771000000000000000e+04,1.393017600000000000e+09,1.395816580000000000e+09,-2.798980000000000000e+06,3.422327270000000112e+02,3.452406619999999862e+02,-3.007934999999974934e+00
2.931000000000000000e+03,1.841354489999999942e+03,1.785175539999999955e+03,5.617894999999998618e+01,6.511539550000000418e+03,6.590745609999999942e+03,-7.920605999999952473e+01,2.506212500000000000e+05,2.434581250000000000e+05,7.163125000000000000e+03,1.038090140000000065e+04,1.038090140000000065e+04,0.000000000000000000e+00,9.635696000000000000e+06,9.641634000000000000e+06,-5.938000000000000000e+03,1.406601200000000000e+07,1.403886500000000000e+07,2.714700000000000000e+04,1.395523840000000000e+09,1.398272640000000000e+09,-2.748800000000000000e+06,3.450196230000000241e+02,3.480976870000000076e+02,-3.078063999999983480e+00
2.941000000000000000e+03,2.140651119999999992e+03,2.075283690000000206e+03,6.536742999999978565e+01,7.305227050000000418e+03,7.399161619999999857e+03,-9.393456999999943946e+01,2.930570000000000000e+05,2.841265310000000172e+05,8.930468999999982771e+03,1.052609859999999935e+04,1.052609859999999935e+04,0.000000000000000000e+00,9.657263000000000000e+06,9.662691000000000000e+06,-5.428000000000000000e+03,1.413883900000000000e+07,1.411242400000000000e+07,2.641500000000000000e+04,1.398475010000000000e+09,1.401156740000000000e+09,-2.681730000000000000e+06,3.451650089999999977e+02,3.481434330000000159e+02,-2.978424000000018168e+00
2.951000000000000000e+03,1.781930180000000064e+03,1.738861329999999953e+03,4.306885000000011132e+01,6.898430659999999989e+03,6.955897460000000137e+03,-5.746680000000014843e+01,2.388361719999999914e+05,2.344403910000000033e+05,4.395780999999988126e+03,8.526117190000000846e+03,8.526117190000000846e+03,0.000000000000000000e+00,9.675082000000000000e+06,9.680116000000000000e+06,-5.034000000000000000e+03,1.420782400000000000e+07,1.418193300000000000e+07,2.589100000000000000e+04,1.400863360000000000e+09,1.403505410000000000e+09,-2.642050000000000000e+06,3.432227480000000241e+02,3.461918329999999742e+02,-2.969084999999950014e+00
2.961000000000000000e+03,1.709937619999999924e+03,1.679179810000000089e+03,3.075780999999983578e+01,6.795548340000000280e+03,6.835699709999999868e+03,-4.015136999999958789e+01,2.285655940000000119e+05,2.258187190000000119e+05,2.746875000000000000e+03,8.916360350000000835e+03,8.916360350000000835e+03,0.000000000000000000e+00,9.692270000000000000e+06,9.696972000000000000e+06,-4.702000000000000000e+03,1.427565200000000000e+07,1.425019600000000000e+07,2.545600000000000000e+04,1.403161980000000000e+09,1.405773180000000000e+09,-2.611200000000000000e+06,3.426665649999999914e+02,3.456586300000000165e+02,-2.992065000000025066e+00
2.971000000000000000e+03,2.150918700000000172e+03,2.024130619999999908e+03,1.267880800000002637e+02,6.885750000000000000e+03,7.068839839999999640e+03,-1.830898399999996400e+02,2.970556560000000172e+05,2.789090619999999763e+05,1.814659400000004098e+04,9.345914059999999154e+03,9.345914059999999154e+03,0.000000000000000000e+00,9.713978000000000000e+06,9.717514000000000000e+06,-3.536000000000000000e+03,1.434423100000000000e+07,1.432045300000000000e+07,2.377800000000000000e+04,1.406159360000000000e+09,1.408605820000000000e+09,-2.446460000000000000e+06,3.410951230000000010e+02,3.439698490000000106e+02,-2.874726000000009662e+00
2.981000000000000000e+03,1.917831300000000056e+03,1.767775879999999916e+03,1.500554200000001401e+02,7.040058589999999640e+03,7.254705079999999725e+03,-2.146464900000000853e+02,2.637122500000000000e+05,2.420613280000000086e+05,2.165092199999999139e+04,1.334596880000000056e+04,1.334596780000000035e+04,1.000000000203726813e-03,9.733156000000000000e+06,9.735711000000000000e+06,-2.555000000000000000e+03,1.441463100000000000e+07,1.439227700000000000e+07,2.235400000000000000e+04,1.408796540000000000e+09,1.411097090000000000e+09,-2.300550000000000000e+06,3.491128850000000057e+02,3.520314329999999927e+02,-2.918547999999987042e+00
2.991000000000000000e+03,1.587572509999999966e+03,1.613780520000000024e+03,-2.620801000000005843e+01,7.420781740000000354e+03,7.379820310000000063e+03,4.096143000000029133e+01,2.113955309999999881e+05,2.165460620000000054e+05,-5.150531000000017229e+03,9.892455079999999725e+03,9.892455079999999725e+03,0.000000000000000000e+00,9.749056000000000000e+06,9.751907000000000000e+06,-2.851000000000000000e+03,1.448880200000000000e+07,1.446599200000000000e+07,2.281000000000000000e+04,1.410915200000000000e+09,1.413270780000000000e+09,-2.355580000000000000e+06,3.495525210000000129e+02,3.525045470000000023e+02,-2.952025999999989381e+00
3.001000000000000000e+03,1.539278929999999946e+03,1.540079349999999977e+03,-8.004200000000309956e-01,7.107610349999999926e+03,7.106783690000000206e+03,8.266599999997197301e-01,2.075386410000000033e+05,2.077231089999999967e+05,-1.844679999999934807e+02,9.155892579999999725e+03,9.155891600000000835e+03,9.799999988899799064e-04,9.764525000000000000e+06,9.767289000000000000e+06,-2.764000000000000000e+03,1.455978000000000000e+07,1.453709100000000000e+07,2.268900000000000000e+04,1.412997500000000000e+09,1.415344000000000000e+09,-2.346500000000000000e+06,3.490842289999999934e+02,3.521614989999999921e+02,-3.077269999999998618e+00
3.011000000000000000e+03,1.963031739999999900e+03,1.857412109999999984e+03,1.056196299999999155e+02,7.196173829999999725e+03,7.350746579999999994e+03,-1.545727500000002692e+02,2.729446250000000000e+05,2.565840620000000054e+05,1.636056299999999464e+04,9.177577149999999165e+03,9.177577149999999165e+03,0.000000000000000000e+00,9.784218000000000000e+06,9.785994000000000000e+06,-1.776000000000000000e+03,1.463165400000000000e+07,1.461041100000000000e+07,2.124300000000000000e+04,1.415735170000000000e+09,1.417928580000000000e+09,-2.193410000000000000e+06,3.469225159999999732e+02,3.499137880000000109e+02,-2.991272000000037679e+00
3.021000000000000000e+03,1.753062010000000100e+03,1.662014889999999923e+03,9.104712000000017724e+01,6.790367189999999937e+03,6.924579590000000280e+03,-1.342124000000003434e+02,2.438084690000000119e+05,2.292133750000000000e+05,1.459509400000001187e+04,8.815208979999999428e+03,8.815208979999999428e+03,0.000000000000000000e+00,9.801747000000000000e+06,9.802698000000000000e+06,-9.510000000000000000e+02,1.469956300000000000e+07,1.467953600000000000e+07,2.002700000000000000e+04,1.418172030000000000e+09,1.420232700000000000e+09,-2.060670000000000000e+06,3.459064329999999927e+02,3.488367309999999861e+02,-2.930297999999993408e+00
3.031000000000000000e+03,1.097698609999999917e+03,1.141054200000000037e+03,-4.335559000000012020e+01,6.485179689999999937e+03,6.426561520000000201e+03,5.861816999999973632e+01,1.513477969999999914e+05,1.560314690000000119e+05,-4.683672000000020489e+03,8.172061520000000201e+03,8.172061520000000201e+03,0.000000000000000000e+00,9.812724000000000000e+06,9.814086000000000000e+06,-1.362000000000000000e+03,1.476441500000000000e+07,1.474383500000000000e+07,2.058000000000000000e+04,1.419685500000000000e+09,1.421789950000000000e+09,-2.104450000000000000e+06,3.468930359999999951e+02,3.499230650000000082e+02,-3.030029000000013184e+00
3.041000000000000000e+03,1.088822509999999966e+03,1.134252809999999954e+03,-4.543029999999998836e+01,6.230442869999999857e+03,6.173523439999999937e+03,5.691942999999992026e+01,1.497448750000000000e+05,1.535562030000000086e+05,-3.811328000000008615e+03,7.392240719999999783e+03,7.392240230000000338e+03,4.899999994449899532e-04,9.823667000000000000e+06,9.825409000000000000e+06,-1.742000000000000000e+03,1.482665400000000000e+07,1.480559800000000000e+07,2.105600000000000000e+04,1.421186940000000000e+09,1.423322880000000000e+09,-2.135940000000000000e+06,3.469642329999999788e+02,3.500217900000000100e+02,-3.057557000000031167e+00
3.051000000000000000e+03,1.337138059999999996e+03,1.397336790000000065e+03,-6.019873000000006869e+01,6.816420409999999720e+03,6.735512700000000223e+03,8.090770999999949709e+01,1.806096089999999967e+05,1.867141879999999946e+05,-6.104578999999997905e+03,8.897756840000000011e+03,8.897756840000000011e+03,0.000000000000000000e+00,9.837039000000000000e+06,9.839651000000000000e+06,-2.612000000000000000e+03,1.489481800000000000e+07,1.487258300000000000e+07,2.223500000000000000e+04,1.422993020000000000e+09,1.425224320000000000e+09,-2.231300000000000000e+06,3.479468079999999759e+02,3.510619810000000030e+02,-3.115173000000027059e+00
3.061000000000000000e+03,1.313686279999999897e+03,1.343563720000000103e+03,-2.987744000000020606e+01,6.888851560000000063e+03,6.849168459999999868e+03,3.968310000000019500e+01,1.777050780000000086e+05,1.801567969999999914e+05,-2.451718999999982771e+03,8.807311519999999291e+03,8.807311519999999291e+03,0.000000000000000000e+00,9.850176000000000000e+06,9.853289000000000000e+06,-3.113000000000000000e+03,1.496370700000000000e+07,1.494079700000000000e+07,2.291000000000000000e+04,1.424770050000000000e+09,1.427051520000000000e+09,-2.281470000000000000e+06,3.485455630000000156e+02,3.517397159999999872e+02,-3.194152999999971598e+00
3.071000000000000000e+03,1.255289669999999887e+03,1.273342900000000100e+03,-1.805323000000021239e+01,6.761890620000000126e+03,6.738951659999999720e+03,2.293896000000040658e+01,1.703110780000000086e+05,1.710927030000000086e+05,-7.816250000000000000e+02,8.622188480000000709e+03,8.622188480000000709e+03,0.000000000000000000e+00,9.862728000000000000e+06,9.866074000000000000e+06,-3.346000000000000000e+03,1.503132600000000000e+07,1.500811700000000000e+07,2.320900000000000000e+04,1.426473220000000000e+09,1.428768900000000000e+09,-2.295680000000000000e+06,3.491646420000000148e+02,3.524018859999999904e+02,-3.237243999999975586e+00
3.081000000000000000e+03,1.219419190000000071e+03,1.237733639999999923e+03,-1.831444999999985157e+01,6.702640140000000429e+03,6.678152339999999640e+03,2.448780000000078871e+01,1.652173280000000086e+05,1.663250940000000119e+05,-1.107766000000003260e+03,8.790555659999999989e+03,8.790554690000000846e+03,9.699999991426011547e-04,9.874923000000000000e+06,9.878516000000000000e+06,-3.593000000000000000e+03,1.509835200000000000e+07,1.507480900000000000e+07,2.354300000000000000e+04,1.428125440000000000e+09,1.430440580000000000e+09,-2.315140000000000000e+06,3.503646239999999921e+02,3.536737979999999766e+02,-3.309173999999984517e+00
3.091000000000000000e+03,1.193831910000000107e+03,1.217958859999999959e+03,-2.412694999999985157e+01,6.688144040000000132e+03,6.653411619999999857e+03,3.473242000000027474e+01,1.609035160000000033e+05,1.635035780000000086e+05,-2.600062000000005355e+03,8.339650390000000698e+03,8.339650390000000698e+03,0.000000000000000000e+00,9.886861000000000000e+06,9.890766000000000000e+06,-3.905000000000000000e+03,1.516523400000000000e+07,1.514124700000000000e+07,2.398700000000000000e+04,1.429734400000000000e+09,1.432084610000000000e+09,-2.350210000000000000e+06,3.505932010000000218e+02,3.539344179999999938e+02,-3.341216999999971904e+00
3.101000000000000000e+03,1.284646359999999959e+03,1.267122190000000046e+03,1.752416999999991276e+01,6.970745609999999942e+03,6.993678219999999783e+03,-2.293260999999984051e+01,1.731770620000000054e+05,1.703618280000000086e+05,2.815233999999996740e+03,8.854246090000000549e+03,8.854246090000000549e+03,0.000000000000000000e+00,9.899707000000000000e+06,9.903522000000000000e+06,-3.815000000000000000e+03,1.523494100000000000e+07,1.521106500000000000e+07,2.387600000000000000e+04,1.431466240000000000e+09,1.433799680000000000e+09,-2.333440000000000000e+06,3.509992679999999723e+02,3.543766170000000102e+02,-3.377349000000037904e+00
3.111000000000000000e+03,1.253388059999999996e+03,1.235690309999999954e+03,1.769775000000004184e+01,6.936542970000000423e+03,6.959422359999999571e+03,-2.287938999999914813e+01,1.688080469999999914e+05,1.660913589999999967e+05,2.716687999999994645e+03,8.813270510000000286e+03,8.813269529999999577e+03,9.800000007089693099e-04,9.912233000000000000e+06,9.915952000000000000e+06,-3.719000000000000000e+03,1.530431700000000000e+07,1.528055600000000000e+07,2.376100000000000000e+04,1.433153410000000000e+09,1.435470720000000000e+09,-2.317310000000000000e+06,3.514667360000000258e+02,3.548690189999999802e+02,-3.402282999999954427e+00
3.121000000000000000e+03,1.000468200000000024e+03,1.014665340000000015e+03,-1.419713999999999032e+01,5.450348140000000058e+03,5.429884769999999662e+03,2.046337000000039552e+01,1.341394059999999881e+05,1.354177190000000119e+05,-1.278313000000023749e+03,6.567676269999999931e+03,6.567676269999999931e+03,0.000000000000000000e+00,9.922249000000000000e+06,9.926125000000000000e+06,-3.876000000000000000e+03,1.535880700000000000e+07,1.533482000000000000e+07,2.398700000000000000e+04,1.434495620000000000e+09,1.436827780000000000e+09,-2.332160000000000000e+06,3.510765690000000063e+02,3.544718020000000251e+02,-3.395233000000018819e+00
3.131000000000000000e+03,8.640319819999999709e+02,8.500971680000000106e+02,1.393481399999996029e+01,3.671175049999999828e+03,3.693231690000000071e+03,-2.205664000000024316e+01,1.163283830000000016e+05,1.128777890000000043e+05,3.450593999999997322e+03,5.723629390000000058e+03,5.723629390000000058e+03,0.000000000000000000e+00,9.930890000000000000e+06,9.934710000000000000e+06,-3.820000000000000000e+03,1.539551900000000000e+07,1.537163900000000000e+07,2.388000000000000000e+04,1.435658880000000000e+09,1.437967230000000000e+09,-2.308350000000000000e+06,3.533724980000000073e+02,3.567962949999999864e+02,-3.423796999999979107e+00
3.141000000000000000e+03,9.493013919999999644e+02,9.300034789999999703e+02,1.929791299999999410e+01,3.907937500000000000e+03,3.937311279999999897e+03,-2.937377999999989697e+01,1.274265310000000027e+05,1.232631169999999984e+05,4.163414000000004307e+03,4.386652339999999640e+03,4.386652339999999640e+03,0.000000000000000000e+00,9.940395000000000000e+06,9.944030000000000000e+06,-3.635000000000000000e+03,1.543458000000000000e+07,1.541098200000000000e+07,2.359800000000000000e+04,1.436935040000000000e+09,1.439202820000000000e+09,-2.267780000000000000e+06,3.516250309999999786e+02,3.550129999999999768e+02,-3.387968999999998232e+00
3.151000000000000000e+03,8.678604129999999941e+02,8.558622440000000324e+02,1.199816899999996167e+01,3.535186279999999897e+03,3.553602780000000166e+03,-1.841650000000026921e+01,1.158043750000000000e+05,1.127647810000000027e+05,3.039593999999997322e+03,5.287713380000000143e+03,5.287713380000000143e+03,0.000000000000000000e+00,9.949073000000000000e+06,9.952640000000000000e+06,-3.567000000000000000e+03,1.546993200000000000e+07,1.544644900000000000e+07,2.348300000000000000e+04,1.438093060000000000e+09,1.440336640000000000e+09,-2.243580000000000000e+06,3.531289669999999887e+02,3.565374150000000100e+02,-3.408448000000021239e+00
3.161000000000000000e+03,7.769143070000000080e+02,7.668255000000000337e+02,1.008880699999997432e+01,3.091202389999999923e+03,3.107141599999999926e+03,-1.593921000000000276e+01,1.019770470000000059e+05,9.924341409999999451e+04,2.733632900000011432e+03,4.543020510000000286e+03,4.543020510000000286e+03,0.000000000000000000e+00,9.956842000000000000e+06,9.960384000000000000e+06,-3.542000000000000000e+03,1.550084400000000000e+07,1.547741700000000000e+07,2.342700000000000000e+04,1.439112830000000000e+09,1.441338750000000000e+09,-2.225920000000000000e+06,3.542318419999999719e+02,3.576456299999999828e+02,-3.413788000000010925e+00
3.171000000000000000e+03,8.075189820000000509e+02,7.940521240000000489e+02,1.346685800000000199e+01,2.661224369999999908e+03,2.682168209999999817e+03,-2.094383999999990920e+01,1.058445230000000010e+05,1.027821410000000033e+05,3.062381999999997788e+03,1.571923579999999902e+03,1.571923579999999902e+03,0.000000000000000000e+00,9.964918000000000000e+06,9.968267000000000000e+06,-3.349000000000000000e+03,1.552745600000000000e+07,1.550431300000000000e+07,2.314300000000000000e+04,1.440171390000000000e+09,1.442360060000000000e+09,-2.188670000000000000e+06,3.493091739999999845e+02,3.525517580000000066e+02,-3.242584000000022115e+00
3.181000000000000000e+03,8.519331049999999550e+02,8.408363040000000410e+02,1.109680099999991398e+01,2.621890379999999823e+03,2.640241210000000137e+03,-1.835083000000031461e+01,1.113632339999999967e+05,1.083983750000000000e+05,2.964858999999996740e+03,0.000000000000000000e+00,0.000000000000000000e+00,0.000000000000000000e+00,9.973437000000000000e+06,9.976556000000000000e+06,-3.119000000000000000e+03,1.555367500000000000e+07,1.553087200000000000e+07,2.280300000000000000e+04,1.441284990000000000e+09,1.443430400000000000e+09,-2.145410000000000000e+06,3.409134829999999852e+02,3.439264830000000188e+02,-3.013000000000033651e+00
3.186000000000000000e+03,8.649126589999999624e+02,8.564229129999999941e+02,8.489745999999968262e+00,2.604096919999999955e+03,2.619791990000000169e+03,-1.569507000000021435e+01,1.132681330000000016e+05,1.101824220000000059e+05,3.085710999999995693e+03,0.000000000000000000e+00,0.000000000000000000e+00,0.000000000000000000e+00,9.977761000000000000e+06,9.980819000000000000e+06,-3.058000000000000000e+03,1.556669600000000000e+07,1.554399600000000000e+07,2.270000000000000000e+04,1.441851260000000000e+09,1.443979010000000000e+09,-2.127750000000000000e+06,3.367909240000000182e+02,3.397646480000000224e+02,-2.973724000000004253e+00
3.197000000000000000e+03,0.000000000000000000e+00,0.000000000000000000e+00,0.000000000000000000e+00,0.000000000000000000e+00,0.000000000000000000e+00,0.000000000000000000e+00,0.000000000000000000e+00,0.000000000000000000e+00,0.000000000000000000e+00,0.000000000000000000e+00,0.000000000000000000e+00,0.000000000000000000e+00,9.977761000000000000e+06,9.980819000000000000e+06,-3.058000000000000000e+03,1.556669600000000000e+07,1.554399600000000000e+07,2.270000000000000000e+04,1.441851260000000000e+09,1.443979010000000000e+09,-2.127750000000000000e+06,3.386571959999999990e+02,3.416758120000000076e+02,-3.018616000000008626e+00
