CASE,TIME,FOPT,FWPT,FGPT,FPR,FOPR,FWPR,WOPR:P-F-12,WWCT:P-F-12,WBHP:P-F-12,WOPT:P-F-12,WWPT:P-F-12
BASE,11.0,0.0,0.0,0.0,329.595032,0.0,0.0,-0.0,0.0,312.160187,0.0,0.0
BASE,21.0,0.0,0.0,0.0,329.598816,0.0,0.0,-0.0,0.0,312.178894,0.0,0.0
BASE,31.0,0.0,0.0,0.0,329.60318,0.0,0.0,-0.0,0.0,312.191772,0.0,0.0
BASE,41.0,0.0,0.0,0.0,329.607819,0.0,0.0,-0.0,0.0,312.201996,0.0,0.0
BASE,51.0,19273.5781,0.0568724312,3054185.0,325.217133,1927.35779,0.00568724331,1927.35779,2.95078917e-06,301.32547,19273.5781,0.0568724312
BASE,57.0,30848.1328,0.100111127,4883408.0,322.648651,1929.09241,0.00720644882,1929.09241,3.73565399e-06,298.45163,30848.1328,0.100111127
BASE,61.0,42042.5625,0.156185836,6648919.0,320.186523,2798.60791,0.0140186762,2798.60791,5.00913529e-06,293.557434,42042.5625,0.156185836
BASE,71.0,70449.1953,0.345660806,11110404.0,314.249023,2840.66284,0.0189474989,2840.66284,6.67005315e-06,287.222321,70449.1953,0.345660806
BASE,81.0,100251.648,0.593691707,15773584.0,308.301514,2980.24512,0.0248030908,2980.24512,8.32243131e-06,280.821808,100251.648,0.593691707
BASE,91.0,120902.961,0.77165705,18997338.0,304.597687,2065.13135,0.0177965295,2065.13135,8.61755143e-06,279.61377,120902.961,0.77165705
BASE,101.0,150215.391,1.08103573,23559900.0,299.11554,2931.24268,0.0309378728,2931.24268,1.05544132e-05,271.869751,150215.391,1.08103573
BASE,111.0,172372.297,1.32478857,27002018.0,295.295929,2215.69067,0.0243752841,2215.69067,1.10010915e-05,269.974213,172372.297,1.32478857
BASE,121.0,194730.781,1.56971717,30468152.0,294.740295,2235.84888,0.0244928598,2235.84888,1.09544935e-05,269.890778,194730.781,1.56971717
BASE,131.0,226211.141,1.8978368,35336448.0,298.771851,3149.18188,0.0317264833,3149.18188,1.00744146e-05,272.995209,226211.141,1.8978368
BASE,141.0,268792.781,2.32997394,41893048.0,300.658905,4258.16406,0.0432137176,4258.16406,1.01483365e-05,272.471161,268792.781,2.32997394
BASE,151.0,318915.656,2.85798717,49586088.0,301.028717,5012.28662,0.0528013147,5012.28662,1.05342651e-05,270.821625,318915.656,2.85798717
BASE,161.0,357081.656,3.23254895,55432304.0,300.950165,3816.60107,0.0374561958,3816.60107,9.81392259e-06,273.669495,357081.656,3.23254895
BASE,166.0,381924.375,3.49785376,59233620.0,300.481415,4968.54199,0.0530609526,4968.54199,1.06792668e-05,270.10321,381924.375,3.49785376
BASE,171.0,406777.094,3.76754594,63032868.0,300.014099,4970.54492,0.0539384335,4970.54492,1.0851496e-05,269.380188,406777.094,3.76754594
BASE,181.0,456115.594,4.28631783,70562712.0,300.790588,4933.84814,0.0518771969,4933.84814,1.051444e-05,270.432404,456115.594,4.28631783
BASE,191.0,504994.219,4.76229286,78011696.0,302.816406,4887.86426,0.0475974903,4887.86426,9.73779606e-06,273.03775,504994.219,4.76229286
BASE,192.0,509883.5,4.80796528,78766264.0,302.377594,4889.27295,0.0456722714,3540.27979,9.06955484e-06,275.767914,508534.5,4.79440212
BASE,201.0,553879.688,5.26104212,85558296.0,298.520782,4888.31152,0.0516420156,3541.48877,1.02781987e-05,271.047791,540405.75,5.11341953
BASE,211.0,611749.812,5.86211634,94576792.0,299.206909,5787.00928,0.0601074547,3127.59766,9.65067557e-06,273.279388,571681.688,5.41525698
BASE,221.0,660668.938,6.34492493,102217944.0,299.518433,4891.91846,0.048280824,2377.78003,8.944201e-06,275.774139,595459.5,5.62793207
BASE,231.0,735863.25,7.23496103,113908232.0,294.908905,7519.42578,0.0890036374,4137.87061,1.13516908e-05,266.051697,636838.188,6.09765577
BASE,241.0,781882.375,7.7116375,120990208.0,296.889313,4601.91602,0.0476676188,3211.92017,1.00709285e-05,270.727051,668957.438,6.42112923
BASE,251.0,802433.125,7.89188385,124180600.0,300.061615,2055.07153,0.018024629,1034.28711,7.72027215e-06,279.542175,679300.25,6.5009799
BASE,261.0,865867.625,8.66686344,134061000.0,292.109375,6343.4541,0.0774980187,2737.26685,1.11996378e-05,265.874115,706672.938,6.80754709
BASE,271.0,945212.062,9.91809654,146151904.0,282.897888,7934.44141,0.125123233,3193.25708,1.39547901e-05,254.915665,738605.5,7.25316572
BASE,281.0,1024136.0,11.2326527,158106336.0,280.380463,7892.39258,0.131455615,3146.29175,1.43912412e-05,253.063278,770068.438,7.70596266
BASE,291.0,1092084.75,12.3203564,168421888.0,280.687836,6794.15771,0.107861735,2721.7085,1.37723428e-05,255.277756,797278.0,8.08309555
BASE,301.0,1166351.38,13.4411688,179752672.0,283.845062,7426.66309,0.112081267,3040.56079,1.32107825e-05,257.093414,827683.625,8.48478222
BASE,311.0,1247919.25,14.6386948,192190176.0,285.015656,8156.79102,0.119752571,3904.0166,1.34244438e-05,255.758942,866723.75,9.00888252
BASE,321.0,1331225.75,15.7849064,204874992.0,287.707336,8330.64746,0.114621207,5019.58154,1.33684398e-05,255.368744,916919.562,9.67993069
BASE,331.0,1414019.12,16.8597775,217485344.0,289.68869,8279.34668,0.107487038,4934.5332,1.26709238e-05,257.704926,966264.938,10.3051901
BASE,341.0,1495658.75,17.7560921,229929056.0,296.808533,8163.96143,0.0896314383,4916.94531,1.07327642e-05,264.561096,1015434.38,10.8329191
BASE,351.0,1583016.75,18.6341171,243182992.0,301.715576,8743.87305,0.0853337273,5193.99072,9.48260185e-06,268.569,1067368.5,11.3415985
BASE,354.0,1609626.88,18.8841782,247200896.0,303.334015,8870.06445,0.0833536312,5414.73779,9.16340559e-06,269.523712,1083612.75,11.4904528
BASE,355.0,1618499.12,18.9662971,248539904.0,303.873322,8872.14941,0.0821189284,5414.90332,9.02051033e-06,270.018372,1089027.62,11.5392981
BASE,361.0,1671771.0,19.4249878,256566640.0,307.084259,8881.36816,0.0745599568,5414.9209,8.14246141e-06,273.101685,1121517.12,11.8110018
BASE,371.0,1759649.88,20.083931,269749984.0,311.546722,8791.11621,0.063305907,5519.8999,6.98110171e-06,277.01413,1176718.5,12.2129622
BASE,381.0,1846593.38,20.6027012,282745632.0,316.167542,8694.34277,0.0518770702,5432.03906,5.69960321e-06,281.643951,1231038.88,12.5225687
BASE,391.0,1933811.75,21.01437,295788800.0,321.576019,8721.84473,0.0411669165,4320.6167,3.92422544e-06,289.930481,1274245.0,12.6921196
BASE,401.0,2016600.0,21.341814,308116288.0,324.542694,8278.82422,0.0327443667,4610.09912,3.46762249e-06,292.105896,1320346.0,12.8519812
BASE,411.0,2097770.0,21.6070862,320177152.0,328.378632,8117.00635,0.0265272316,4223.22217,2.7163544e-06,296.818207,1362578.25,12.9666996
BASE,421.0,2182980.5,21.8299961,332801920.0,333.830872,8521.03125,0.0222909283,4249.78613,2.00313684e-06,301.76947,1405076.12,13.0518284
BASE,429.0,2248697.25,21.9727345,342510848.0,337.985229,8214.59473,0.01784252,4161.79492,1.76243816e-06,305.971832,1438370.5,13.110508
BASE,431.0,2265131.5,22.0078259,344937536.0,339.025391,8217.18262,0.0175454393,4162.56445,1.78296682e-06,306.953949,1446695.62,13.125351
BASE,441.0,2330326.0,2491.68018,354526720.0,329.052002,6516.8623,245.33107,3455.75464,4.42748387e-06,298.075775,1481258.5,13.2492409
BASE,451.0,2402826.75,2492.49048,365369632.0,310.731354,7250.06934,0.0810190737,3096.58691,1.0935697e-05,280.858673,1512224.38,13.5878782
BASE,461.0,2446747.5,2493.05103,371890816.0,308.960815,4392.08887,0.0560608394,2453.90723,1.34670972e-05,280.803314,1536763.5,13.9183531
BASE,471.0,2517109.75,2494.92334,382342752.0,299.438965,7036.20801,0.187238812,5194.28223,3.05269532e-05,263.141968,1588706.38,15.5040569
BASE,481.0,2592215.0,2498.36108,393482656.0,292.243713,7510.54248,0.343765646,4815.29248,5.9087095e-05,256.453766,1636859.25,18.3494415
BASE,491.0,2670678.25,2505.09351,405068736.0,291.395325,7846.31348,0.673237264,4264.76807,9.72346897e-05,256.914093,1679506.88,22.4966793
BASE,501.0,2746378.5,2599.71606,416222592.0,296.298187,7570.02148,9.46225739,4054.81104,0.000153109562,262.87204,1720055.0,28.7059326
BASE,511.0,2835181.5,3151.66479,429309792.0,301.602783,8880.30371,55.1948814,4845.91992,0.000395760086,265.897369,1768514.25,47.8917427
BASE,521.0,2923781.5,4125.22705,442366336.0,302.383209,8860.0127,97.3562317,5180.88184,0.00108502212,265.500488,1820323.0,104.166519
BASE,531.0,3003885.75,5194.31201,454199456.0,294.992676,8010.40918,106.908493,4793.82227,0.00203013862,258.769745,1868261.25,201.68573
BASE,541.0,3078115.5,6388.65137,465159616.0,290.413605,7422.97314,119.433914,4417.60498,0.00306101539,254.790054,1912437.38,337.324493
BASE,551.0,3140480.75,19724.4004,474170976.0,290.065857,6236.52588,1333.57483,2849.49316,0.00285053905,258.105774,1940932.25,418.782593
BASE,561.0,3201414.25,28689.4297,483042752.0,289.864197,6091.63135,899.621582,3281.99097,0.00306563638,256.87027,1973754.25,517.833618
BASE,571.0,3259058.25,34015.625,491475072.0,296.564911,5764.40723,532.619385,3405.47021,0.00357021927,264.509766,2007808.88,639.852051
BASE,581.0,3316584.5,36206.7422,499878240.0,307.862518,5752.62305,219.111786,3529.06445,0.00467276946,275.997589,2043099.5,805.53125
BASE,591.0,3384292.0,39229.7266,509816736.0,305.549774,6770.75928,302.298492,3376.41919,0.0061226734,274.243134,2076863.75,1013.53192
BASE,601.0,3474751.25,44426.7734,523120256.0,305.704041,9045.92285,519.704773,4722.53955,0.010897317,267.44635,2124089.25,1533.83191
BASE,611.0,3535596.25,49771.0703,532043840.0,310.495667,6084.48535,534.429626,2595.69409,0.0138484966,280.897369,2150046.0,1898.34436
BASE,621.0,3584674.75,54549.543,539231616.0,314.925476,4907.86328,477.847321,2584.87988,0.0171075761,285.811707,2175895.0,2348.25146
BASE,631.0,3672627.25,64405.125,552173696.0,317.136017,8795.24512,985.558105,4227.16211,0.028481083,279.2948,2218166.5,3587.48779
BASE,641.0,3714536.75,69810.3672,558318080.0,318.518158,4190.94434,540.523865,2317.2041,0.032800518,289.620087,2241338.5,4373.31836
BASE,651.0,3791870.75,80282.6875,569702208.0,320.26709,7733.4043,1047.2323,4468.18066,0.0528463088,278.90741,2286020.25,6866.3335
BASE,661.0,3861277.25,91572.0781,579927552.0,318.014099,6940.65283,1128.93896,3816.18018,0.0771770179,277.658234,2324182.25,10057.8604
BASE,671.0,3927397.75,105078.656,589661248.0,320.63916,6612.04004,1350.65808,3547.66309,0.109222949,279.845581,2359658.75,14407.8398
BASE,681.0,4001737.5,123297.93,600619712.0,320.367065,7433.99609,1821.927,4025.19214,0.151273027,274.103333,2399910.75,21582.1484
BASE,691.0,4076639.0,144622.016,611664832.0,320.273254,7430.99609,2217.63257,4012.31787,0.192696378,271.185272,2440390.5,30642.9531
BASE,701.0,4148175.5,171764.844,622197312.0,321.299927,7153.6333,2714.28271,4085.95142,0.225254819,269.21991,2481250.0,42522.7305
BASE,711.0,4225908.0,210468.531,633620288.0,321.390839,7773.26904,3870.37012,4493.81152,0.256956667,262.857056,2526188.25,58063.0742
BASE,721.0,4294901.0,246780.484,643757952.0,318.64502,6899.30469,3631.19409,3903.70142,0.281189233,263.245331,2565225.25,73333.8359
BASE,731.0,4368710.5,284085.562,654622784.0,316.848053,7380.91748,3730.50708,4209.23877,0.314012408,256.545044,2607317.5,92601.7266
BASE,741.0,4437505.5,323574.094,664735296.0,316.144836,6879.53955,3948.85352,4031.60889,0.341002464,255.0681,2647633.75,113463.539
BASE,751.0,4505022.0,367385.75,674647104.0,317.427917,6751.62354,4381.1665,3879.59155,0.370958954,255.600861,2686429.5,136342.312
BASE,761.0,4567369.0,413286.719,683783104.0,319.912292,6234.68066,4590.09717,3603.32446,0.39875865,258.7659,2722462.75,160240.484
BASE,771.0,4628227.0,462919.375,692694528.0,322.201874,6085.81348,4963.26562,3513.73169,0.428127736,259.999451,2757600.25,186545.766
BASE,781.0,4678850.0,507453.094,700095680.0,323.242493,5062.31152,4453.37158,2892.78491,0.445790946,267.021454,2786528.0,209814.562
BASE,791.0,4726268.0,551762.438,707021568.0,325.065216,4741.78418,4430.93408,2750.35571,0.460423052,269.246002,2814031.5,233283.453
BASE,801.0,4762330.5,583117.5,712299264.0,318.453583,3606.25732,3135.50391,2142.61353,0.454086632,270.887756,2835457.75,251105.547
BASE,811.0,4817266.0,630971.75,720357824.0,315.633148,5493.53271,4785.42529,2979.64697,0.471515566,255.120697,2865254.25,277690.062
BASE,821.0,4872186.5,684850.812,728398080.0,316.816345,5492.06006,5387.90625,2948.47827,0.496793985,254.639984,2894739.0,306799.125
BASE,831.0,4919285.5,737533.375,735268352.0,320.343079,4709.89258,5268.25684,2702.91406,0.517678916,260.240112,2921768.0,335809.719
BASE,841.0,4971629.5,790076.312,742945280.0,311.535339,5234.43359,5254.29785,2638.55713,0.530365169,252.470001,2948153.75,365607.312
BASE,851.0,5017692.0,840108.812,749676288.0,314.285492,4606.25684,5003.24707,2124.17944,0.54573977,260.839294,2969395.5,391126.812
BASE,861.0,5067160.0,897120.625,756890560.0,318.67569,4946.79199,5701.18213,2053.29956,0.565649688,264.963348,2989928.5,417866.719
BASE,871.0,5114648.5,959086.25,763797312.0,324.150635,4748.82129,6196.56055,2193.30273,0.58855015,266.540466,3011861.5,449240.375
BASE,881.0,5160234.0,1022412.38,770417600.0,329.201141,4558.57715,6332.61133,2029.19543,0.608471036,272.980347,3032153.5,480775.875
BASE,891.0,5201921.5,1083958.88,776462144.0,333.536133,4168.73438,6154.65332,1852.276,0.623545885,279.381714,3050676.25,511456.344
BASE,901.0,5246908.0,1150516.75,782994944.0,334.085052,4498.66162,6655.78564,1927.90601,0.637315512,276.815216,3069955.25,545333.875
BASE,911.0,5290481.5,1216754.38,789324224.0,333.682648,4357.33447,6623.76123,1859.51086,0.648502946,275.940887,3088550.25,579641.312
BASE,921.0,5331551.0,1284793.25,795285504.0,333.713745,4106.94971,6803.88672,1993.09985,0.6605618,271.2229,3108481.25,618427.938
BASE,931.0,5371717.0,1349421.12,801114560.0,334.431458,4016.63086,6462.79297,1622.79272,0.668994367,278.654785,3124709.25,651226.188
BASE,941.0,5413012.0,1416570.62,807111552.0,334.12738,4129.47217,6714.95215,1621.13403,0.678976297,277.567993,3140920.5,685513.688
BASE,951.0,5452538.0,1483699.0,812848256.0,334.169739,3952.59033,6712.83838,1578.52173,0.688566566,277.358826,3156705.75,720414.188
BASE,961.0,5484317.0,1540445.38,817447872.0,335.242798,3177.93115,5674.63281,1296.95642,0.691110849,284.486877,3169675.5,749432.375
BASE,971.0,5484317.0,1540445.38,817447872.0,335.716949,0.0,0.0,-0.0,0.0,317.845184,3169675.5,749432.375
BASE,981.0,5514585.5,1586811.12,821818688.0,335.609192,3003.9812,4666.58984,1295.61743,0.658379972,286.80542,3183212.25,773569.562
BASE,982.0,5517759.5,1592378.75,822278336.0,335.728638,3174.2771,5567.59814,1887.3302,0.664536893,275.342926,3185099.5,777308.312
BASE,991.0,5544772.5,1644735.75,826183424.0,336.624878,2965.34595,5869.65771,1745.51526,0.69312644,273.792328,3201019.5,812488.562
BASE,994.0,5553787.0,1660151.62,827486016.0,335.850494,3004.86182,5138.64453,1221.48901,0.692991972,284.561157,3204684.0,820760.125
BASE,998.0,5566775.0,1679259.5,829379328.0,334.822357,3247.00488,4776.96045,1224.28931,0.69220835,284.116577,3209581.0,831773.625
BASE,1001.0,5576402.5,1693761.5,830780608.0,334.058167,3209.1687,4833.99707,1189.04993,0.702463686,276.790802,3213148.25,840195.438
BASE,1011.0,5616565.0,1755501.62,836634240.0,337.285248,3947.81006,6272.93115,1228.94287,0.731395662,275.89267,3225637.5,873375.0
BASE,1021.0,5656401.0,1823476.0,842439808.0,336.954346,3983.58081,6797.43359,1306.24854,0.741903961,271.696869,3238700.0,910923.5
BASE,1031.0,5695889.5,1894598.88,848196160.0,336.958069,3948.85254,7112.29004,1323.17859,0.749629736,269.862946,3251931.75,950540.562
BASE,1041.0,5734982.5,1965497.38,853900672.0,333.439514,3909.31372,7089.84668,1319.32031,0.748488903,265.170013,3265125.0,989803.125
BASE,1051.0,5767650.5,2029666.88,858657088.0,334.294647,3266.79785,6416.94873,1195.27344,0.748733401,270.791382,3277077.75,1025420.31
BASE,1061.0,5803017.5,2097116.25,863813824.0,332.245148,3536.68188,6744.9375,1243.76257,0.750361919,266.746674,3289515.25,1062805.25
BASE,1071.0,5838859.0,2171751.0,869032384.0,335.838623,3584.15381,7463.47559,1302.5835,0.76007539,266.973175,3302541.25,1104070.88
BASE,1081.0,5873555.0,2244700.0,874084736.0,335.374329,3469.62622,7294.90039,1213.24072,0.765001595,268.952637,3314673.5,1143566.0
BASE,1091.0,5908102.0,2319247.75,879115072.0,335.477783,3454.69116,7454.7832,1198.94702,0.771294773,268.50354,3326663.0,1183999.88
BASE,1101.0,5941540.5,2393424.25,883982336.0,335.494934,3343.86572,7417.64062,1150.69421,0.776984394,269.28299,3338170.0,1224089.88
BASE,1111.0,5974425.0,2470192.75,888766336.0,335.406616,3288.44727,7676.85986,1181.19226,0.783325791,266.404602,3349982.0,1266792.62
BASE,1121.0,6007138.0,2547391.25,893525248.0,335.114655,3271.29321,7719.85791,1136.11487,0.789624095,266.985809,3361343.0,1309435.5
BASE,1131.0,6031075.5,2606601.5,896999680.0,335.665375,2420.13818,5883.61914,859.281311,0.786333323,279.837402,3369906.0,1341101.12
BASE,1141.0,6058278.5,2666677.75,900958656.0,329.391815,2720.30103,6007.6167,944.00116,0.784919798,268.992767,3379346.25,1375551.75
BASE,1151.0,6086573.5,2732911.75,905068352.0,334.227295,2775.80859,6701.46973,949.420532,0.792819321,272.848419,3388928.25,1411758.62
BASE,1161.0,6116996.0,2806841.75,909484480.0,336.097137,3042.23975,7392.98438,971.811096,0.800981402,272.995148,3398646.25,1450870.75
BASE,1171.0,6147774.5,2882429.25,913953408.0,335.909698,3077.84058,7558.76367,958.24292,0.806774914,272.40271,3408228.75,1490880.38
BASE,1181.0,6176988.5,2957775.0,918192000.0,336.295105,2921.38525,7534.55908,946.889404,0.811671734,272.238068,3417697.5,1531690.12
BASE,1191.0,6207499.5,3036612.0,922620480.0,336.065247,3051.11182,7883.71729,955.853821,0.816168308,270.392883,3427256.0,1574127.75
BASE,1201.0,6237666.0,3116686.75,926997440.0,336.020996,3016.63281,8007.46924,944.3797,0.820210457,269.862976,3436700.0,1617210.88
BASE,1211.0,6267196.5,3198089.0,931280192.0,336.003265,2953.08838,8140.21436,948.71814,0.824389517,268.780975,3446187.0,1661747.75
BASE,1221.0,6296413.5,3279456.0,935516608.0,335.833405,2921.67871,8136.70703,918.452271,0.827802598,269.394287,3455371.5,1705900.38
BASE,1231.0,6325404.5,3360077.0,939719936.0,335.564148,2899.08618,8062.09521,875.762573,0.830413342,270.688019,3464129.25,1748783.75
BASE,1241.0,6354057.0,3441314.25,943873344.0,335.039795,2865.25488,8123.729,873.705444,0.833277345,269.625885,3472866.25,1792451.38
BASE,1251.0,6381108.0,3520813.25,947790976.0,335.487213,2705.1355,7949.89014,838.859253,0.835970402,271.236237,3481255.0,1835203.62
BASE,1261.0,6409306.5,3603082.0,951876288.0,335.081543,2819.8064,8226.89062,843.328613,0.839311242,269.980927,3489688.25,1879252.38
BASE,1271.0,6426518.5,3657400.5,954359168.0,335.012299,1768.48914,5363.4585,569.877747,0.830809414,285.835205,3495306.75,1907350.75
BASE,1281.0,6429466.0,3670022.5,954774912.0,336.023865,331.229156,1209.78003,154.57373,0.769938886,309.372437,3496732.5,1912695.38
BASE,1291.0,6439022.0,3692287.75,956149312.0,336.479095,955.603577,2226.5415,301.842621,0.768543363,303.927734,3499750.75,1922718.0
BASE,1301.0,6447843.0,3712446.5,957419904.0,337.38974,890.282898,2004.90686,300.313416,0.758927166,305.09259,3502730.75,1932205.25
BASE,1311.0,6458074.0,3733656.0,958891456.0,337.693054,1023.09833,2120.96045,318.217346,0.754089236,304.737885,3505913.0,1941963.5
BASE,1321.0,6487022.0,3797202.5,963079360.0,337.591309,2894.78125,6354.64844,810.927124,0.808102369,280.156952,3514022.25,1976112.5
BASE,1331.0,6517581.0,3875517.5,967498624.0,337.201904,3055.89404,7831.48486,895.285156,0.832195342,270.695923,3522975.25,2020512.5
BASE,1341.0,6546397.5,3953255.5,971664000.0,336.472168,2881.63989,7773.80273,800.508484,0.842111647,272.691193,3530980.25,2063208.38
BASE,1351.0,6575695.0,4033366.5,975899584.0,335.78186,2929.75977,8011.0918,757.218628,0.84847492,273.07959,3538552.5,2105609.25
BASE,1361.0,6604513.0,4114036.75,980064576.0,335.118591,2881.82739,8067.02832,712.310059,0.852473259,273.658478,3545675.5,2146769.75
BASE,1371.0,6632374.0,4193829.0,984089600.0,334.708008,2786.08521,7979.2207,671.813416,0.855958343,275.329773,3552393.75,2186691.75
BASE,1381.0,6655799.0,4267903.0,987467136.0,335.068329,2342.52637,7407.38672,640.433594,0.858103454,277.008575,3558798.0,2225421.25
BASE,1391.0,6663396.0,4297587.0,988549056.0,335.536011,820.80011,2880.03564,281.363525,0.834017754,300.640289,3561508.25,2239706.75
BASE,1401.0,6663396.0,4297587.0,988549056.0,336.446106,0.0,0.0,-0.0,0.0,316.525299,3561508.25,2239706.75
BASE,1411.0,6679062.5,4338660.5,990796928.0,336.366791,1556.29529,4121.02783,502.213013,0.81581521,291.105896,3566896.5,2261428.75
BASE,1421.0,6705850.0,4411141.5,994657216.0,335.861603,2678.73511,7248.07471,745.739197,0.844768047,274.143372,3574353.75,2302011.75
BASE,1431.0,6718768.0,4450802.5,996507520.0,336.261169,1315.80054,3931.45264,402.150452,0.838362932,293.950043,3578335.25,2322927.25
BASE,1441.0,6728403.5,4475954.0,997886272.0,336.545166,985.511475,2483.54004,246.496048,0.814513564,303.754852,3580743.75,2333832.0
BASE,1451.0,6751883.5,4535301.5,1001266690.0,336.375702,2347.97534,5934.75,595.328674,0.840914965,283.7948,3586697.0,2365300.75
BASE,1461.0,6768798.5,4582080.0,1003694850.0,336.565033,1692.59045,4676.28174,450.652435,0.843760014,291.008942,3591221.75,2389611.75
BASE,1471.0,6776917.0,4606570.5,1004853700.0,336.619934,844.357361,2402.21533,267.174377,0.824222744,302.325958,3593833.0,2402226.25
BASE,1481.0,6792851.5,4647046.0,1007141760.0,335.707947,1593.43164,4047.54419,435.762268,0.833502591,291.625244,3598190.5,2424040.75
BASE,1491.0,6813251.5,4703414.5,1010070530.0,337.078766,2039.98523,5636.85254,558.678345,0.84937495,284.746887,3603777.25,2455544.75
BASE,1501.0,6832558.5,4766979.5,1012851970.0,337.496582,1930.69482,6356.49951,757.680664,0.864326537,270.373596,3611354.0,2503813.75
BASE,1511.0,6853756.0,4836407.5,1015910400.0,337.492828,2092.91919,6981.23145,747.370911,0.872228503,268.487488,3618913.25,2554710.25
BASE,1521.0,6873932.5,4905359.0,1018819460.0,337.090729,2017.65942,6895.15283,704.941345,0.87533474,270.026062,3625962.75,2604207.5
BASE,1531.0,6894016.5,4975121.0,1021713660.0,336.609467,2008.42712,6976.17969,690.252258,0.8776564,269.959656,3632865.25,2653724.25
BASE,1541.0,6913413.0,5043940.5,1024506560.0,335.951141,1939.6167,6881.95117,666.827576,0.879105389,270.254395,3639533.5,2702213.75
BASE,1551.0,6929027.5,5109684.5,1026749250.0,336.143829,1561.4646,6574.38086,670.529724,0.880263805,269.529144,3646239.0,2751509.0
BASE,1561.0,6949560.0,5181433.0,1029702270.0,335.645966,2053.23218,7174.89014,656.507751,0.882075131,269.661438,3652804.0,2800615.5
BASE,1571.0,6969481.5,5253974.5,1032564860.0,335.287048,1992.15198,7254.14209,650.971008,0.884064138,269.100616,3659313.75,2850255.0
BASE,1581.0,6989023.5,5325359.5,1035371070.0,334.746277,1954.22839,7138.48584,620.122314,0.885572255,270.277313,3665515.0,2898247.25
BASE,1591.0,7008358.0,5397258.0,1038145600.0,333.516724,1933.42554,7189.83447,618.534302,0.886980832,268.619629,3671700.25,2946790.25
BASE,1601.0,7028030.0,5470365.5,1040966460.0,333.520874,1967.24023,7310.771,603.801392,0.888842225,269.172546,3677738.25,2995071.5
BASE,1611.0,7046814.0,5541005.5,1043657470.0,333.028473,1878.37158,7064.00537,570.71051,0.88991183,270.81131,3683445.25,3041205.5
BASE,1621.0,7065845.5,5613563.5,1046382020.0,332.269562,1903.13879,7255.79102,579.837708,0.891395152,268.908234,3689243.75,3088796.75
BASE,1631.0,7084240.5,5686204.0,1049012990.0,331.87851,1839.53564,7264.03809,576.533936,0.892879546,268.24527,3695009.0,3136852.5
BASE,1641.0,7101642.5,5755891.0,1051499520.0,331.43042,1740.17212,6968.7041,547.509338,0.893508017,269.715851,3700484.25,3182790.75
BASE,1651.0,7119971.5,5827666.0,1054116800.0,331.062164,1832.89929,7177.51367,547.946228,0.894412041,268.944214,3705963.75,3229206.0
BASE,1661.0,7137785.5,5900522.5,1056658300.0,331.142609,1781.42969,7285.62646,554.749329,0.895855546,268.225677,3711511.0,3276925.75
BASE,1671.0,7155669.0,5973779.0,1059208320.0,329.881226,1788.34338,7325.65332,555.125916,0.896615624,266.475159,3717062.5,3325069.75
BASE,1681.0,7173140.0,6047616.5,1061697020.0,330.817078,1747.10559,7383.76367,547.120422,0.897902727,267.713074,3722533.5,3373186.75
BASE,1691.0,7183416.5,6093641.5,1063157760.0,331.057892,1027.61743,4602.50781,353.847687,0.892332613,283.784393,3726072.0,3402513.25
BASE,1701.0,7183416.5,6093641.5,1063157760.0,332.03772,0.0,0.0,-0.0,0.0,311.373444,3726072.0,3402513.25
BASE,1711.0,7183416.5,6093641.5,1063157760.0,332.980103,0.0,0.0,-0.0,0.0,312.940063,3726072.0,3402513.25
BASE,1721.0,7183416.5,6093641.5,1063157760.0,334.288086,0.0,0.0,-0.0,0.0,314.56076,3726072.0,3402513.25
BASE,1731.0,7183416.5,6093641.5,1063157760.0,334.971466,0.0,0.0,-0.0,0.0,315.295837,3726072.0,3402513.25
BASE,1741.0,7199265.0,6133368.0,1065402940.0,335.197083,1510.16382,4077.11279,530.944824,0.834153295,286.665955,3732591.0,3427497.75
BASE,1751.0,7217046.0,6190603.5,1067930180.0,334.285614,1778.12061,5723.54248,585.259949,0.87078011,275.745789,3738443.75,3466937.0
BASE,1761.0,7229860.0,6237512.0,1069750660.0,332.148041,1281.39673,4690.8623,468.795715,0.877511561,278.398529,3743131.75,3500521.75
BASE,1771.0,7252119.5,6307225.0,1072915840.0,326.460358,2225.95923,6971.2832,609.820312,0.884754419,261.725952,3749229.75,3547338.25
BASE,1781.0,7272435.5,6378990.0,1075798910.0,331.728058,1970.17126,7264.18066,558.862061,0.892339766,269.855225,3754908.25,3593533.0
BASE,1791.0,7291416.5,6453262.0,1078488960.0,331.835724,1898.1106,7427.21436,543.567627,0.896444619,270.278961,3760344.0,3640587.75
BASE,1801.0,7309766.0,6527845.5,1081087620.0,331.789154,1834.91223,7458.3252,525.8526,0.899290264,270.491272,3765602.5,3687544.0
BASE,1811.0,7325752.0,6594222.5,1083349630.0,331.609772,1598.63721,6637.74414,457.587341,0.899892569,275.34964,3770178.25,3728677.75
BASE,1821.0,7342712.5,6665229.5,1085747970.0,332.362122,1696.06104,7100.65674,476.108185,0.901824176,274.137268,3774939.5,3772412.0
BASE,1831.0,7361036.0,6740438.0,1088337150.0,331.683624,1832.30823,7520.88184,483.461517,0.903710663,272.214355,3779774.0,3817786.75
BASE,1841.0,7378900.0,6817463.5,1090860420.0,330.222351,1786.40381,7702.52881,501.716797,0.905229509,268.45578,3784791.25,3865709.75
BASE,1851.0,7395586.5,6893010.5,1093215100.0,332.168884,1668.66309,7554.71582,472.596649,0.907114983,272.469543,3789517.25,3911863.5
BASE,1861.0,7411825.0,6968582.5,1095505280.0,332.682343,1623.83997,7557.18652,465.850433,0.908435822,273.263062,3794175.75,3958082.0
BASE,1871.0,7428284.5,7045483.5,1097825410.0,332.951202,1645.9425,7690.12939,461.846313,0.909618616,273.278229,3798794.0,4004563.25
BASE,1881.0,7444390.0,7122758.5,1100094720.0,333.238586,1610.54761,7727.50098,458.647156,0.910856485,273.383911,3803380.5,4051427.25
BASE,1891.0,7460624.5,7201163.0,1102381180.0,333.269928,1623.48352,7840.42676,454.82193,0.912079096,273.278412,3807928.75,4098609.75
BASE,1901.0,7466309.5,7229051.0,1103179010.0,333.316772,602.194336,2740.6748,162.503342,0.893930614,300.868347,3809464.25,4112432.75
BASE,1911.0,7473786.0,7247586.0,1104226180.0,335.044495,747.645569,1853.47095,-0.0,0.0,315.869934,3809464.25,4112432.75
BASE,1921.0,7487014.5,7299636.0,1106090240.0,337.143433,1322.88635,5205.03564,374.804382,0.884952784,290.729126,3813212.25,4141263.0
BASE,1931.0,7494569.0,7331010.5,1107152770.0,338.87381,755.405518,3137.42358,212.967484,0.885192275,303.489197,3815342.0,4157683.5
BASE,1941.0,7512814.5,7412062.5,1109722110.0,338.844757,1824.58179,8105.21582,514.308838,0.906950414,275.866486,3820485.0,4207813.0
BASE,1951.0,7530098.0,7493996.5,1112152960.0,338.11972,1728.34631,8193.375,472.726471,0.913790941,275.263519,3825212.25,4257920.5
BASE,1961.0,7546719.0,7577100.0,1114489090.0,338.236633,1662.08716,8310.37207,455.35025,0.917181373,275.747192,3829765.75,4308348.5
BASE,1971.0,7563280.5,7655544.5,1116817150.0,332.263367,1656.18152,7844.44922,430.643494,0.91680944,271.241638,3834072.25,4355808.0
BASE,1981.0,7578770.0,7737856.0,1118993280.0,336.718018,1548.9436,8231.13086,434.321106,0.919759929,275.194153,3838415.5,4405592.5
BASE,1991.0,7594024.0,7818892.5,1121135740.0,336.677307,1525.40027,8103.64111,410.605347,0.920974493,277.200073,3842521.5,4453445.0
BASE,2001.0,7607656.0,7893818.5,1123050240.0,337.121307,1363.20154,7492.60254,378.584656,0.921314597,280.514404,3846307.25,4497773.0
BASE,2011.0,7616827.5,7941288.5,1124336260.0,338.828705,917.140198,4747.03271,224.243256,0.915822268,298.17572,3848549.75,4522170.0
BASE,2021.0,7631253.0,8018350.5,1126362750.0,339.081665,1442.53723,7706.18848,395.997833,0.920250654,281.365509,3852509.75,4567865.0
BASE,2031.0,7643945.5,8092512.0,1128145660.0,340.065369,1269.25024,7416.16504,384.557098,0.922598243,282.373993,3856355.25,4613703.0
BASE,2041.0,7654486.0,8130948.5,1129585280.0,339.512939,1054.05286,3843.61987,186.289108,0.914606273,302.495087,3858218.25,4633655.0
BASE,2051.0,7675475.0,8204414.0,1132411900.0,339.342468,2098.89355,7346.57812,386.198578,0.921168327,283.736237,3862080.25,4678783.5
BASE,2061.0,7699426.0,8290804.0,1135620100.0,338.958923,2395.11938,8639.00488,420.30481,0.925959051,278.959564,3866283.25,4731347.0
BASE,2071.0,7718164.0,8378047.0,1138163840.0,339.626678,1873.802,8724.28027,407.306519,0.92852968,279.527893,3870356.25,4784263.5
BASE,2081.0,7737595.0,8457624.0,1140769280.0,338.353027,1943.09302,7957.71777,363.951508,0.929021895,282.903229,3873995.75,4831900.5
BASE,2091.0,7749748.0,8506147.0,1142390660.0,338.778076,1215.29883,4852.31689,226.441895,0.924488842,298.476624,3876260.25,4859624.0
BASE,2101.0,7769379.5,8580244.0,1145010820.0,339.297272,1963.15479,7409.61719,333.499512,0.927011609,288.201294,3879595.25,4901981.5
BASE,2111.0,7792786.5,8667319.0,1148121220.0,338.224243,2340.68433,8707.58203,389.855438,0.930207789,279.956787,3883493.75,4953942.0
BASE,2121.0,7811946.5,8742287.0,1150663550.0,338.293549,1916.0177,7496.7666,328.489532,0.930742562,286.453979,3886778.75,4998087.5
BASE,2131.0,7829266.5,8811009.0,1152956670.0,336.943024,1731.99609,6872.15381,313.840454,0.930300653,286.725464,3889917.0,5039977.0
BASE,2141.0,7847986.0,8874166.0,1155422460.0,337.713959,1871.94849,6315.75439,257.413757,0.928931892,294.559937,3892491.25,5073623.5
BASE,2151.0,7869566.0,8957508.0,1158278910.0,338.005188,2157.98218,8334.14941,355.021149,0.932198286,283.972595,3896041.5,5122435.0
BASE,2161.0,7891736.0,9044384.0,1161210240.0,337.733765,2217.01733,8687.67969,356.073669,0.934508383,282.723328,3899602.25,5173243.5
BASE,2171.0,7911543.5,9122338.0,1163825540.0,337.371307,1980.72046,7795.39551,310.204437,0.93483907,287.271698,3902704.25,5217747.5
BASE,2181.0,7927381.5,9187340.0,1165909500.0,338.74173,1583.83081,6500.13477,271.974304,0.934096277,292.781708,3905424.0,5256296.0
BASE,2191.0,7947360.5,9267657.0,1168543620.0,340.047028,1997.91211,8031.74854,317.867981,0.93562603,288.168915,3908602.75,5302495.5
BASE,2201.0,7965796.5,9342905.0,1170974460.0,340.897919,1844.54346,7523.2627,297.047729,0.93584466,290.405945,3911574.0,5345825.0
BASE,2208.0,7980972.0,9399811.0,1172972290.0,341.592865,2167.93164,8129.46631,309.02887,0.936746776,290.316925,3913737.25,5377861.0
BASE,2209.0,7983582.0,9407940.0,1173313020.0,341.536469,2610.40356,8128.98535,308.352966,0.936888516,290.533173,3914045.75,5382438.5
BASE,2211.0,7988651.0,9424201.0,1173975680.0,341.483459,2534.49146,8130.17285,307.179993,0.937135041,290.94931,3914660.0,5391597.0
BASE,2221.0,8012040.0,9475100.0,1176997250.0,343.177185,2340.75,5089.42822,109.283974,0.926311672,319.289124,3915712.25,5405392.5
BASE,2231.0,8028333.0,9532068.0,1179111680.0,341.333435,1629.31262,5696.78857,239.428345,0.930660367,301.723236,3918106.5,5437528.0
BASE,2241.0,8048255.5,9599317.0,1181686140.0,341.772186,1989.05713,6730.49902,252.561768,0.934461176,298.832733,3920658.5,5473501.0
BASE,2251.0,8072583.0,9684246.0,1184833410.0,339.676941,2432.71143,8492.86621,325.004608,0.938200772,287.261017,3923908.5,5522841.5
BASE,2261.0,8096855.5,9770240.0,1187969920.0,338.507172,2427.27441,8599.38574,314.393921,0.940255821,286.897552,3927052.5,5572321.0
BASE,2271.0,8120922.0,9857141.0,1191076100.0,337.367584,2406.63428,8690.1582,308.875946,0.941384256,286.2836,3930141.25,5621927.0
BASE,2281.0,8134028.0,9911265.0,1192768900.0,339.665253,1310.61597,5412.39795,188.338745,0.938416183,303.390167,3932024.75,5650626.0
BASE,2291.0,8154810.0,9991249.0,1195456130.0,340.572815,2078.1731,7998.3335,279.837463,0.940555513,293.315521,3934823.0,5694903.0
BASE,2301.0,8177658.0,10080043.0,1198405250.0,341.016724,2284.8374,8879.4375,306.451416,0.943050861,290.064301,3937887.5,5745650.0
BASE,2304.0,8184439.5,10105294.0,1199277700.0,341.132416,2260.45312,8417.07227,282.052887,0.943541825,293.227081,3938733.75,5759791.5
BASE,2305.0,8187407.0,10113716.0,1199673860.0,340.92157,2967.43604,8421.6543,281.662537,0.943621814,293.413818,3939015.5,5764505.5
BASE,2306.0,8190722.0,10122140.0,1200121600.0,340.59552,3314.87866,8424.03906,281.301819,0.943695784,293.444366,3939296.75,5769220.5
BASE,2307.0,8194311.0,10130565.0,1200610300.0,340.182373,3589.12646,8424.53516,280.975006,0.943762898,293.350739,3939577.75,5773936.0
BASE,2309.0,8201158.5,10147414.0,1201538430.0,339.504822,3423.67261,8424.82129,280.360382,0.943888903,292.971008,3940138.5,5783368.0
BASE,2311.0,8207919.0,10164264.0,1202454020.0,338.876984,3380.41357,8425.03809,279.755646,0.944013,292.501648,3940698.0,5792802.0
BASE,2321.0,8240447.0,10252937.0,1206820740.0,338.210663,3244.17041,8879.10156,287.344269,0.945436537,290.907501,3943588.5,5842567.0
BASE,2331.0,8264485.0,10299911.0,1210040060.0,329.578033,2403.82837,4697.40283,120.520706,0.936613798,302.563721,3944793.75,5860375.5
BASE,2341.0,8290540.0,10350735.0,1213517950.0,338.16568,2578.03784,5120.72266,108.315765,0.930346131,315.792145,3945857.75,5874870.0
BASE,2351.0,8318433.0,10440734.0,1217244160.0,339.42511,2789.25879,8999.88281,310.065308,0.941854,291.495117,3948958.25,5925095.0
BASE,2361.0,8346939.0,10531009.0,1221067010.0,338.910461,2850.60693,9027.51367,287.689087,0.945789158,291.336151,3951835.25,5975286.5
BASE,2371.0,8372876.5,10615032.0,1224540030.0,337.981171,2593.75,8402.34863,260.391785,0.94673872,292.900055,3954439.0,6021572.0
BASE,2381.0,8399145.0,10702709.0,1228056320.0,338.871429,2626.87329,8767.65234,266.208221,0.947898924,292.557312,3957101.25,6070004.5
BASE,2391.0,8425092.0,10787594.0,1231527550.0,337.000427,2594.65991,8488.55469,255.041748,0.948157072,291.836761,3959651.5,6116649.0
BASE,2401.0,8449569.0,10870563.0,1234798980.0,338.936859,2447.76196,8296.85645,243.92691,0.948936403,295.610992,3962091.0,6161979.0
BASE,2411.0,8475063.0,10960064.0,1238214020.0,339.211334,2549.37769,8950.15625,259.380127,0.949936211,293.240051,3964684.75,6211195.5
BASE,2421.0,8500258.0,11051190.0,1241591420.0,339.644165,2519.479,9112.51758,263.333618,0.95103246,292.400146,3967318.0,6262339.0
BASE,2431.0,8506390.0,11086382.0,1242407680.0,341.27536,613.260254,3519.24243,112.961517,0.945167959,312.995972,3968447.75,6281811.0
BASE,2441.0,8521563.0,11169088.0,1244428540.0,344.085419,1517.29871,8270.62695,256.85495,0.948763549,295.349945,3971016.25,6329373.5
BASE,2451.0,8547764.0,11257862.0,1247922820.0,344.179016,2620.06812,8877.32617,256.063019,0.951016366,295.674133,3973576.75,6379088.0
BASE,2461.0,8572961.0,11349594.0,1251290110.0,344.405426,2519.69629,9173.28027,257.276337,0.952535987,295.836823,3976149.5,6430720.0
BASE,2471.0,8593432.0,11430868.0,1254013060.0,344.704193,2047.10962,8127.354,228.372131,0.952778518,299.727173,3978433.25,6476798.0
BASE,2481.0,8617317.0,11520034.0,1257213950.0,344.895325,2388.4353,8916.56836,242.18573,0.953555822,297.749908,3980855.25,6526522.0
BASE,2491.0,8640380.0,11607677.0,1260305020.0,346.081696,2306.36475,8764.38867,232.848846,0.954280913,300.117279,3983183.75,6575123.5
BASE,2501.0,8663062.0,11694467.0,1263345280.0,346.946747,2268.16626,8678.94434,225.857162,0.954779208,301.888641,3985442.25,6622810.5
BASE,2511.0,8685957.0,11785435.0,1266415620.0,347.804199,2289.46704,9096.84082,226.976837,0.955436349,302.383728,3987712.0,6671474.0
BASE,2521.0,8707984.0,11871997.0,1269365760.0,344.967133,2202.78931,8656.20508,208.520096,0.95487982,301.419159,3989797.25,6715603.0
BASE,2524.0,8709587.0,11881534.0,1269579520.0,346.076874,534.248535,3178.95435,-0.0,0.0,332.852325,3989797.25,6715603.0
BASE,2531.0,8713515.0,11903520.0,1270104580.0,348.692596,571.68634,3125.77588,-0.0,0.0,321.434326,3989797.25,6715603.0
BASE,2541.0,8719506.0,11936259.0,1270922370.0,351.743042,599.157776,3273.9187,-0.0,0.0,324.81192,3989797.25,6715603.0
BASE,2551.0,8726750.0,11969899.0,1271901700.0,354.9216,724.31543,3363.96558,-0.0,0.0,326.353729,3989797.25,6715603.0
BASE,2558.0,8733407.0,11994642.0,1272793090.0,354.999481,950.99292,3534.75415,-0.0,0.0,326.444061,3989797.25,6715603.0
BASE,2561.0,8743771.0,12006491.0,1274215040.0,352.063232,3454.94067,3949.73193,717.617493,0.400604218,303.265045,3991950.0,6717042.0
BASE,2571.0,8774092.0,12047854.0,1278368510.0,347.679047,3006.98584,4171.37891,549.671021,0.545026541,289.111084,3997574.0,6723459.0
BASE,2581.0,8800947.0,12090842.0,1282000510.0,344.600006,2685.5354,4298.72803,628.335571,0.546777368,279.890289,4003857.25,6731039.5
BASE,2591.0,8822718.0,12131496.0,1284906240.0,341.669037,2177.04004,4065.46094,686.483521,0.542930841,273.131592,4010722.25,6739194.0
BASE,2601.0,8843243.0,12172216.0,1287696380.0,345.114685,2052.51733,4071.94653,525.494019,0.557675958,281.904205,4015977.0,6745819.5
BASE,2611.0,8873133.0,12221155.0,1291814020.0,347.906891,2988.98267,4893.90479,590.776306,0.563711286,280.435669,4021884.75,6753452.5
BASE,2621.0,8899528.0,12270244.0,1295416580.0,347.454041,2639.48413,4908.91406,599.809509,0.568279386,279.258575,4027883.0,6761348.0
BASE,2631.0,8922879.0,12319957.0,1298536060.0,348.044128,2335.18701,4971.27002,615.764587,0.574816346,277.382996,4034040.5,6769672.5
BASE,2641.0,8952435.0,12367918.0,1302535040.0,346.94754,2934.75757,4824.87061,431.062164,0.592285395,287.275543,4038364.25,6775918.0
BASE,2651.0,8986517.0,12419673.0,1307170560.0,343.672729,3408.16675,5175.46338,528.677246,0.594614744,279.035828,4043651.0,6783672.5
BASE,2661.0,9013260.0,12470093.0,1310716800.0,344.088409,2674.30762,5042.021,543.496399,0.610039413,275.369843,4049086.0,6792174.5
BASE,2671.0,9043160.0,12525272.0,1314731140.0,347.542938,2990.0498,5517.93359,531.000244,0.63319689,275.491028,4054396.0,6801341.0
BASE,2681.0,9078331.0,12581154.0,1319534460.0,343.098999,3499.40527,5612.31396,475.427582,0.647467136,276.163727,4059178.25,6810033.0
BASE,2691.0,9103350.0,12634772.0,1322852610.0,342.723114,2501.96436,5361.83594,472.420319,0.656521738,274.043304,4063902.5,6819063.0
BASE,2701.0,9128297.0,12688364.0,1326184450.0,341.987305,2494.6416,5359.24023,458.026154,0.665433466,273.134064,4068482.75,6828173.0
BASE,2711.0,9155300.0,12744930.0,1329833860.0,339.672821,2691.39966,5669.1748,468.634521,0.673602462,269.160217,4073196.75,6837804.5
BASE,2721.0,9179356.0,12800300.0,1333072510.0,339.325745,2405.61499,5536.9541,504.897125,0.68207866,264.230164,4078245.75,6848637.0
BASE,2731.0,9207350.0,12859055.0,1336928640.0,341.873779,2799.41846,5875.51465,568.835571,0.695132911,258.181396,4083934.0,6861607.0
BASE,2741.0,9237489.0,12922139.0,1341092220.0,343.574127,2992.71167,6338.03027,570.475342,0.711092532,255.980286,4089710.0,6875544.5
BASE,2751.0,9260408.0,12980920.0,1344171900.0,342.668884,2291.83179,5878.02686,534.940979,0.722064137,256.882965,4095059.25,6889442.0
BASE,2761.0,9282159.0,13038157.0,1347102080.0,343.273682,2167.42407,5734.4458,472.973755,0.732296526,261.295563,4099822.5,6902331.5
BASE,2771.0,9309032.0,13098390.0,1350819710.0,341.240967,2687.31567,6023.28564,468.505096,0.740392983,259.212311,4104507.5,6915693.0
BASE,2781.0,9332401.0,13157349.0,1354035970.0,340.259247,2336.90405,5895.91797,432.228485,0.748661578,260.320221,4108829.75,6928568.0
BASE,2784.0,9338417.0,13174644.0,1354843780.0,340.721436,2005.07507,5764.86133,419.66275,0.751269877,261.121674,4110088.75,6932370.5
BASE,2791.0,9352395.0,13214973.0,1356748800.0,341.497375,1996.88354,5761.37109,411.754669,0.756486833,261.26059,4112971.0,6941324.5
BASE,2801.0,9361499.0,13247169.0,1358023040.0,341.870758,934.215759,3186.35352,247.148666,0.756271183,283.601593,4115424.5,6949020.0
BASE,2811.0,9387348.0,13304001.0,1361626620.0,341.408051,2551.39526,5731.54248,387.42746,0.762741446,264.846436,4119350.75,6961398.5
BASE,2821.0,9413691.0,13362222.0,1365320700.0,339.50769,2623.00928,5838.17578,371.337219,0.769102693,263.549225,4123083.0,6973740.0
BASE,2831.0,9430939.0,13416924.0,1367666430.0,340.927582,1724.80835,5470.19043,354.50943,0.773865461,264.917267,4126628.0,6985872.0
BASE,2841.0,9449621.0,13477463.0,1370196100.0,342.170776,1857.24304,6069.10693,355.866333,0.779212952,263.904999,4130206.75,6998401.5
BASE,2851.0,9472660.0,13540565.0,1373374980.0,339.117462,2285.02759,6337.26318,352.632446,0.782737017,262.018524,4133744.75,7011089.0
BASE,2861.0,9491963.0,13599746.0,1376121090.0,339.824219,1920.66797,5932.14551,343.254639,0.788404942,262.598877,4137197.5,7023849.0
BASE,2871.0,9508053.0,13660874.0,1378314880.0,342.547089,1588.46008,6141.56006,342.936188,0.794230282,262.865387,4140650.5,7037051.0
BASE,2881.0,9530966.0,13731274.0,1381367040.0,344.896301,2267.49219,7075.10107,342.250977,0.800209403,262.709778,4144099.0,7050721.0
BASE,2891.0,9556725.0,13799614.0,1384889980.0,340.892975,2575.89355,6834.02881,319.355103,0.803361416,263.824005,4147292.5,7063768.0
BASE,2901.0,9579770.0,13865768.0,1388038780.0,345.017334,2282.20679,6646.21924,288.447449,0.809353828,270.176788,4150196.5,7075985.0
BASE,2911.0,9599494.0,13934365.0,1390656640.0,342.936462,1972.36499,6859.71045,314.444336,0.811611712,264.937653,4153340.75,7089532.0
BASE,2921.0,9617282.0,14000896.0,1393017600.0,342.232727,1767.84998,6668.52832,288.930878,0.814822674,266.472748,4156239.25,7102232.0
BASE,2931.0,9635696.0,14066012.0,1395523840.0,345.019623,1841.35449,6511.53955,271.249084,0.819730222,270.475586,4158951.75,7114566.5
BASE,2941.0,9657263.0,14138839.0,1398475010.0,345.165009,2140.65112,7305.22705,294.513428,0.824041009,266.626404,4161915.75,7128331.5
BASE,2951.0,9675082.0,14207824.0,1400863360.0,343.222748,1781.93018,6898.43066,270.908203,0.826173842,268.091034,4164624.75,7141207.0
BASE,2961.0,9692270.0,14275652.0,1403161980.0,342.666565,1709.93762,6795.54834,260.769623,0.828321338,268.497986,4167239.75,7153778.0
BASE,2971.0,9713978.0,14344231.0,1406159360.0,341.095123,2150.9187,6885.75,247.179779,0.830252528,269.389923,4169719.0,7165857.0
BASE,2981.0,9733156.0,14414631.0,1408796540.0,349.112885,1917.8313,7040.05859,241.255188,0.837407589,274.619202,4172131.5,7178282.5
BASE,2991.0,9749056.0,14488802.0,1410915200.0,349.552521,1587.57251,7420.78174,257.966492,0.84091872,272.052734,4174727.75,7191894.5
BASE,3001.0,9764525.0,14559780.0,1412997500.0,349.084229,1539.27893,7107.61035,244.159134,0.843480885,273.758087,4177177.5,7205040.0
BASE,3011.0,9784218.0,14631654.0,1415735170.0,346.922516,1963.03174,7196.17383,233.273254,0.845385373,274.185608,4179515.25,7217787.5
BASE,3021.0,9801747.0,14699563.0,1418172030.0,345.906433,1753.06201,6790.36719,221.621353,0.847318411,275.548492,4181737.0,7230078.0
BASE,3031.0,9812724.0,14764415.0,1419685500.0,346.893036,1097.69861,6485.17969,218.123398,0.850819647,276.376709,4183918.25,7242518.5
BASE,3041.0,9823667.0,14826654.0,1421186940.0,346.964233,1088.82251,6230.44287,213.733383,0.853110373,277.407654,4186063.75,7254919.5
BASE,3051.0,9837039.0,14894818.0,1422993020.0,347.946808,1337.13806,6816.42041,200.200974,0.855260551,279.909576,4188065.75,7266749.5
BASE,3061.0,9850176.0,14963707.0,1424770050.0,348.545563,1313.68628,6888.85156,194.422836,0.857311249,281.304504,4190010.0,7278431.0
BASE,3071.0,9862728.0,15031326.0,1426473220.0,349.164642,1255.28967,6761.89062,188.678711,0.859264791,282.697296,4191896.75,7289950.5
BASE,3081.0,9874923.0,15098352.0,1428125440.0,350.364624,1219.41919,6702.64014,187.040833,0.86151129,283.725555,4193767.25,7301586.0
BASE,3091.0,9886861.0,15165234.0,1429734400.0,350.593201,1193.83191,6688.14404,173.27887,0.862765908,286.364716,4195500.0,7312480.0
BASE,3101.0,9899707.0,15234941.0,1431466240.0,350.999268,1284.64636,6970.74561,187.670959,0.865001798,283.682648,4197376.5,7324505.0
BASE,3111.0,9912233.0,15304317.0,1433153410.0,351.466736,1253.38806,6936.54297,183.723373,0.867379606,284.027344,4199223.0,7336507.5
BASE,3121.0,9922249.0,15358807.0,1434495620.0,351.076569,1000.4682,5450.34814,142.32196,0.865494728,293.957123,4200640.0,7345674.5
BASE,3131.0,9930890.0,15395519.0,1435658880.0,353.372498,864.031982,3671.17505,139.796417,0.864491999,299.660614,4202038.0,7354593.0
BASE,3141.0,9940395.0,15434580.0,1436935040.0,351.625031,949.301392,3907.9375,148.457047,0.863806188,297.92041,4203521.5,7364010.0
BASE,3151.0,9949073.0,15469932.0,1438093060.0,353.128967,867.860413,3535.18628,96.1007233,0.857962668,309.227295,4204482.5,7369815.0
BASE,3161.0,9956842.0,15500844.0,1439112830.0,354.231842,776.914307,3091.20239,-0.0,0.0,328.196167,4204482.5,7369815.0
BASE,3171.0,9964918.0,15527456.0,1440171390.0,349.309174,807.518982,2661.22437,-0.0,0.0,326.367493,4204482.5,7369815.0
BASE,3181.0,9973437.0,15553675.0,1441284990.0,340.913483,851.933105,2621.89038,-0.0,0.0,319.798035,4204482.5,7369815.0
BASE,3186.0,9977761.0,15566696.0,1441851260.0,336.790924,864.912659,2604.09692,-0.0,0.0,315.975677,4204482.5,7369815.0
BASE,3197.0,9977761.0,15566696.0,1441851260.0,338.657196,0.0,0.0,-0.0,0.0,317.173798,4204482.5,7369815.0
sens_fault_low,11.0,0.0,0.0,0.0,329.594482,0.0,0.0,-0.0,0.0,312.160187,0.0,0.0
sens_fault_low,21.0,0.0,0.0,0.0,329.59726,0.0,0.0,-0.0,0.0,312.178894,0.0,0.0
sens_fault_low,31.0,0.0,0.0,0.0,329.600616,0.0,0.0,-0.0,0.0,312.191772,0.0,0.0
sens_fault_low,41.0,0.0,0.0,0.0,329.604279,0.0,0.0,-0.0,0.0,312.201996,0.0,0.0
sens_fault_low,51.0,19273.5605,0.0572754815,3054187.25,325.132263,1927.35596,0.00572754815,1927.35596,2.97170368e-06,301.266663,19273.5605,0.0572754815
sens_fault_low,57.0,30848.0449,0.101012543,4883405.0,322.470703,1929.08069,0.00728951022,1929.08069,3.7787338e-06,298.294281,30848.0449,0.101012543
sens_fault_low,61.0,42042.3242,0.157796577,6648900.0,319.923096,2798.57007,0.0141960094,2798.57007,5.072568e-06,293.324036,42042.3242,0.157796577
sens_fault_low,71.0,70448.5625,0.351347148,11110324.0,313.669586,2840.62378,0.0193550587,2840.62378,6.81361871e-06,286.684814,70448.5625,0.351347148
sens_fault_low,81.0,100250.305,0.606416881,15773356.0,307.3526,2980.17432,0.0255069695,2980.17432,8.55881171e-06,279.92157,100250.305,0.606416881
sens_fault_low,91.0,120900.586,0.791167021,18996896.0,303.291748,2065.02783,0.0184750147,2065.02783,8.94653749e-06,278.348358,120900.586,0.791167021
sens_fault_low,101.0,150212.047,1.11275208,23559168.0,297.432587,2931.14624,0.0321585126,2931.14624,1.09711891e-05,270.236633,150212.047,1.11275208
sens_fault_low,111.0,172369.656,1.36766148,27001216.0,293.256287,2215.76099,0.0254909396,2215.76099,1.15042412e-05,267.979858,172369.656,1.36766148
sens_fault_low,121.0,194731.125,1.6254617,30467564.0,292.440613,2236.14673,0.0257800203,2236.14673,1.15286375e-05,267.609528,194731.125,1.6254617
sens_fault_low,131.0,226213.156,1.97205043,35335264.0,296.374908,3149.26123,0.033712361,3149.26123,1.07047326e-05,270.530121,226213.156,1.97205043
sens_fault_low,141.0,268796.656,2.430197,41891148.0,298.32019,4258.34961,0.0458146557,4258.34961,1.07586666e-05,270.103729,268796.656,2.430197
sens_fault_low,151.0,318923.469,2.98754716,49582948.0,298.779327,5012.68262,0.0557350069,5012.68262,1.11186737e-05,268.569122,318923.469,2.98754716
sens_fault_low,161.0,357093.562,3.38370848,55428020.0,298.785767,3817.0083,0.0396161377,3817.0083,1.0378737e-05,271.510742,357093.562,3.38370848
sens_fault_low,166.0,381939.0,3.66229582,59228448.0,298.34964,4969.08789,0.0557174906,4969.08789,1.12126945e-05,268.049774,381939.0,3.66229582
sens_fault_low,171.0,406794.969,3.94504786,63026720.0,297.91217,4971.18994,0.0565503761,4971.18994,1.13754922e-05,267.36673,406794.969,3.94504786
sens_fault_low,181.0,456141.031,4.48885489,70554184.0,298.765259,4934.60693,0.0543806963,4934.60693,1.10201472e-05,268.503998,456141.031,4.48885489
sens_fault_low,191.0,505029.781,4.98919344,78000704.0,300.916595,4888.87646,0.0500338823,4888.87646,1.02341246e-05,271.161865,505029.781,4.98919344
sens_fault_low,192.0,509919.062,5.03742743,78755184.0,300.490082,4889.27197,0.0482339375,3541.01465,9.56551776e-06,273.902161,508570.812,5.02306557
sens_fault_low,201.0,553916.812,5.51215887,85546072.0,296.662506,4888.52295,0.0540512055,3542.29102,1.07472124e-05,269.252655,540449.125,5.35707664
sens_fault_low,211.0,611784.938,6.14204884,94563120.0,297.349182,5786.81445,0.0629889965,3128.36011,1.01270489e-05,271.458221,571732.75,5.67389011
sens_fault_low,221.0,660704.125,6.64879656,102202488.0,297.686981,4891.91846,0.050674744,2378.40869,9.41349845e-06,273.972534,595516.812,5.89778376
sens_fault_low,231.0,735919.688,7.57592201,113884992.0,293.033813,7521.55713,0.0927125514,4138.88623,1.18193957e-05,264.200317,636905.688,6.38698101
sens_fault_low,241.0,781929.625,8.07271099,120967472.0,295.02179,4600.99463,0.0496789552,3212.84497,1.05020345e-05,269.01709,669034.125,6.72439861
sens_fault_low,251.0,802477.25,8.26373005,124157312.0,298.21344,2054.76172,0.0191018768,1034.56445,8.18725675e-06,277.719421,679379.812,6.80910158
sens_fault_low,261.0,865960.375,9.06993008,134025192.0,290.340271,6348.31445,0.0806200132,2738.11621,1.16180927e-05,264.153198,706760.938,7.12722206
sens_fault_low,271.0,945425.812,10.3612547,146090272.0,281.211273,7946.54492,0.129132479,3194.81543,1.43286989e-05,253.319946,738709.125,7.58500433
sens_fault_low,281.0,1024421.25,11.7026577,158028016.0,278.670441,7905.16846,0.135858119,3148.71606,1.4757411e-05,251.537491,770182.812,8.04602242
sens_fault_low,291.0,1092497.88,12.8265371,168317392.0,278.836487,6807.66553,0.112387963,2723.56299,1.42293138e-05,253.38707,797418.438,8.43357277
sens_fault_low,301.0,1166899.5,13.9968262,179620272.0,281.960083,7440.16406,0.11702887,3041.1687,1.3667127e-05,255.146667,827830.125,8.84921837
sens_fault_low,311.0,1248597.12,15.2461748,192030560.0,283.0625,8169.76221,0.124934889,3904.88647,1.38843125e-05,253.776825,866879.0,9.39139271
sens_fault_low,321.0,1332009.38,16.4412746,204692128.0,285.728119,8341.2168,0.119510002,5021.04736,1.38369305e-05,253.35228,917089.5,10.0861607
sens_fault_low,331.0,1414855.62,17.5595531,217289104.0,287.787903,8284.63086,0.111827835,4936.37549,1.31191855e-05,255.771027,966453.25,10.7337818
sens_fault_low,341.0,1496481.38,18.4909878,229732800.0,295.148285,8162.57715,0.0931434035,4919.02295,1.11312156e-05,262.830841,1015643.44,11.2813349
sens_fault_low,351.0,1583751.25,19.3691025,242999952.0,300.432404,8726.98145,0.0878115222,5195.38867,9.79048309e-06,267.192108,1067597.38,11.7899933
sens_fault_low,354.0,1610341.12,19.6266861,247021600.0,302.190369,8863.31348,0.0858608857,5417.0083,9.4364259e-06,268.262848,1083848.38,11.943347
sens_fault_low,355.0,1619208.88,19.7112675,248361408.0,302.77597,8867.7666,0.0845813379,5417.1875,9.28118061e-06,268.801117,1089265.62,11.9936247
sens_fault_low,361.0,1672467.12,20.1821308,256390464.0,306.277893,8878.6543,0.076410085,5417.23535,8.33001923e-06,272.170288,1121768.88,12.2721481
sens_fault_low,371.0,1760328.5,20.8508167,269576928.0,311.260529,8790.00195,0.0639841706,5522.15869,7.04054173e-06,276.599884,1176993.25,12.6793413
sens_fault_low,381.0,1847271.5,21.3643742,282572448.0,316.432159,8694.29883,0.0513557643,5433.69385,5.62839432e-06,281.771179,1231330.25,12.9851723
sens_fault_low,391.0,1934481.12,21.7618732,295617664.0,322.451965,8720.95898,0.0397498757,4321.43896,3.81593418e-06,290.645782,1274544.62,13.1500759
sens_fault_low,401.0,2017269.88,22.068449,307945632.0,325.968506,8278.87402,0.0306575093,4610.44043,3.30194757e-06,293.379761,1320649.0,13.3023109
sens_fault_low,411.0,2098440.25,22.3035526,320007392.0,330.370728,8117.02734,0.0235104654,4223.1709,2.48763968e-06,298.649261,1362880.75,13.4073687
sens_fault_low,421.0,2183652.25,22.4928493,332633568.0,336.452576,8521.20312,0.0189296342,4249.57275,1.77821107e-06,304.206238,1405376.38,13.482935
sens_fault_low,429.0,2249370.25,22.6209335,342343712.0,341.124451,8214.77344,0.0160105582,4161.49561,1.48067647e-06,308.911407,1438668.38,13.5322294
sens_fault_low,431.0,2265805.25,22.653326,344770784.0,342.295105,8217.42969,0.0161957238,4162.29053,1.53531391e-06,310.020691,1446993.0,13.5450106
sens_fault_low,441.0,2330963.75,2543.17358,354357216.0,332.501648,6513.32568,250.50354,3455.58765,4.01595571e-06,301.481293,1481554.12,13.6552105
sens_fault_low,451.0,2403455.25,2543.87744,365200384.0,313.882782,7242.73193,0.0839901716,3095.38257,1.0244813e-05,283.980591,1512512.25,13.9153156
sens_fault_low,461.0,2447354.0,2544.50244,371727840.0,312.031891,4389.85596,0.0625072569,2453.72314,1.31765355e-05,283.793457,1537049.5,14.2386351
sens_fault_low,471.0,2517685.0,2546.70532,382189216.0,302.067352,7033.10938,0.220279634,5193.81055,3.43580541e-05,265.730621,1588987.62,16.0231895
sens_fault_low,481.0,2592727.75,2551.7981,393345344.0,294.422333,7504.27637,0.509270668,4814.9585,6.95065755e-05,258.613129,1637137.25,19.3701344
sens_fault_low,491.0,2671067.75,2602.23389,404949632.0,293.41217,7833.99512,5.04358816,4264.57373,0.000114523442,258.868103,1679782.88,24.254631
sens_fault_low,501.0,2746573.75,2880.92261,416101312.0,298.291901,7550.60254,27.8688717,4054.47339,0.00018406364,264.792725,1720327.62,31.7188148
sens_fault_low,511.0,2835200.5,3639.74878,429177664.0,303.711151,8862.68164,75.8826141,4845.20312,0.000493345084,267.893555,1768779.75,55.6341858
sens_fault_low,521.0,2923667.0,4775.79395,442225152.0,304.542419,8846.63867,113.604492,5179.78418,0.00124645012,267.55011,1820577.5,120.278183
sens_fault_low,531.0,3003667.75,5967.2959,454052928.0,297.107605,8000.08887,119.1502,4792.65967,0.00226747827,260.795441,1868504.12,229.197678
sens_fault_low,541.0,3077813.75,7221.05713,465016800.0,292.237427,7411.0835,129.26651,4415.1958,0.00338936271,256.580627,1912672.12,366.720276
sens_fault_low,551.0,3139998.25,20759.2891,474019488.0,291.801514,6218.45654,1353.82312,2848.89062,0.00311600976,259.760376,1941161.12,455.76944
sens_fault_low,561.0,3200764.5,29928.291,482877344.0,291.587921,6076.61133,916.900208,3281.36768,0.00327137019,258.499603,1973974.75,563.467468
sens_fault_low,571.0,3258326.0,35351.082,491304864.0,298.327515,5756.15527,542.279175,3404.69312,0.00379349943,266.219574,2008021.62,693.116272
sens_fault_low,581.0,3315723.25,37707.6523,499694880.0,309.865509,5739.73682,235.65686,3527.82983,0.00494560972,277.91095,2043300.0,868.456116
sens_fault_low,591.0,3383243.75,40987.5391,509611136.0,307.544525,6752.03662,327.988708,3375.13745,0.00645714439,276.190369,2077051.38,1087.81006
sens_fault_low,601.0,3473691.25,46196.0547,522917152.0,307.818085,9018.62891,558.647583,4720.6377,0.0113144815,269.278046,2124299.5,1566.08618
sens_fault_low,611.0,3534288.0,51896.4219,531806496.0,312.774292,6059.67822,570.036682,2594.25391,0.0144425724,283.07782,2150242.0,1946.25366
sens_fault_low,621.0,3583191.75,56923.2891,538971072.0,317.378082,4890.36084,502.686615,2583.27197,0.0178010706,288.194946,2176074.75,2414.43799
sens_fault_low,631.0,3670862.75,67180.8594,551875328.0,319.903595,8767.1123,1025.75671,4223.46338,0.029494632,281.936707,2218309.5,3697.99097
sens_fault_low,641.0,3712627.5,72791.8984,558000064.0,321.364807,4176.48584,561.104309,2314.92554,0.0339330621,292.4086,2241458.75,4511.10742
sens_fault_low,651.0,3789703.75,83633.0781,569348864.0,323.393707,7707.61084,1084.11804,4461.44092,0.0546892509,281.865051,2286073.25,7092.19385
sens_fault_low,661.0,3858836.0,95321.9219,579535360.0,321.233459,6913.22412,1168.88428,3807.58179,0.0799672753,280.714203,2324149.0,10401.6621
sens_fault_low,671.0,3924632.5,109301.586,589222400.0,324.069794,6579.66455,1397.96631,3536.85352,0.112894803,283.090942,2359517.5,14902.7334
sens_fault_low,681.0,3998572.25,128104.797,600122944.0,323.972107,7393.95166,1880.32129,4011.1084,0.155260473,277.491272,2399628.5,22275.0254
sens_fault_low,691.0,4073056.75,150035.078,611107584.0,324.052826,7389.375,2278.17578,3997.51855,0.196641907,274.745026,2439960.25,31543.9473
sens_fault_low,701.0,4144165.5,177795.797,621577664.0,325.294586,7110.88184,2776.07227,4070.10425,0.229182109,272.97821,2480661.25,43645.3164
sens_fault_low,711.0,4221397.5,217225.625,632927616.0,325.631317,7723.17285,3942.98218,4475.59033,0.260883957,266.809692,2525417.25,59442.6953
sens_fault_low,721.0,4289943.0,254188.875,642999680.0,322.934814,6854.5791,3696.3252,3887.146,0.285137862,267.314453,2564288.5,74947.3984
sens_fault_low,731.0,4363288.0,292173.906,653796032.0,321.191498,7334.48291,3798.50464,4190.05957,0.318031967,260.637451,2606189.25,94487.5078
sens_fault_low,741.0,4431631.5,332314.438,663842432.0,320.561188,6834.37207,4014.05249,4012.19629,0.345011562,259.231415,2646311.25,115621.531
sens_fault_low,751.0,4498672.0,376815.188,673684800.0,321.969971,6704.04102,4450.07617,3859.86694,0.374984652,259.882904,2684909.75,138779.219
sens_fault_low,761.0,4560539.0,423408.938,682750592.0,324.634796,6186.71436,4659.37354,3583.74243,0.402837992,263.225128,2720747.25,162954.688
sens_fault_low,771.0,4620912.5,473740.281,691591104.0,327.076324,6037.31396,5033.13477,3493.65454,0.432166994,264.618378,2755683.75,189544.234
sens_fault_low,781.0,4671149.5,518830.0,698936128.0,328.179779,5023.73486,4508.97314,2876.09082,0.44974494,271.778534,2784444.75,213051.656
sens_fault_low,791.0,4718207.5,563657.062,705809664.0,330.111053,4705.77686,4482.70312,2734.28101,0.464297891,274.120087,2811787.5,236749.922
sens_fault_low,801.0,4754031.0,595358.562,711052928.0,323.371521,3582.34497,3170.15381,2130.34766,0.457963943,275.686401,2833091.0,254749.125
sens_fault_low,811.0,4808674.5,643627.688,719070848.0,320.364014,5464.34814,4826.90771,2962.96436,0.475123793,259.658936,2862720.5,281570.219
sens_fault_low,821.0,4863318.0,697900.062,727072704.0,321.483917,5464.3584,5427.24121,2932.17456,0.500173688,259.099548,2892042.25,310912.344
sens_fault_low,831.0,4910163.0,750943.75,733907072.0,325.049164,4684.50098,5304.36816,2688.18408,0.520852625,264.751556,2918924.25,340134.0
sens_fault_low,841.0,4962139.0,804022.688,741529344.0,315.817963,5237.48779,5246.75781,2621.2749,0.534061372,256.736481,2945259.0,370001.406
sens_fault_low,851.0,5008176.5,854072.938,748261824.0,318.4935,4603.73975,5005.0249,2113.11987,0.54856813,264.837189,2966390.25,395679.5
sens_fault_low,861.0,5057530.0,911235.312,755462784.0,322.951752,4935.34033,5716.24268,2042.96936,0.568233669,269.03653,2986820.0,422566.344
sens_fault_low,871.0,5104827.0,973467.812,762342912.0,328.644714,4729.71387,6223.24561,2181.73535,0.591086686,270.827301,3008637.25,454103.469
sens_fault_low,881.0,5150174.0,1037132.31,768928448.0,333.973541,4534.68018,6366.45215,2017.71558,0.61104095,277.581696,3028814.5,485801.062
sens_fault_low,891.0,5191588.0,1099071.38,774932352.0,338.603638,4141.40234,6193.90039,1840.83313,0.626236916,284.300537,3047222.75,516644.062
sens_fault_low,901.0,5236273.0,1166061.62,781420672.0,339.419495,4468.49609,6699.02588,1914.73645,0.640157223,281.995544,3066370.25,550707.062
sens_fault_low,911.0,5279548.5,1232726.0,787706176.0,339.192322,4327.57666,6666.4458,1846.04395,0.65141058,281.307068,3084830.5,585204.188
sens_fault_low,921.0,5320324.5,1301180.75,793624512.0,339.347046,4077.58032,6845.4707,1977.9845,0.663477182,276.703857,3104610.5,624201.438
sens_fault_low,931.0,5360211.5,1366204.38,799413120.0,340.163025,3988.73438,6502.36182,1610.40588,0.671844959,284.269012,3120714.5,657171.938
sens_fault_low,941.0,5401226.5,1433751.38,805369920.0,339.903778,4101.49414,6754.69824,1608.62073,0.681780815,283.231934,3136800.75,691636.438
sens_fault_low,951.0,5440486.5,1501256.25,811068736.0,339.979584,3925.98901,6750.48975,1566.34631,0.691274047,283.056335,3152464.25,726708.812
sens_fault_low,961.0,5472060.5,1558291.75,815639296.0,341.045563,3157.3938,5703.54834,1287.03857,0.693772256,290.197052,3165334.5,755867.25
sens_fault_low,971.0,5472060.5,1558291.75,815639296.0,341.311981,0.0,0.0,-0.0,0.0,322.528107,3165334.5,755867.25
sens_fault_low,981.0,5502187.5,1604840.5,819992128.0,341.04248,2985.83569,4691.48877,1287.78894,0.660691142,292.319855,3178691.25,780255.188
sens_fault_low,982.0,5505340.0,1610438.38,820448704.0,341.151184,3152.25854,5597.86133,1874.14539,0.667168975,280.828857,3180565.25,784011.938
sens_fault_low,991.0,5532178.0,1663031.75,824329152.0,342.008942,2946.56177,5894.94678,1731.8916,0.695786953,279.113068,3196361.75,819360.812
sens_fault_low,994.0,5541151.0,1678503.25,825626112.0,341.200165,2990.99243,5157.17334,1212.04822,0.695644438,289.883667,3199998.0,827671.75
sens_fault_low,998.0,5554095.5,1697669.62,827513728.0,340.114014,3236.14551,4791.59424,1215.03906,0.694808364,289.371979,3204858.0,838736.5
sens_fault_low,1001.0,5563692.5,1712212.5,828911040.0,339.301666,3198.93433,4847.62988,1179.36743,0.705155194,281.970886,3208396.25,847198.312
sens_fault_low,1011.0,5603714.5,1774137.12,834745984.0,342.618225,3932.38306,6293.3584,1219.77759,0.733575761,281.093628,3220790.25,880504.875
sens_fault_low,1021.0,5643365.0,1842360.5,840526080.0,342.378357,3965.0918,6822.33838,1297.17725,0.743848681,277.005432,3233762.25,918174.125
sens_fault_low,1031.0,5682656.0,1913750.88,846255104.0,342.450531,3929.09058,7139.03125,1314.43506,0.751419365,275.252075,3246906.5,957907.438
sens_fault_low,1041.0,5721562.5,1984903.12,851933888.0,338.945038,3890.64062,7115.23438,1311.04895,0.750199139,270.580231,3260017.0,997280.688
sens_fault_low,1051.0,5754090.0,2049260.88,856671168.0,339.760223,3252.73828,6435.77539,1188.21472,0.750342071,276.171906,3271899.0,1032992.25
sens_fault_low,1061.0,5789351.0,2116846.75,861814208.0,337.576569,3526.09204,6758.58105,1237.05579,0.751813173,271.98999,3284269.75,1070465.38
sens_fault_low,1071.0,5825054.5,2191661.75,867014080.0,341.250031,3570.38232,7481.49072,1295.87488,0.76139617,272.256775,3297228.5,1111817.38
sens_fault_low,1081.0,5859619.0,2264784.75,872048576.0,340.783813,3456.43115,7312.30713,1207.1842,0.766256571,274.257202,3309300.25,1151391.25
sens_fault_low,1091.0,5894043.0,2339493.0,877062272.0,340.871033,3442.427,7470.82373,1193.1156,0.772480965,273.796783,3321231.5,1191900.38
sens_fault_low,1101.0,5927377.5,2413803.75,881915648.0,340.858459,3333.41895,7431.08252,1145.26538,0.778102875,274.549896,3332684.0,1232060.12
sens_fault_low,1111.0,5960161.5,2490700.75,886686208.0,340.759521,3278.42407,7689.68896,1175.81189,0.784370661,271.652954,3344442.25,1274831.38
sens_fault_low,1121.0,5992800.0,2567990.0,891435584.0,340.389008,3263.85645,7728.94385,1131.37781,0.790547729,272.16687,3355756.0,1317533.62
sens_fault_low,1131.0,6016714.0,2627229.5,894905344.0,340.77301,2418.87427,5884.14648,855.948547,0.787206233,284.884857,3364284.75,1349242.12
sens_fault_low,1141.0,6043913.0,2687300.25,898865088.0,334.378998,2719.8877,6007.07617,940.698425,0.785712063,273.900726,3373691.75,1383734.0
sens_fault_low,1151.0,6071862.5,2754022.75,902923776.0,339.113068,2794.93091,6672.24365,946.77533,0.793426752,277.576447,3383159.5,1420098.62
sens_fault_low,1161.0,6102362.5,2827824.0,907353216.0,340.964783,3050.02661,7380.13574,969.532227,0.801464379,277.661865,3392854.75,1459237.5
sens_fault_low,1171.0,6133180.0,2903339.75,911829632.0,340.716644,3081.75732,7551.57861,956.1745,0.807200074,277.061859,3402416.5,1499269.88
sens_fault_low,1181.0,6162413.0,2978643.5,916072384.0,341.045807,2923.29492,7530.37598,944.93811,0.812061846,276.873291,3411866.0,1540099.75
sens_fault_low,1191.0,6192927.0,3057462.75,920502592.0,340.779205,3051.36035,7881.91846,953.91095,0.81654346,275.003571,3421405.0,1582557.12
sens_fault_low,1201.0,6223083.5,3137537.25,924879360.0,340.714172,3015.6875,8007.43457,942.496704,0.820569098,274.460846,3430830.0,1625659.25
sens_fault_low,1211.0,6252602.0,3218942.5,929161344.0,340.658997,2951.85767,8140.5415,946.937988,0.824715614,273.348389,3440299.5,1670212.75
sens_fault_low,1221.0,6281817.5,3300297.75,933398528.0,340.428131,2921.50537,8135.51611,916.904358,0.828086317,273.908325,3449468.5,1714378.88
sens_fault_low,1231.0,6310816.5,3380892.5,937604160.0,340.08432,2899.94312,8059.48975,874.464478,0.830655992,275.128052,3458213.0,1757272.62
sens_fault_low,1241.0,6339495.0,3462080.0,941762368.0,339.46228,2867.82446,8118.74268,872.596313,0.833478391,273.965118,3466939.0,1800948.0
sens_fault_low,1251.0,6366575.5,3541524.75,945685184.0,339.834259,2708.0437,7944.46582,837.957703,0.836134255,275.497986,3475318.75,1843705.25
sens_fault_low,1261.0,6394816.5,3623720.0,949777600.0,339.32663,2824.09253,8219.54004,842.643555,0.839427948,274.138794,3483745.0,1887756.38
sens_fault_low,1271.0,6412055.5,3677992.5,952264960.0,339.222565,1770.70618,5359.63184,569.360046,0.830954552,289.968689,3489358.75,1915857.75
sens_fault_low,1281.0,6415191.5,3690345.0,952707456.0,339.813965,313.583527,1235.24536,149.396317,0.778356135,312.75235,3490852.75,1921104.25
sens_fault_low,1291.0,6424826.0,3712492.5,954094464.0,339.932861,963.440186,2214.7356,298.009216,0.771758497,307.410583,3493832.75,1931180.88
sens_fault_low,1301.0,6433729.5,3732539.25,955375104.0,340.557556,899.787659,1991.37402,298.513733,0.760504901,308.229828,3496791.5,1940697.62
sens_fault_low,1311.0,6444078.5,3753576.25,956864576.0,340.615234,1034.91077,2103.69678,317.310608,0.754848599,307.562897,3499964.75,1950468.0
sens_fault_low,1321.0,6473208.5,3816851.75,961080576.0,340.464233,2912.98975,6327.54883,811.365479,0.807970941,282.902161,3508078.25,1984606.62
sens_fault_low,1331.0,6503910.5,3894952.25,965521728.0,340.072754,3070.21558,7810.04248,896.793396,0.831875443,273.450806,3517046.25,2028979.62
sens_fault_low,1341.0,6532844.5,3972514.75,969704832.0,339.327881,2893.42725,7756.25146,802.038208,0.84177506,275.459503,3525066.75,2071649.0
sens_fault_low,1351.0,6562250.0,4052464.75,973956480.0,338.634399,2940.52197,7994.99805,758.70166,0.848144352,275.85788,3532653.75,2114024.0
sens_fault_low,1361.0,6591149.0,4133015.25,978133440.0,338.021271,2889.90503,8055.05273,713.709717,0.852154553,276.494232,3539790.75,2155161.0
sens_fault_low,1371.0,6619085.5,4212693.5,982169536.0,337.595337,2793.66724,7967.84131,673.138184,0.855645895,278.166718,3546522.25,2195060.75
sens_fault_low,1381.0,6642585.5,4286656.0,985557952.0,337.921753,2349.98267,7396.23828,641.760254,0.85778147,279.813721,3552939.75,2233768.0
sens_fault_low,1391.0,6650215.5,4316288.5,986645184.0,338.298584,828.267334,2868.95947,282.290283,0.833423853,303.410614,3555650.0,2248052.75
sens_fault_low,1401.0,6650215.5,4316288.5,986645184.0,338.858795,0.0,0.0,-0.0,0.0,318.966064,3555650.0,2248052.75
sens_fault_low,1411.0,6666051.5,4357117.0,988917696.0,338.648956,1577.0293,4091.1709,507.770996,0.81360507,293.411407,3561029.75,2269785.75
sens_fault_low,1421.0,6693031.5,4429318.0,992806144.0,338.120453,2698.01611,7220.07568,750.187683,0.843770742,276.309906,3568531.75,2310302.25
sens_fault_low,1431.0,6706051.0,4468833.0,994670912.0,338.506317,1325.75854,3917.02881,403.989899,0.837563634,296.144684,3572532.5,2331188.5
sens_fault_low,1441.0,6715887.5,4493695.0,996079168.0,338.623993,983.622803,2486.20386,244.88356,0.815816104,305.637451,3574981.25,2342035.5
sens_fault_low,1451.0,6739677.0,4552595.5,999505088.0,338.43866,2334.67334,5953.82812,587.343933,0.843185246,285.431213,3581012.75,2373391.0
sens_fault_low,1461.0,6756562.5,4599416.5,1001928640.0,338.632507,1693.33008,4675.17383,449.818756,0.84406203,293.074921,3585517.75,2397729.0
sens_fault_low,1471.0,6764714.5,4623858.5,1003092220.0,338.555634,848.654602,2395.96338,267.388947,0.824063838,304.282959,3588129.25,2410342.0
sens_fault_low,1481.0,6780723.5,4664226.5,1005391100.0,337.623688,1600.88794,4036.75659,436.884308,0.833035707,293.512543,3592498.25,2432139.5
sens_fault_low,1491.0,6801211.5,4720467.5,1008332480.0,338.995789,2048.79077,5624.11963,560.55658,0.848827958,286.614471,3598103.75,2463614.75
sens_fault_low,1501.0,6820594.0,4783920.0,1011124860.0,339.392303,1938.25122,6345.25537,760.487671,0.863785625,272.201782,3605708.5,2511840.0
sens_fault_low,1511.0,6841683.0,4853503.0,1014166910.0,339.415192,2108.9292,6958.30029,753.415161,0.87113291,270.35791,3613242.75,2562770.25
sens_fault_low,1521.0,6861971.0,4922293.5,1017091650.0,339.006714,2028.75513,6879.05664,708.81543,0.874606252,271.85498,3620331.0,2612209.25
sens_fault_low,1531.0,6882148.0,4991920.0,1019999040.0,338.497223,2017.73621,6962.63086,693.462097,0.877051055,271.770996,3627265.5,2661677.25
sens_fault_low,1541.0,6901627.5,5060618.5,1022803520.0,337.804688,1947.92212,6869.85352,669.717407,0.878547966,272.039612,3633962.75,2710122.5
sens_fault_low,1551.0,6917316.0,5126253.5,1025056580.0,337.966125,1568.8772,6563.49561,673.348755,0.879727662,271.283112,3640696.25,2759374.5
sens_fault_low,1561.0,6937931.5,5197881.5,1028021180.0,337.441956,2061.56006,7162.82861,659.292358,0.881543815,271.388641,3647289.0,2808438.5
sens_fault_low,1571.0,6957930.5,5270311.0,1030894400.0,337.073029,1999.89563,7242.95361,653.777771,0.883533835,270.819092,3653826.75,2858035.25
sens_fault_low,1581.0,6977547.5,5341588.0,1033710780.0,336.504944,1961.69202,7127.68457,622.841492,0.885040045,271.976166,3660055.25,2905986.0
sens_fault_low,1591.0,6996954.0,5413383.0,1036495100.0,335.257233,1940.63037,7179.47412,621.323669,0.886441171,270.300171,3666268.5,2954486.5
sens_fault_low,1601.0,7016703.0,5486380.5,1039326400.0,335.232117,1974.92334,7299.76416,606.564392,0.888304293,270.822784,3672334.25,3002726.0
sens_fault_low,1611.0,7035561.0,5556914.5,1042027330.0,334.724274,1885.77063,7053.41406,573.378357,0.8893677,272.447754,3678068.0,3048819.5
sens_fault_low,1621.0,7054665.0,5629368.0,1044761660.0,333.960846,1910.42114,7245.36182,582.574585,0.890853405,270.539398,3683893.75,3096369.25
sens_fault_low,1631.0,7073130.5,5701908.0,1047401980.0,333.568573,1846.53821,7254.00391,579.280701,0.8923406,269.876251,3689686.5,3144383.25
sens_fault_low,1641.0,7090598.0,5771501.0,1049897280.0,333.121185,1746.77698,6959.26318,550.103394,0.892975807,271.351532,3695187.5,3190282.0
sens_fault_low,1651.0,7108995.0,5843179.0,1052523650.0,332.752869,1839.66968,7167.81348,550.525024,0.893887997,270.580933,3700692.75,3236658.25
sens_fault_low,1661.0,7126875.0,5915940.5,1055074050.0,332.833405,1788.02124,7276.13281,557.350647,0.895340681,269.860931,3706266.25,3284338.5
sens_fault_low,1671.0,7144818.5,5989111.0,1057632060.0,331.567474,1794.31116,7317.05127,557.687073,0.896112919,268.111877,3711843.25,3332443.75
sens_fault_low,1681.0,7162342.0,6062872.0,1060127680.0,332.502899,1752.3811,7376.13672,549.637939,0.897407651,269.345093,3717339.5,3380522.25
sens_fault_low,1691.0,7172658.0,6108840.5,1061593860.0,332.728607,1031.60291,4596.82129,355.470398,0.891813397,285.418945,3720894.25,3409824.75
sens_fault_low,1701.0,7172658.0,6108840.5,1061593860.0,333.363525,0.0,0.0,-0.0,0.0,312.728577,3720894.25,3409824.75
sens_fault_low,1711.0,7172658.0,6108840.5,1061593860.0,333.961639,0.0,0.0,-0.0,0.0,313.899384,3720894.25,3409824.75
sens_fault_low,1721.0,7172658.0,6108840.5,1061593860.0,334.983429,0.0,0.0,-0.0,0.0,315.194855,3720894.25,3409824.75
sens_fault_low,1731.0,7172658.0,6108840.5,1061593860.0,335.415863,0.0,0.0,-0.0,0.0,315.673096,3720894.25,3409824.75
sens_fault_low,1741.0,7188683.5,6148311.0,1063865280.0,335.62088,1543.38086,4029.93677,548.144775,0.828387022,287.182007,3727374.25,3434864.75
sens_fault_low,1751.0,7206724.0,6205178.5,1066429180.0,334.698578,1804.03247,5686.7793,595.408081,0.868412614,276.064758,3733328.25,3474158.75
sens_fault_low,1761.0,7219687.0,6251876.0,1068270590.0,332.553589,1296.31543,4669.73242,474.392853,0.875970483,278.736664,3738072.25,3507663.25
sens_fault_low,1771.0,7242124.5,6321338.5,1071460350.0,326.826202,2243.72095,6946.26758,615.486267,0.883629203,262.038269,3744227.0,3554398.5
sens_fault_low,1781.0,7262590.0,6392893.0,1074363900.0,332.168152,1983.76526,7245.10352,563.391663,0.891425371,270.2164,3749953.0,3600524.5
sens_fault_low,1791.0,7281815.0,6466819.5,1077088380.0,332.367371,1904.31604,7418.58301,546.609802,0.895837486,270.787384,3755469.0,3647464.25
sens_fault_low,1801.0,7300224.5,6541319.0,1079694850.0,332.398773,1840.93347,7449.94678,528.829773,0.898693562,271.078247,3760757.25,3694377.0
sens_fault_low,1811.0,7316273.5,6607608.0,1081965180.0,332.225922,1604.92139,6628.94727,460.226135,0.899288595,275.953583,3765359.5,3735472.25
sens_fault_low,1821.0,7333303.5,6678517.5,1084372860.0,333.023499,1702.98218,7090.92725,478.912628,0.901219726,274.775818,3770148.75,3779165.75
sens_fault_low,1831.0,7351702.0,6753619.5,1086972290.0,332.366852,1839.88135,7510.19922,486.362335,0.903107166,272.876282,3775012.25,3824498.0
sens_fault_low,1841.0,7369646.5,6830531.0,1089506560.0,330.902771,1794.4386,7691.14209,504.811188,0.904619336,269.112488,3780060.5,3872376.0
sens_fault_low,1851.0,7386404.0,6905977.5,1091870850.0,332.918518,1675.75842,7544.66162,475.462402,0.906527519,273.187927,3784815.0,3918487.75
sens_fault_low,1861.0,7402708.0,6981456.5,1094170110.0,333.482574,1630.39392,7547.89307,468.590881,0.907874346,274.036591,3789501.0,3964666.25
sens_fault_low,1871.0,7419226.5,7058274.0,1096498430.0,333.81192,1651.86719,7681.74463,464.455261,0.909086823,274.115723,3794145.5,4011109.5
sens_fault_low,1881.0,7435387.0,7135470.5,1098775170.0,334.148407,1616.0321,7719.67139,461.125214,0.910354674,274.273285,3798756.75,4057937.0
sens_fault_low,1891.0,7451677.0,7213796.0,1101069180.0,334.214691,1629.00391,7832.53467,457.19455,0.911601365,274.20282,3803328.75,4105084.75
sens_fault_low,1901.0,7457467.5,7241534.0,1101881860.0,334.183136,600.731506,2742.81738,161.843155,0.89437896,301.69397,3804889.5,4118871.5
sens_fault_low,1911.0,7464969.5,7260034.0,1102932480.0,335.798218,750.200989,1850.02136,-0.0,0.0,316.660461,3804889.5,4118871.5
sens_fault_low,1921.0,7478243.5,7312020.5,1104802560.0,337.902313,1327.41321,5198.64502,375.804169,0.884629488,294.273285,3808647.5,4147687.0
sens_fault_low,1931.0,7485829.0,7343351.0,1105869440.0,339.639008,758.530884,3133.01465,213.774368,0.884734571,304.25119,3810785.25,4164095.5
sens_fault_low,1941.0,7504127.0,7424328.0,1108445950.0,339.736084,1829.8302,8097.73096,516.643066,0.906509578,276.718872,3815951.75,4214191.0
sens_fault_low,1951.0,7521440.0,7506220.0,1110880640.0,339.154266,1731.27271,8189.17773,474.762482,0.913404346,276.28125,3820699.25,4264268.5
sens_fault_low,1961.0,7538075.0,7589302.5,1113218430.0,339.418793,1663.49255,8308.25977,457.106262,0.91684866,276.925232,3825270.5,4314670.0
sens_fault_low,1971.0,7554655.0,7667719.5,1115548930.0,333.447418,1658.02917,7841.70947,432.255554,0.916484892,272.438721,3829593.0,4362105.5
sens_fault_low,1981.0,7570156.5,7750012.0,1117726590.0,338.039551,1550.15564,8229.24219,435.826233,0.919470072,276.506012,3833951.25,4411867.0
sens_fault_low,1991.0,7585469.0,7830963.0,1119877120.0,338.064056,1526.49976,8101.80615,411.842255,0.920725703,278.627045,3838083.25,4459680.5
sens_fault_low,2001.0,7599114.0,7905868.5,1121793410.0,338.536102,1364.52502,7490.50635,379.720917,0.921068072,281.925018,3841880.5,4503991.0
sens_fault_low,2011.0,7608303.0,7953313.5,1123081730.0,340.233368,918.889343,4744.52051,224.954651,0.915543973,299.584076,3844130.0,4528377.0
sens_fault_low,2021.0,7622747.5,8030347.0,1125110780.0,340.522919,1444.42175,7703.37598,397.314941,0.919974625,282.780914,3848103.25,4574052.5
sens_fault_low,2031.0,7635460.0,8104478.5,1126896380.0,341.544861,1271.28308,7413.10107,385.891663,0.922318816,283.834961,3851962.0,4619870.0
sens_fault_low,2041.0,7646013.0,8142897.5,1128337280.0,340.992859,1055.2771,3841.92041,186.905304,0.914311826,303.991638,3853831.0,4639813.0
sens_fault_low,2051.0,7667016.5,8216340.5,1131165820.0,340.894379,2100.36108,7344.30664,387.43692,0.920905471,285.274078,3857705.5,4684922.5
sens_fault_low,2061.0,7690960.5,8302738.0,1134372990.0,340.703827,2394.37964,8639.74219,421.417542,0.925755203,280.701782,3861919.75,4737469.0
sens_fault_low,2071.0,7709671.5,8390015.0,1136912900.0,341.60437,1871.0946,8727.71582,408.12207,0.928380072,281.516693,3866000.75,4790372.5
sens_fault_low,2081.0,7729077.0,8469623.0,1139514750.0,340.409637,1940.57007,7960.81104,364.600555,0.928889036,284.996399,3869646.75,4837998.5
sens_fault_low,2091.0,7741227.0,8518148.0,1141135620.0,340.802521,1215.00671,4852.47021,226.838196,0.924350441,300.53653,3871915.25,4865715.5
sens_fault_low,2101.0,7760852.5,8592249.0,1143755010.0,341.370544,1962.55603,7410.10303,334.102417,0.926873863,290.279999,3875256.25,4908063.0
sens_fault_low,2111.0,7784247.5,8679337.0,1146863620.0,340.396301,2339.46851,8708.8291,390.517059,0.93008399,282.122986,3879161.5,4960013.0
sens_fault_low,2121.0,7803396.5,8754316.0,1149404290.0,340.534058,1914.91589,7497.86816,328.989716,0.930632114,288.704712,3882451.25,5004150.0
sens_fault_low,2131.0,7820721.0,8823027.0,1151698050.0,339.112915,1732.44214,6871.09375,314.352295,0.930181801,288.904358,3885594.75,5046030.5
sens_fault_low,2141.0,7839451.0,8886166.0,1154165380.0,339.84787,1873.0094,6313.92725,257.853546,0.928805292,296.690399,3888173.5,5079670.0
sens_fault_low,2151.0,7861034.0,8969498.0,1157022210.0,340.228333,2158.32422,8333.21094,355.604889,0.932082057,286.170715,3891729.5,5128472.0
sens_fault_low,2161.0,7883196.5,9056381.0,1159952380.0,340.062347,2216.21533,8688.26074,356.552002,0.934416294,285.040131,3895295.0,5179272.5
sens_fault_low,2171.0,7902999.0,9134336.0,1162567170.0,339.721558,1980.26758,7795.49902,310.574341,0.93475765,289.625885,3898400.75,5223770.0
sens_fault_low,2181.0,7918838.5,9199331.0,1164651260.0,341.09079,1583.93054,6499.56445,272.28183,0.934018493,295.135437,3901123.5,5262313.5
sens_fault_low,2191.0,7938810.5,9279654.0,1167284350.0,342.48056,1997.19861,8032.22021,318.187439,0.935558259,290.594238,3904305.5,5308507.5
sens_fault_low,2201.0,7957241.0,9354903.0,1169714560.0,343.323425,1844.11084,7523.3252,297.344055,0.935777545,292.82901,3907279.75,5351832.0
sens_fault_low,2208.0,7972408.0,9411817.0,1171711230.0,344.053375,2166.70215,8130.62695,309.327209,0.936682701,292.762787,3909445.0,5383864.5
sens_fault_low,2209.0,7975017.5,9419947.0,1172051840.0,344.00119,2609.21533,8130.12988,308.650757,0.936824501,292.984497,3909753.75,5388441.5
sens_fault_low,2211.0,7980083.5,9436210.0,1172714110.0,343.962402,2533.20093,8131.47949,307.465973,0.937073529,293.419037,3910368.5,5397598.5
sens_fault_low,2221.0,8003455.5,9487131.0,1175734530.0,345.669983,2339.38013,5091.59717,109.347061,0.926267624,321.833221,3911421.25,5411393.5
sens_fault_low,2231.0,8019749.5,9544091.0,1177849980.0,343.725403,1629.42212,5696.03906,239.656387,0.930591822,304.137421,3913818.0,5443525.5
sens_fault_low,2241.0,8039636.0,9611392.0,1180417660.0,344.133606,1988.61975,6730.11963,254.148346,0.934037328,301.27475,3916359.25,5479513.0
sens_fault_low,2251.0,8063963.5,9696312.0,1183566210.0,342.079498,2432.77222,8491.94629,325.873322,0.938030541,289.643585,3919618.0,5528840.5
sens_fault_low,2261.0,8088234.0,9782300.0,1186703740.0,340.951233,2427.05615,8598.80859,314.895233,0.940157413,289.329346,3922767.0,5578312.0
sens_fault_low,2271.0,8112295.5,9869199.0,1189810560.0,339.8508,2406.14746,8689.94434,309.234863,0.941313684,288.764496,3925859.5,5627912.5
sens_fault_low,2281.0,8125407.0,9923310.0,1191504900.0,342.071503,1311.10754,5411.01953,188.544006,0.938346624,305.81958,3927744.75,5656608.5
sens_fault_low,2291.0,8146186.0,10003288.0,1194193150.0,343.052185,2077.92041,7997.80664,280.12796,0.940491557,295.792267,3930546.0,5700880.5
sens_fault_low,2301.0,8169020.5,10092091.0,1197141890.0,343.605042,2283.44312,8880.3916,306.688141,0.943005085,292.655884,3933613.0,5751623.5
sens_fault_low,2304.0,8175797.0,10117346.0,1198014210.0,343.742828,2258.87183,8418.24805,282.244781,0.943501532,295.851349,3934459.75,5765763.5
sens_fault_low,2305.0,8178762.5,10125769.0,1198410240.0,343.538147,2965.49731,8422.83301,281.848389,0.943582773,296.046417,3934741.5,5770477.5
sens_fault_low,2306.0,8182076.0,10134194.0,1198857980.0,343.217285,3313.45776,8425.27246,281.482513,0.943657815,296.083984,3935023.0,5775192.0
sens_fault_low,2307.0,8185664.0,10142620.0,1199346690.0,342.807922,3587.77808,8425.81738,281.150787,0.943725884,295.996307,3935304.25,5779907.0
sens_fault_low,2309.0,8192508.5,10159472.0,1200274820.0,342.134552,3422.25171,8426.12695,280.529053,0.943853378,295.623901,3935865.25,5789338.5
sens_fault_low,2311.0,8199266.5,10176325.0,1201190270.0,341.509857,3379.07202,8426.21875,279.920532,0.94397825,295.158264,3936425.0,5798772.0
sens_fault_low,2321.0,8231782.0,10265006.0,1205556860.0,340.872955,3243.02075,8879.91504,287.514435,0.945402682,293.584412,3939317.5,5848533.5
sens_fault_low,2331.0,8255839.0,10311951.0,1208780160.0,331.930054,2405.72607,4694.4165,120.642502,0.936547458,304.9617,3940523.75,5866340.0
sens_fault_low,2341.0,8281915.0,10362739.0,1212262140.0,340.551147,2579.80591,5117.67969,108.414169,0.930280864,318.167603,3941588.75,5880833.5
sens_fault_low,2351.0,8309817.5,10452729.0,1215986560.0,341.970337,2790.26807,8998.99414,310.388245,0.941791415,294.014587,3944692.75,5931053.0
sens_fault_low,2361.0,8338338.0,10543005.0,1219802500.0,341.52301,2852.03906,9027.59375,287.94043,0.945740044,293.947388,3947572.0,5981240.5
sens_fault_low,2371.0,8364289.5,10627021.0,1223271680.0,340.558075,2595.1228,8401.59863,260.629333,0.946688354,295.489258,3950178.25,6027522.0
sens_fault_low,2381.0,8390567.0,10714691.0,1226785660.0,341.477386,2627.76978,8766.98242,266.449707,0.94784981,295.165161,3952842.75,6075950.5
sens_fault_low,2391.0,8416531.0,10799555.0,1230256640.0,339.512726,2596.41431,8486.42188,255.323471,0.948097706,294.352966,3955396.0,6122590.5
sens_fault_low,2401.0,8441031.0,10882492.0,1233529730.0,341.378662,2450.00317,8293.69238,244.245789,0.948867321,298.046417,3957838.5,6167915.0
sens_fault_low,2411.0,8466552.0,10971958.0,1236946430.0,341.610077,2552.04858,8946.58594,259.77774,0.949857175,295.622406,3960436.25,6217124.5
sens_fault_low,2421.0,8491770.0,11063051.0,1240325250.0,342.024323,2521.83887,9109.29102,263.746857,0.950954199,294.759705,3963073.75,6268263.0
sens_fault_low,2431.0,8497907.0,11098233.0,1241142660.0,343.631897,613.739075,3518.15869,113.112038,0.945093334,315.35965,3964205.0,6287732.5
sens_fault_low,2441.0,8513100.0,11180902.0,1243166980.0,346.420258,1519.27673,8266.91406,257.277985,0.948676705,297.660736,3966777.75,6335288.5
sens_fault_low,2451.0,8539302.0,11269664.0,1246662910.0,346.612335,2620.18457,8876.25098,256.434052,0.950944006,298.084686,3969342.0,6384998.0
sens_fault_low,2461.0,8564588.0,11361276.0,1250039940.0,346.920319,2518.64038,9174.16504,257.056,0.952577651,298.452545,3971931.5,6436606.0
sens_fault_low,2471.0,8585047.0,11442558.0,1252761730.0,347.232574,2045.95642,8128.2207,228.412094,0.952769935,302.311584,3974215.75,6482683.5
sens_fault_low,2481.0,8608920.0,11531735.0,1255961220.0,347.491638,2387.28149,8917.68164,242.292801,0.953534961,300.368958,3976638.75,6532405.5
sens_fault_low,2491.0,8631965.0,11619400.0,1259050240.0,348.785004,2304.44678,8766.4375,232.945358,0.954261541,302.839539,3978968.0,6581006.0
sens_fault_low,2501.0,8654622.0,11706216.0,1262088060.0,349.741974,2265.698,8681.63965,225.925919,0.954765022,304.705261,3981227.5,6628692.0
sens_fault_low,2511.0,8677485.0,11797219.0,1265155070.0,350.695862,2286.36304,9100.29785,227.02359,0.955426753,305.298676,3983497.5,6677354.5
sens_fault_low,2521.0,8699492.0,11883802.0,1268103420.0,347.810333,2200.69849,8658.35547,208.588516,0.954864562,304.284424,3985583.5,6721482.5
sens_fault_low,2524.0,8701091.0,11893342.0,1268317060.0,348.921143,532.927185,3179.7915,-0.0,0.0,335.762421,3985583.5,6721482.5
sens_fault_low,2531.0,8705084.0,11915232.0,1268851460.0,351.592194,570.461975,3127.13892,-0.0,0.0,324.102814,3985583.5,6721482.5
sens_fault_low,2541.0,8711077.0,11947966.0,1269669500.0,354.550934,599.320312,3273.39209,-0.0,0.0,327.611206,3985583.5,6721482.5
sens_fault_low,2551.0,8718325.0,11981593.0,1270649340.0,357.792328,724.740845,3362.729,-0.0,0.0,329.200714,3985583.5,6721482.5
sens_fault_low,2558.0,8724990.0,12006317.0,1271542020.0,357.85498,952.178528,3531.99585,-0.0,0.0,329.293732,3985583.5,6721482.5
sens_fault_low,2561.0,8735352.0,12018169.0,1272964350.0,354.861053,3454.10986,3950.75171,716.267456,0.401992351,306.039276,3987732.25,6722927.0
sens_fault_low,2571.0,8765666.0,12059533.0,1277119230.0,350.366425,3006.50903,4171.07031,548.730652,0.545864701,291.791565,3993346.25,6729356.0
sens_fault_low,2581.0,8792508.0,12102529.0,1280751620.0,347.174225,2684.22827,4299.58838,627.471741,0.547461152,282.460907,3999620.75,6736947.0
sens_fault_low,2591.0,8814266.0,12143192.0,1283657340.0,344.22699,2175.77954,4066.27466,685.536438,0.543632925,275.635773,4006476.25,6745113.0
sens_fault_low,2601.0,8834786.0,12183908.0,1286448640.0,347.643768,2051.9978,4071.69482,524.949097,0.558160841,284.412262,4011725.75,6751744.5
sens_fault_low,2611.0,8864657.0,12232865.0,1290565630.0,350.530396,2987.09717,4895.68506,590.124207,0.56425029,282.979401,4017627.0,6759386.0
sens_fault_low,2621.0,8891038.0,12281966.0,1294167940.0,350.065796,2638.11084,4910.04346,599.196106,0.56877923,281.812714,4023619.0,6767289.5
sens_fault_low,2631.0,8914380.0,12331683.0,1297287680.0,350.660187,2334.17163,4971.75488,615.209412,0.575254321,279.936707,4029771.0,6775621.5
sens_fault_low,2641.0,8943926.0,12379652.0,1301286780.0,349.597443,2933.57886,4825.83838,430.66864,0.592716753,289.867004,4034090.75,6781872.5
sens_fault_low,2651.0,8978179.0,12431163.0,1305946500.0,346.29425,3403.94409,5180.68066,529.346924,0.593978763,281.435516,4039413.75,6789576.5
sens_fault_low,2661.0,9004894.0,12481611.0,1309490940.0,346.753143,2671.53271,5044.73779,542.915283,0.61050266,277.923859,4044843.0,6798086.0
sens_fault_low,2671.0,9035020.0,12536464.0,1313537410.0,350.479858,2982.0647,5527.50244,528.681702,0.635023296,277.926025,4050199.5,6807184.5
sens_fault_low,2681.0,9069982.0,12592633.0,1318312320.0,346.131775,3496.22998,5616.96777,474.017944,0.648673236,278.617584,4054939.75,6815936.5
sens_fault_low,2691.0,9094939.0,12646332.0,1321622270.0,345.728729,2495.65894,5369.8418,471.071228,0.657649398,276.85022,4059650.5,6824985.5
sens_fault_low,2701.0,9119836.0,12699988.0,1324947580.0,344.931458,2489.67456,5365.58984,456.963287,0.666320682,275.999939,4064220.0,6834110.5
sens_fault_low,2711.0,9146801.0,12756598.0,1328593020.0,342.503693,2688.06543,5672.85645,467.696655,0.674345255,271.960419,4068924.25,6843756.5
sens_fault_low,2721.0,9170837.0,12811984.0,1331830910.0,342.076965,2403.59448,5538.67139,504.050537,0.682683051,266.93512,4073964.75,6854600.5
sens_fault_low,2731.0,9198806.0,12870767.0,1335685120.0,344.68399,2796.92554,5878.2168,567.940063,0.695674717,260.886353,4079644.0,6867583.5
sens_fault_low,2741.0,9228733.0,12934141.0,1339821440.0,346.447021,2992.66455,6337.44971,570.754639,0.710927725,258.972473,4085351.5,6881620.5
sens_fault_low,2751.0,9251637.0,12992926.0,1342902530.0,345.461273,2290.40308,5878.46631,534.914001,0.72206986,259.632721,4090700.75,6895517.5
sens_fault_low,2761.0,9273230.0,13050371.0,1345814530.0,346.00647,2159.33374,5744.51221,472.705383,0.732460499,263.832611,4095427.75,6908459.0
sens_fault_low,2771.0,9300183.0,13110483.0,1349545470.0,343.896332,2677.30151,6036.78516,468.517548,0.740379453,261.853546,4100146.5,6921771.5
sens_fault_low,2781.0,9323535.0,13169457.0,1352761340.0,342.858978,2335.21069,5897.39209,432.375702,0.748556852,262.900208,4104470.25,6934643.5
sens_fault_low,2784.0,9329552.0,13186743.0,1353571070.0,343.292725,2005.48047,5761.95264,419.852539,0.751135528,263.669922,4105729.75,6938445.0
sens_fault_low,2791.0,9343529.0,13227066.0,1355477380.0,344.03891,1996.77527,5760.38037,411.994629,0.756319344,263.774292,4108613.75,6947396.0
sens_fault_low,2801.0,9352711.0,13259150.0,1356762370.0,344.285095,936.604919,3182.72485,247.323105,0.756071866,285.956787,4111071.25,6955085.0
sens_fault_low,2811.0,9378238.0,13316446.0,1360317950.0,343.843964,2552.69067,5729.59229,388.977478,0.761679888,268.624146,4114961.0,6967517.0
sens_fault_low,2821.0,9404611.0,13374609.0,1364019970.0,341.916138,2624.87866,5833.91748,372.051086,0.768608391,266.058624,4118702.0,6979845.5
sens_fault_low,2831.0,9421874.0,13429283.0,1366368900.0,343.336212,1726.29944,5467.32959,354.817749,0.77364099,267.297058,4122250.0,6991972.0
sens_fault_low,2841.0,9440548.0,13489820.0,1368899710.0,344.538116,1855.75415,6069.89404,356.079987,0.779061735,266.233673,4125831.0,7004498.5
sens_fault_low,2851.0,9463698.0,13552759.0,1372096260.0,341.440491,2297.29883,6318.85547,352.785461,0.782630622,264.35733,4129376.25,7017175.0
sens_fault_low,2861.0,9483134.0,13611748.0,1374861570.0,342.155487,1944.02844,5898.71875,343.410492,0.788294733,264.882141,4132835.0,7029925.5
sens_fault_low,2871.0,9499219.0,13672871.0,1377056900.0,344.891754,1603.55334,6118.57275,343.170135,0.794069111,265.152527,4136290.25,7043123.5
sens_fault_low,2881.0,9521829.0,13743667.0,1380076160.0,347.322296,2261.01807,7079.68115,342.382416,0.800122678,265.31015,4139714.0,7056829.5
sens_fault_low,2891.0,9547659.0,13811867.0,1383623040.0,343.203949,2565.85059,6844.99902,319.697235,0.803130031,266.572327,4142917.75,7069861.5
sens_fault_low,2901.0,9570499.0,13878269.0,1386757380.0,347.491974,2284.00635,6640.12793,288.749207,0.809134305,272.630524,4145805.25,7082102.0
sens_fault_low,2911.0,9590304.0,13946710.0,1389399550.0,345.393433,1971.87537,6856.83838,314.836548,0.811351717,267.214539,4148963.25,7095629.0
sens_fault_low,2921.0,9608088.0,14013214.0,1391769730.0,344.588135,1771.72095,6659.90967,289.303162,0.814557612,268.737183,4151865.75,7108322.5
sens_fault_low,2931.0,9626463.0,14078360.0,1394278020.0,347.440552,1837.46521,6514.60449,271.584534,0.819481373,272.804565,4154581.5,7120651.5
sens_fault_low,2941.0,9648044.0,14151160.0,1397233920.0,347.6745,2142.6272,7301.87646,294.730896,0.82389456,269.032684,4157547.25,7134413.0
sens_fault_low,2951.0,9665879.0,14220115.0,1399625600.0,345.659607,1783.51355,6895.44385,271.095276,0.826040387,270.479279,4160258.25,7147286.0
sens_fault_low,2961.0,9683086.0,14287896.0,1401932290.0,345.018066,1711.32983,6791.31445,261.013153,0.828143537,270.822357,4162876.0,7159852.5
sens_fault_low,2971.0,9704722.0,14356556.0,1404926080.0,343.43219,2135.40039,6905.51367,247.382477,0.830097795,271.628723,4165355.75,7171930.0
sens_fault_low,2981.0,9724167.0,14426567.0,1407601790.0,351.825806,1904.99243,7055.36133,240.896393,0.837655485,276.6073,4167806.25,7184299.0
sens_fault_low,2991.0,9740015.0,14500789.0,1409718660.0,352.408844,1580.98669,7427.60986,257.624756,0.841140807,274.793945,4170394.5,7197922.5
sens_fault_low,3001.0,9755560.0,14571650.0,1411813890.0,352.002319,1554.55469,7086.1001,243.796997,0.843725264,276.459167,4172832.5,7211085.0
sens_fault_low,3011.0,9775172.0,14643628.0,1414542340.0,349.799316,1958.39587,7202.14502,233.04306,0.845545471,277.139526,4175169.75,7223832.5
sens_fault_low,3021.0,9792640.0,14711605.0,1416976000.0,348.733887,1748.99011,6794.35938,221.50885,0.847398221,278.386078,4177390.0,7236125.0
sens_fault_low,3031.0,9803598.0,14776462.0,1418491650.0,349.440399,1095.72876,6485.62988,218.204468,0.85075289,278.997589,4179572.25,7248563.0
sens_fault_low,3041.0,9814554.0,14838672.0,1419996670.0,349.095795,1090.40869,6228.2334,214.066727,0.852862,279.709076,4181720.75,7260959.5
sens_fault_low,3051.0,9828079.0,14906626.0,1421820290.0,349.748016,1334.26392,6821.5708,200.852524,0.854754746,281.840973,4183735.5,7272770.5
sens_fault_low,3061.0,9841166.0,14975606.0,1423581440.0,350.097473,1308.72205,6897.9292,195.101089,0.856778443,282.932129,4185686.5,7284441.5
sens_fault_low,3071.0,9853831.0,15043097.0,1425288060.0,350.517334,1271.97852,6741.55225,189.425415,0.858669281,284.124695,4187586.0,7295943.0
sens_fault_low,3081.0,9866049.0,15110111.0,1426934400.0,351.576111,1222.13635,6700.94385,187.783127,0.860923767,284.916046,4189473.0,7307553.5
sens_fault_low,3091.0,9878251.0,15176631.0,1428576510.0,351.675018,1213.24841,6661.59033,174.087311,0.862082958,287.572876,4191216.5,7318431.0
sens_fault_low,3101.0,9891153.0,15246260.0,1430315140.0,351.984955,1281.1886,6975.65674,188.428085,0.864421427,284.529572,4193107.5,7330435.5
sens_fault_low,3111.0,9903767.0,15315509.0,1432015100.0,352.371399,1262.91809,6922.77734,184.509842,0.866775751,284.895416,4194959.5,7342429.5
sens_fault_low,3121.0,9913842.0,15369913.0,1433366020.0,351.877625,1007.47345,5440.42139,142.520706,0.865293145,294.111176,4196385.0,7351584.5
sens_fault_low,3131.0,9922524.0,15406564.0,1434535420.0,354.094177,868.246277,3665.09302,140.211426,0.86406368,300.249115,4197787.0,7360496.5
sens_fault_low,3141.0,9932072.0,15445564.0,1435817600.0,352.239899,954.827332,3899.97339,148.95047,0.86332494,298.415497,4199276.5,7369905.5
sens_fault_low,3151.0,9940829.0,15480807.0,1436985730.0,353.669952,871.808044,3529.3916,97.0378189,0.856486142,310.25528,4200238.5,7375708.5
sens_fault_low,3161.0,9948629.0,15511675.0,1438009860.0,354.712891,780.002869,3086.77881,-0.0,0.0,328.785614,4200238.5,7375708.5
sens_fault_low,3171.0,9956742.0,15538234.0,1439073540.0,349.650452,811.281433,2655.91748,-0.0,0.0,326.807098,4200238.5,7375708.5
sens_fault_low,3181.0,9965322.0,15564383.0,1440189950.0,340.920654,858.031982,2614.89966,-0.0,0.0,319.958466,4200238.5,7375708.5
sens_fault_low,3186.0,9969687.0,15577364.0,1440755460.0,336.591949,873.067688,2596.1521,-0.0,0.0,315.938568,4200238.5,7375708.5
sens_fault_low,3197.0,9969687.0,15577364.0,1440755460.0,337.970215,0.0,0.0,-0.0,0.0,316.698364,4200238.5,7375708.5
sens_fault_high,11.0,0.0,0.0,0.0,329.595734,0.0,0.0,-0.0,0.0,312.160187,0.0,0.0
sens_fault_high,21.0,0.0,0.0,0.0,329.6008,0.0,0.0,-0.0,0.0,312.178894,0.0,0.0
sens_fault_high,31.0,0.0,0.0,0.0,329.606354,0.0,0.0,-0.0,0.0,312.191772,0.0,0.0
sens_fault_high,41.0,0.0,0.0,0.0,329.611938,0.0,0.0,-0.0,0.0,312.201965,0.0,0.0
sens_fault_high,51.0,19273.5957,0.0564784519,3054183.0,325.298462,1927.35962,0.0056478451,1927.35962,2.93034509e-06,301.418213,19273.5957,0.0564784519
sens_fault_high,57.0,30848.2168,0.0992501453,4883411.0,322.815552,1929.10327,0.00712861586,1929.10327,3.69528652e-06,298.598969,30848.2168,0.0992501453
sens_fault_high,61.0,42042.7812,0.15466322,6648939.0,320.430145,2798.64136,0.0138532696,2798.64136,4.94997403e-06,293.775055,42042.7812,0.15466322
sens_fault_high,71.0,70449.7656,0.340642512,11110482.0,314.743713,2840.69873,0.0185979288,2840.69873,6.54691303e-06,287.68277,70449.7656,0.340642512
sens_fault_high,81.0,100252.844,0.582992613,15773784.0,309.061554,2980.30737,0.0242350101,2980.30737,8.13164934e-06,281.546814,100252.844,0.582992613
sens_fault_high,91.0,120905.008,0.755802393,18997704.0,305.580139,2065.2168,0.0172809791,2065.2168,8.36756408e-06,280.572784,120905.008,0.755802393
sens_fault_high,101.0,150218.234,1.05634427,23560470.0,300.323547,2931.32202,0.0300541911,2931.32202,1.0252671e-05,273.048462,150218.234,1.05634427
sens_fault_high,111.0,172374.734,1.2923547,27002622.0,296.6987,2215.65015,0.0236010421,2215.65015,1.06518582e-05,271.353607,172374.734,1.2923547
sens_fault_high,121.0,194731.281,1.52881908,30468590.0,296.242279,2235.65552,0.0236464329,2235.65552,1.05768459e-05,271.386505,194731.281,1.52881908
sens_fault_high,131.0,226211.75,1.84450829,35337032.0,300.216766,3149.12793,0.0305316485,3149.12793,9.69517714e-06,274.479858,226211.75,1.84450829
sens_fault_high,141.0,268792.219,2.26208854,41894072.0,301.96167,4258.04834,0.041758012,4258.04834,9.80674758e-06,273.799225,268792.219,2.26208854
sens_fault_high,151.0,318912.812,2.77489758,49587792.0,302.202423,5012.05713,0.0512809083,5012.05713,1.02314043e-05,271.995361,318912.812,2.77489758
sens_fault_high,161.0,357076.625,3.13897467,55434604.0,302.026306,3816.38354,0.0364077091,3816.38354,9.5397545e-06,274.726532,357076.625,3.13897467
sens_fault_high,166.0,381917.906,3.39787006,59236368.0,301.520142,4968.25537,0.0517790653,4968.25537,1.04218725e-05,271.103821,381917.906,3.39787006
sens_fault_high,171.0,406769.031,3.66141224,63036084.0,301.02771,4970.22168,0.0527084656,4970.22168,1.06047401e-05,270.340912,406769.031,3.66141224
sens_fault_high,181.0,456103.906,4.16912842,70567008.0,301.746429,4933.48975,0.050771594,4933.48975,1.02911072e-05,271.301636,456103.906,4.16912842
sens_fault_high,191.0,504978.188,4.63430738,78017056.0,303.700439,4887.42627,0.0465179309,4887.42627,9.51778838e-06,273.891479,504978.188,4.63430738
sens_fault_high,192.0,509867.625,4.67883968,78771632.0,303.254852,4889.43799,0.0445323512,3539.96655,8.85219652e-06,276.609436,508518.156,4.66564417
sens_fault_high,201.0,553864.25,5.12192154,85563944.0,299.400696,4888.3208,0.0505230986,3541.1665,1.00635943e-05,271.894165,540386.5,4.97784805
sens_fault_high,211.0,611736.0,5.70920992,94582976.0,300.101685,5787.1748,0.0587288551,3127.30273,9.42906718e-06,274.154114,571659.5,5.27272654
sens_fault_high,221.0,660658.688,6.1805439,102224272.0,300.399048,4892.26953,0.0471333563,2377.54736,8.72619785e-06,276.639679,595435.0,5.48019791
sens_fault_high,231.0,735854.625,7.05318451,113915840.0,295.861725,7519.5918,0.0872640908,4137.49414,1.11307472e-05,266.956482,636809.938,5.94073677
sens_fault_high,241.0,781871.125,7.51688528,120998984.0,297.792175,4601.65039,0.0463700704,3211.55078,9.80944787e-06,271.776642,668925.438,6.25577545
sens_fault_high,251.0,802423.688,7.6921587,124189576.0,300.982513,2055.25439,0.0175273493,1034.19043,7.4902714e-06,280.478302,679267.312,6.33323956
sens_fault_high,261.0,865837.375,8.45243263,134075368.0,292.979675,6341.36865,0.0760273561,2736.93652,1.09936591e-05,266.761444,706636.688,6.63413239
sens_fault_high,271.0,945117.812,9.6812315,146179952.0,283.844574,7928.04443,0.122879952,3192.86401,1.37516299e-05,255.825195,738565.375,7.07320929
sens_fault_high,281.0,1023962.81,10.9704981,158150672.0,281.390259,7884.49805,0.12892665,3145.32617,1.41695828e-05,254.030685,770018.625,7.51889515
sens_fault_high,291.0,1091840.75,12.0287895,168480736.0,281.759308,6787.79639,0.105829097,2721.37573,1.35625096e-05,256.236847,797232.375,7.88798714
sens_fault_high,301.0,1166030.12,13.123107,179827664.0,284.988068,7418.93994,0.109431781,3040.18408,1.29516156e-05,258.22525,827634.188,8.28174496
sens_fault_high,311.0,1247522.25,14.2923412,192281328.0,286.162811,8149.20996,0.116923407,3903.25928,1.31640782e-05,256.900604,866666.812,8.79557991
sens_fault_high,321.0,1330803.12,15.4160223,204972992.0,288.684784,8328.08203,0.112368092,5018.54248,1.31445377e-05,256.374054,916852.25,9.45525265
sens_fault_high,331.0,1413594.75,16.4753571,217585344.0,290.469788,8279.16309,0.105933473,4933.46387,1.25042561e-05,258.496429,966186.875,10.0721531
sens_fault_high,341.0,1495263.62,17.3659687,230024496.0,297.146698,8166.89648,0.0890612677,4915.854,1.06655289e-05,264.983093,1015345.38,10.5964613
sens_fault_high,351.0,1582658.88,18.2496586,243271568.0,301.550476,8746.34375,0.0858497769,5192.76758,9.54821644e-06,268.512787,1067268.38,11.108593
sens_fault_high,354.0,1609269.62,18.5022812,247289328.0,303.00885,8870.22559,0.0842076316,5413.59961,9.27114888e-06,269.310303,1083509.12,11.2591648
sens_fault_high,355.0,1618141.62,18.5853367,248628320.0,303.494202,8872.06641,0.0830552503,5413.76904,9.13484837e-06,269.752594,1088923.0,11.3086195
sens_fault_high,361.0,1671414.0,19.0528831,256654800.0,306.375305,8881.31641,0.0762336999,5413.89209,8.33129616e-06,272.512451,1121406.12,11.5857096
sens_fault_high,371.0,1759286.5,19.7376556,269838880.0,310.304901,8790.30664,0.0661874264,5519.13867,7.29874591e-06,275.895721,1176599.12,12.0034733
sens_fault_high,381.0,1846219.12,20.2955132,282835808.0,314.41156,8693.2627,0.0557857119,5431.74414,6.13377188e-06,280.015198,1230916.5,12.3366461
sens_fault_high,391.0,1933428.25,20.7512951,295879840.0,319.277618,8720.90137,0.0455782935,4320.73486,4.32980005e-06,287.770691,1274123.88,12.5237255
sens_fault_high,401.0,2016206.25,21.1259899,308207904.0,321.833435,8277.80469,0.0374695063,4610.40674,3.91645608e-06,289.523102,1320228.0,12.7042913
sens_fault_high,411.0,2097365.75,21.4453449,320269248.0,325.261597,8115.93945,0.0319355428,4223.59619,3.13648252e-06,293.83316,1362463.88,12.8367643
sens_fault_high,421.0,2182561.25,21.7258453,332894368.0,330.190277,8519.56055,0.0280500259,4250.04346,2.43104932e-06,298.318481,1404964.38,12.9400845
sens_fault_high,429.0,2248266.25,21.9018021,342603680.0,333.94809,8213.12207,0.0219946075,4162.01172,2.15825548e-06,302.126007,1438260.38,13.0119467
sens_fault_high,431.0,2264697.5,21.9440746,345030464.0,334.888123,8215.68164,0.0211355425,4162.73535,2.1491885e-06,303.008881,1446585.88,13.0298395
sens_fault_high,441.0,2329924.5,2438.62549,354623072.0,325.109131,6519.95312,240.458786,3455.75269,4.71188559e-06,294.130371,1481149.0,13.1658115
sens_fault_high,451.0,2402434.5,2439.42554,365459104.0,307.628998,7250.98486,0.0800033659,3096.42261,1.07082606e-05,277.652008,1512113.25,13.4973879
sens_fault_high,461.0,2446372.75,2439.94849,371975168.0,306.351166,4393.82764,0.0522986241,2453.90283,1.25698725e-05,278.117432,1536652.25,13.8058443
sens_fault_high,471.0,2516758.0,2441.62134,382419776.0,297.413452,7038.5249,0.167277366,5194.33252,2.72255602e-05,261.084473,1588595.62,15.2200689
sens_fault_high,481.0,2591901.5,2444.4646,393548768.0,290.726624,7514.35547,0.28433761,4815.23291,4.93102743e-05,254.914444,1636747.88,17.5945911
sens_fault_high,491.0,2670418.0,2448.83643,405121888.0,290.146362,7851.64404,0.437181503,4264.77441,8.07819524e-05,255.678162,1679395.62,21.0400372
sens_fault_high,501.0,2746218.75,2476.74756,416269888.0,294.987885,7580.09082,2.791116,4055.02051,0.000126901083,261.639404,1719945.88,26.1865559
sens_fault_high,511.0,2835155.0,2876.68896,429364608.0,300.183807,8893.6084,39.9941177,4846.36523,0.000322003383,264.576843,1768409.5,41.797039
sens_fault_high,521.0,2923843.0,3738.52856,442428256.0,300.939056,8868.81348,86.1839676,5181.51709,0.000977650867,264.135712,1820224.75,92.5037613
sens_fault_high,531.0,3004012.5,4736.55957,454263104.0,293.73703,8016.94775,99.803093,4794.46924,0.00187766645,257.544159,1868169.38,182.69725
sens_fault_high,541.0,3078298.25,5878.81396,465222688.0,289.462067,7428.58154,114.225433,4418.26465,0.00286898063,253.840408,1912352.0,309.821136
sens_fault_high,551.0,3140746.0,19129.5938,474236000.0,289.256195,6244.76709,1325.078,2849.83154,0.00269300677,257.316132,1940850.38,386.774536
sens_fault_high,561.0,3201738.0,28036.6602,483109408.0,289.123718,6097.33301,893.976624,3282.46436,0.00292273611,256.163971,1973677.12,481.01889
sens_fault_high,571.0,3259416.25,33327.1211,491542688.0,295.796204,5767.82471,529.045898,3405.98169,0.00343517517,263.758484,2007736.88,598.423645
sens_fault_high,581.0,3317076.75,35327.668,499965600.0,306.888,5760.09326,211.517227,3530.95044,0.00439994968,275.229004,2043045.62,744.660767
sens_fault_high,591.0,3384886.75,38214.1875,509915360.0,304.570435,6781.02246,288.652069,3377.51929,0.00583140552,273.386841,2076820.75,942.772888
sens_fault_high,601.0,3475476.0,43233.082,523234336.0,304.56842,9058.90625,501.889282,4724.42627,0.0104826773,266.427032,2124065.0,1443.26575
sens_fault_high,611.0,3536429.5,48425.418,532171712.0,309.176239,6095.35498,519.233643,2596.8667,0.0133653022,279.630493,2150033.75,1795.04651
sens_fault_high,621.0,3585600.5,53069.7695,539372352.0,313.418701,4917.09277,464.43515,2586.15161,0.0165536534,284.366608,2175895.25,2230.35498
sens_fault_high,631.0,3673720.0,62677.0391,552339136.0,315.270203,8811.9502,960.727112,4230.01514,0.0276812706,277.549103,2218195.25,3434.6123
sens_fault_high,641.0,3715715.75,67955.9531,558496000.0,316.641663,4199.58887,527.891541,2319.02344,0.0318525434,287.783813,2241385.5,4197.58301
sens_fault_high,651.0,3793219.25,78179.2266,569905024.0,318.109222,7750.34229,1022.32721,4473.65527,0.0513010807,276.886047,2286122.25,6616.7207
sens_fault_high,661.0,3862805.5,89200.4766,580157184.0,315.842712,6958.63916,1102.12512,3823.0127,0.074903138,275.603119,2324352.25,9712.13379
sens_fault_high,671.0,3929142.75,102384.719,589923392.0,318.306213,6633.71338,1318.42358,3555.97607,0.106340282,277.649628,2359912.0,13943.5371
sens_fault_high,681.0,4003751.0,120207.133,600921920.0,317.92395,7460.81592,1782.2417,4035.4104,0.148324475,271.812897,2400266.25,20971.4492
sens_fault_high,691.0,4078879.0,141195.828,612000896.0,317.728668,7459.63965,2175.48657,4022.88965,0.189827025,268.762817,2440819.0,29928.3691
sens_fault_high,701.0,4150703.0,167918.547,622576384.0,318.605804,7182.39404,2672.27148,4096.73389,0.222537145,266.683289,2481786.25,41654.6562
sens_fault_high,711.0,4228769.0,206133.031,634049216.0,318.514099,7806.61328,3821.44751,4505.93604,0.25430271,260.177887,2526845.75,57021.1055
sens_fault_high,721.0,4298038.5,242038.609,644228096.0,315.858856,6926.9624,3590.55908,3914.39136,0.27860105,260.585449,2565989.5,72138.3125
sens_fault_high,731.0,4372117.5,278946.25,655132928.0,314.122345,7407.90283,3690.76465,4221.00537,0.311511815,253.96962,2608199.75,91236.5781
sens_fault_high,741.0,4441167.0,318066.812,665282752.0,313.442413,6904.9292,3912.05347,4043.28442,0.338561356,252.521347,2648632.5,111932.375
sens_fault_high,751.0,4508943.5,361499.281,675232896.0,314.681549,6777.65137,4343.24902,3890.9707,0.368608296,253.014252,2687542.25,134647.969
sens_fault_high,761.0,4571561.0,407006.531,684409088.0,317.04776,6261.72168,4550.72559,3614.43555,0.396417171,256.060577,2723686.5,158386.625
sens_fault_high,771.0,4632684.5,456252.969,693360000.0,319.258514,6112.39648,4924.64307,3525.0481,0.425825715,257.200989,2758937.0,184529.484
sens_fault_high,781.0,4683509.5,500493.812,700790912.0,320.339447,5082.46777,4424.08447,2902.16675,0.443542689,264.218567,2787958.75,207662.172
sens_fault_high,791.0,4731105.5,544544.312,707743168.0,322.141998,4759.6167,4405.04883,2759.28345,0.458245695,266.427948,2815551.5,231001.703
sens_fault_high,801.0,4767197.0,575860.062,713023744.0,315.978119,3609.13452,3131.57275,2148.47803,0.452206016,268.43634,2837036.25,248737.484
sens_fault_high,811.0,4822220.5,623590.375,721094080.0,313.16394,5502.33545,4773.03662,2987.19385,0.469864011,252.785202,2866908.25,275213.219
sens_fault_high,821.0,4877201.0,677385.375,729142016.0,314.485596,5498.08984,5379.5,2955.24097,0.495375663,252.411331,2896460.75,304224.0
sens_fault_high,831.0,4924358.0,729985.25,736020480.0,318.009613,4715.70312,5259.98389,2709.01855,0.516349018,258.008972,2923550.75,333145.656
sens_fault_high,841.0,4976620.5,782652.75,743682816.0,309.72287,5226.23438,5266.75244,2643.229,0.529352009,250.684753,2949983.25,362874.875
sens_fault_high,851.0,5022621.0,832779.062,750403392.0,312.462524,4600.05957,5012.62695,2127.43701,0.544897676,259.108429,2971257.5,388346.844
sens_fault_high,861.0,5072056.5,889839.062,757612608.0,316.772614,4943.52686,5706.00342,2056.60889,0.564814568,263.147461,2991823.5,415038.969
sens_fault_high,871.0,5119588.0,951738.812,764526784.0,321.969604,4753.16211,6189.97705,2197.60303,0.58760035,264.462646,3013799.75,446351.125
sens_fault_high,881.0,5165283.0,1014902.69,771164928.0,326.701385,4569.47998,6316.38428,2034.09509,0.60736692,270.557465,3034140.5,477816.688
sens_fault_high,891.0,5207139.5,1076197.5,777236608.0,330.742645,4185.67041,6129.48291,1857.63428,0.622277498,276.649597,3052717.0,508420.219
sens_fault_high,901.0,5252302.0,1142496.25,783797120.0,331.115967,4516.23145,6629.87939,1934.49707,0.635885954,273.868011,3072062.0,542204.125
sens_fault_high,911.0,5296043.5,1208486.38,790152576.0,330.643768,4374.17188,6599.00977,1866.36035,0.647016823,272.921082,3090725.5,576414.438
sens_fault_high,921.0,5337260.0,1276313.62,796136256.0,330.623718,4121.63721,6782.72119,2000.73962,0.659081936,268.188538,3110733.0,615093.875
sens_fault_high,931.0,5377550.0,1340763.88,801983936.0,331.319336,4028.98999,6445.01953,1628.91846,0.667578995,275.595856,3127022.0,647806.375
sens_fault_high,941.0,5418946.0,1407768.25,807995712.0,331.066467,4139.60254,6700.44824,1627.02673,0.67764914,274.559387,3143292.25,682009.875
sens_fault_high,951.0,5458553.5,1474781.0,813744128.0,331.163391,3960.76587,6701.27051,1584.07336,0.687326193,274.408203,3159133.0,716831.312
sens_fault_high,961.0,5490372.5,1531473.12,818348992.0,332.336304,3181.8894,5669.21582,1301.229,0.689958751,281.623627,3172145.5,745788.562
sens_fault_high,971.0,5490372.5,1531473.12,818348992.0,333.193634,0.0,0.0,-0.0,0.0,314.329987,3172145.5,745788.562
sens_fault_high,981.0,5520539.5,1577989.5,822704704.0,333.128021,2988.20728,4690.354,1300.0957,0.657045186,284.572174,3185645.0,769980.438
sens_fault_high,982.0,5523701.0,1583576.75,823162368.0,333.25946,3161.29858,5587.22754,1892.07434,0.663587511,273.18045,3187537.0,773712.625
sens_fault_high,991.0,5550618.5,1636079.12,827052544.0,334.249481,2955.52344,5884.66113,1747.15466,0.692817211,271.609985,3203475.5,808869.25
sens_fault_high,994.0,5559600.0,1651545.12,828349952.0,333.524811,2993.82422,5155.34863,1222.41602,0.692737043,282.378021,3207142.75,817137.188
sens_fault_high,998.0,5572547.0,1670713.88,830236736.0,332.549622,3236.8501,4792.17578,1225.05127,0.692000031,281.960876,3212043.0,828146.75
sens_fault_high,1001.0,5582144.0,1685261.88,831633216.0,331.814697,3198.9209,4849.34424,1189.3595,0.702386856,274.663452,3215611.0,836567.688
sens_fault_high,1011.0,5622249.5,1747090.75,837477760.0,334.919189,3944.96509,6277.63672,1229.7406,0.731220305,273.639069,3228106.5,869741.25
sens_fault_high,1021.0,5662105.0,1815041.12,843286208.0,334.495728,3985.57007,6795.03906,1307.91833,0.74155426,269.311615,3241185.75,907269.125
sens_fault_high,1031.0,5701628.0,1886119.25,849047680.0,334.450012,3952.28052,7107.80908,1325.10938,0.749241471,267.404755,3254436.75,946862.125
sens_fault_high,1041.0,5740748.5,1956982.38,854756096.0,330.955597,3912.03003,7086.30371,1321.33813,0.748076618,262.71759,3267650.25,986098.75
sens_fault_high,1051.0,5773410.0,2021165.0,859511488.0,331.9021,3266.16577,6418.27344,1196.88171,0.748371601,268.424255,3279619.0,1021695.38
sens_fault_high,1061.0,5808741.5,2088670.5,864662656.0,329.987701,3533.13135,6750.54004,1245.15173,0.750067651,264.52066,3292070.5,1059063.38
sens_fault_high,1071.0,5844580.0,2163313.75,869880832.0,333.492554,3583.88818,7464.33643,1303.97766,0.759807587,264.695435,3305110.25,1100312.5
sens_fault_high,1081.0,5879270.5,2236275.5,874932352.0,333.05603,3469.03198,7296.17334,1214.55835,0.764734387,266.676514,3317256.0,1139791.88
sens_fault_high,1091.0,5913803.0,2310848.5,879960576.0,333.202637,3453.25073,7457.29004,1200.18433,0.771048903,266.267975,3329257.75,1180211.0
sens_fault_high,1101.0,5947217.5,2385064.25,884824320.0,333.274872,3341.42627,7421.58057,1151.76709,0.7767694,267.101807,3340775.5,1220288.75
sens_fault_high,1111.0,5980079.5,2461869.0,889605184.0,333.209564,3286.22852,7680.46631,1182.24951,0.783126414,264.254669,3352598.0,1262979.62
sens_fault_high,1121.0,6012747.5,2539136.25,894357504.0,333.02359,3266.81836,7726.73682,1136.92175,0.789473176,264.932892,3363967.25,1305614.0
sens_fault_high,1131.0,6036654.0,2598402.25,897825472.0,333.585266,2416.6687,5888.9668,859.782104,0.786208868,277.801453,3372535.5,1337274.12
sens_fault_high,1141.0,6063746.5,2658641.0,901767936.0,327.637848,2709.26709,6023.86328,944.117065,0.7849015,267.249023,3381976.75,1371725.25
sens_fault_high,1151.0,6091946.0,2725017.75,905863424.0,332.506439,2766.85254,6714.86621,949.172424,0.792889237,271.188904,3391557.0,1407937.0
sens_fault_high,1161.0,6122305.5,2799041.25,910270400.0,334.353851,3035.91064,7402.36084,971.562256,0.80104351,271.307892,3401272.75,1447054.25
sens_fault_high,1171.0,6153022.0,2874720.0,914730496.0,334.209625,3071.698,7567.86426,957.977478,0.806841254,270.739746,3410852.5,1487069.88
sens_fault_high,1181.0,6182176.0,2950154.5,918960512.0,334.635193,2915.38184,7543.43896,946.586731,0.81174624,270.612396,3420318.25,1527886.5
sens_fault_high,1191.0,6212632.0,3029073.0,923381120.0,334.41922,3045.60815,7891.85791,955.478271,0.816255152,268.783752,3429873.25,1570332.0
sens_fault_high,1201.0,6242757.0,3109209.5,927752320.0,334.372742,3012.47778,8013.64453,944.098022,0.820276976,268.249054,3439314.0,1613421.62
sens_fault_high,1211.0,6272245.5,3190674.5,932029184.0,334.379059,2948.86694,8146.51709,948.408386,0.824460328,267.187256,3448798.25,1657965.75
sens_fault_high,1221.0,6301414.5,3272113.0,936258880.0,334.260529,2916.87671,8143.84814,918.048279,0.8278929,267.847656,3457978.75,1702127.0
sens_fault_high,1231.0,6330346.0,3352821.25,940453824.0,334.05304,2893.16235,8070.82764,875.257385,0.830526769,269.205811,3466731.25,1745020.12
sens_fault_high,1241.0,6358930.5,3434158.5,944597504.0,333.599731,2858.43701,8133.71387,873.067383,0.833415687,268.218262,3475462.0,1788699.38
sens_fault_high,1251.0,6385912.5,3513758.25,948505408.0,334.100891,2698.22949,7959.98291,838.125916,0.836131275,269.887146,3483843.25,1831464.38
sens_fault_high,1261.0,6414040.5,3596129.25,952580800.0,333.753906,2812.78662,8237.09766,842.502808,0.839486063,268.688385,3492268.25,1875527.12
sens_fault_high,1271.0,6431277.0,3650413.0,955067648.0,333.700104,1753.95068,5384.52881,567.506653,0.83156991,284.488464,3497891.25,1903620.5
sens_fault_high,1281.0,6434285.5,3662951.25,955491520.0,335.053864,300.862152,1253.83789,149.101685,0.778859615,307.948578,3499382.25,1908871.88
sens_fault_high,1291.0,6443647.5,3685496.25,956837376.0,335.775574,936.193604,2254.48633,297.068634,0.772564709,303.379486,3502352.75,1918962.88
sens_fault_high,1301.0,6452380.5,3705793.75,958091968.0,336.875641,873.289673,2029.75708,296.312531,0.762469888,304.755219,3505316.0,1928474.5
sens_fault_high,1311.0,6462467.0,3727211.5,959542208.0,337.335236,1008.65582,2141.78003,314.87384,0.756942451,304.572723,3508464.75,1938280.5
sens_fault_high,1321.0,6491182.5,3791091.5,963696256.0,337.254547,2871.53101,6387.99805,805.541992,0.809481442,279.952728,3516520.0,1972506.62
sens_fault_high,1331.0,6521585.5,3869628.0,968093504.0,336.753052,3040.30005,7853.63574,891.066895,0.833043516,270.346893,3525430.75,2016967.12
sens_fault_high,1341.0,6550295.5,3947515.75,972244224.0,335.955933,2870.99463,7788.77637,797.498962,0.842746735,272.226532,3533405.75,2059706.5
sens_fault_high,1351.0,6579515.5,4027734.25,976469568.0,335.2005,2922.04126,8021.8457,754.908325,0.848969162,272.524506,3540954.75,2102141.0
sens_fault_high,1361.0,6608296.5,4108454.25,980630336.0,334.414642,2878.07959,8072.01172,710.573364,0.852857292,272.968658,3548060.5,2143326.75
sens_fault_high,1371.0,6636115.5,4188303.25,984650304.0,333.986938,2781.91748,7984.90186,670.338196,0.85629636,274.604126,3554764.0,2183270.75
sens_fault_high,1381.0,6659494.0,4262442.5,988021824.0,334.35675,2337.82129,7413.9209,639.077332,0.858424246,276.294312,3561154.75,2222020.25
sens_fault_high,1391.0,6667108.0,4292102.0,989106496.0,334.928314,808.236206,2898.15063,279.54895,0.835165441,299.962311,3563871.25,2236297.0
sens_fault_high,1401.0,6667108.0,4292102.0,989106496.0,336.211456,0.0,0.0,-0.0,0.0,316.259338,3563871.25,2236297.0
sens_fault_high,1411.0,6682567.5,4333474.0,991323776.0,336.191528,1540.9093,4143.07959,501.695099,0.816020608,291.029236,3569221.25,2258073.5
sens_fault_high,1421.0,6709191.0,4406188.0,995160640.0,335.692719,2662.35254,7271.41455,743.361816,0.845295727,274.027496,3576655.0,2298690.5
sens_fault_high,1431.0,6722035.0,4445954.0,997000704.0,336.095428,1308.6355,3941.60181,400.778351,0.838952422,293.805725,3580622.75,2319625.25
sens_fault_high,1441.0,6731610.5,4471189.5,998371072.0,336.486389,978.872314,2492.9563,245.60994,0.815232575,303.706696,3583022.75,2330542.25
sens_fault_high,1451.0,6754974.0,4530701.5,1001735100.0,336.320007,2336.3269,5951.20068,593.146484,0.841537237,283.767944,3588954.25,2362042.0
sens_fault_high,1461.0,6771814.5,4577585.0,1004153020.0,336.510712,1685.2395,4686.58398,449.00827,0.844367564,290.971558,3593462.75,2386376.25
sens_fault_high,1471.0,6779882.5,4602147.0,1005304700.0,336.650818,838.773438,2410.11792,266.189362,0.824918807,302.353485,3596064.25,2399004.25
sens_fault_high,1481.0,6795741.0,4642729.0,1007582340.0,335.729492,1585.8584,4058.18188,434.146454,0.83416307,291.662323,3600405.75,2420842.0
sens_fault_high,1491.0,6816058.0,4699213.0,1010499780.0,337.100616,2031.69446,5648.43604,556.648438,0.849956751,284.785248,3605972.25,2452374.75
sens_fault_high,1501.0,6835302.5,4762865.5,1013272770.0,337.468414,1924.44409,6365.21143,755.082581,0.864818096,270.369293,3613523.0,2500680.75
sens_fault_high,1511.0,6856270.5,4832620.0,1016298240.0,337.37088,2096.82397,6975.47705,748.25177,0.872069359,268.405518,3621005.5,2551687.0
sens_fault_high,1521.0,6876449.5,4901565.5,1019208380.0,336.920868,2017.88831,6894.55127,704.110901,0.875489473,269.837372,3628046.5,2601196.25
sens_fault_high,1531.0,6896515.0,4971351.5,1022100670.0,336.425079,2006.5575,6978.58984,688.853149,0.877917469,269.761353,3634935.25,2650732.75
sens_fault_high,1541.0,6915881.0,5040211.5,1024889920.0,335.76123,1936.59888,6886.01953,665.219299,0.879412115,270.060089,3641587.25,2699245.25
sens_fault_high,1551.0,6931463.5,5106000.0,1027128450.0,335.952789,1558.22156,6578.83887,668.784851,0.880591452,269.340912,3648275.25,2748565.5
sens_fault_high,1561.0,6951955.0,5177804.5,1030076420.0,335.446289,2049.17554,7180.42432,654.75946,0.882404983,269.469452,3654822.75,2797697.25
sens_fault_high,1571.0,6971838.0,5250398.0,1032934210.0,335.061951,1988.29834,7259.38818,649.278992,0.88438046,268.886627,3661315.5,2847361.0
sens_fault_high,1581.0,6991341.0,5321837.0,1035735420.0,334.520782,1950.27454,7143.88525,618.532593,0.885880113,270.058533,3667501.0,2895375.75
sens_fault_high,1591.0,7010636.5,5393788.5,1038505150.0,333.290985,1929.5498,7195.12109,616.989685,0.887276828,268.401764,3673670.75,2943940.75
sens_fault_high,1601.0,7030270.0,5466949.0,1041321150.0,333.295319,1963.34387,7316.07617,602.295837,0.889132679,268.956024,3679693.75,2992243.75
sens_fault_high,1611.0,7049018.0,5537637.0,1044007740.0,332.802917,1874.8396,7068.80029,569.33374,0.890190065,270.593842,3685387.0,3038397.5
sens_fault_high,1621.0,7068012.5,5610245.5,1046727740.0,332.044067,1899.43872,7260.82764,578.448364,0.891667664,268.692993,3691171.5,3086008.75
sens_fault_high,1631.0,7086372.0,5682935.0,1049354240.0,331.653015,1835.93152,7268.94824,575.140259,0.893150508,268.030914,3696923.0,3134084.5
sens_fault_high,1641.0,7103740.5,5752666.5,1051836670.0,331.2052,1736.87561,6973.18311,546.177185,0.893779099,269.501129,3702384.75,3180041.75
sens_fault_high,1651.0,7122035.5,5824488.0,1054449730.0,330.837769,1829.47888,7182.15918,546.603577,0.894682646,268.730469,3707850.75,3226476.25
sens_fault_high,1661.0,7139816.5,5897390.0,1056987140.0,330.918549,1778.08936,7290.17676,553.376892,0.896124899,268.010956,3713384.5,3274215.75
sens_fault_high,1671.0,7157666.0,5970692.5,1059532930.0,329.657837,1784.99036,7330.22656,553.731506,0.896887004,266.261871,3718921.75,3322380.0
sens_fault_high,1681.0,7175106.0,6044572.5,1062017730.0,330.593811,1743.96606,7388.0459,545.723206,0.89817512,267.497925,3724379.0,3370517.0
sens_fault_high,1691.0,7185343.5,6090651.5,1063473340.0,330.881683,1023.75433,4607.89404,352.926636,0.89262569,283.589935,3727908.25,3399856.5
sens_fault_high,1701.0,7185343.5,6090651.5,1063473340.0,332.26001,0.0,0.0,-0.0,0.0,311.555084,3727908.25,3399856.5
sens_fault_high,1711.0,7185343.5,6090651.5,1063473340.0,333.548157,0.0,0.0,-0.0,0.0,313.531525,3727908.25,3399856.5
sens_fault_high,1721.0,7185343.5,6090651.5,1063473340.0,335.088348,0.0,0.0,-0.0,0.0,315.426147,3727908.25,3399856.5
sens_fault_high,1731.0,7185343.5,6090651.5,1063473340.0,335.947845,0.0,0.0,-0.0,0.0,316.346222,3727908.25,3399856.5
sens_fault_high,1741.0,7200953.5,6130725.0,1065682240.0,336.130157,1486.30908,4110.84912,523.936035,0.8364923,287.554138,3734420.0,3424851.25
sens_fault_high,1751.0,7218757.0,6187926.5,1068213180.0,335.203552,1738.77783,5779.06836,562.56366,0.876054823,276.456818,3740315.5,3464228.75
sens_fault_high,1761.0,7231389.5,6235089.5,1070008380.0,333.07312,1263.26892,4716.3208,460.680084,0.87973845,279.353363,3744922.25,3497928.5
sens_fault_high,1771.0,7253491.0,6305022.0,1073152130.0,327.30545,2210.16455,6993.21973,604.576233,0.885791302,262.603485,3750968.0,3544819.0
sens_fault_high,1781.0,7273704.0,6376928.0,1076021380.0,332.352509,1961.80554,7275.52246,555.69281,0.892975926,270.52536,3756611.25,3591062.75
sens_fault_high,1791.0,7292644.0,6451253.5,1078706690.0,332.262085,1894.00879,7432.55322,541.062134,0.896941364,270.697083,3762021.75,3638152.5
sens_fault_high,1801.0,7310972.0,6525863.0,1081303170.0,332.06955,1832.78162,7460.94092,523.76593,0.899705887,270.73587,3767259.5,3685138.0
sens_fault_high,1811.0,7326934.0,6592272.0,1083562240.0,331.875366,1596.1947,6640.91064,455.846191,0.900288999,275.569458,3771818.0,3726296.25
sens_fault_high,1821.0,7343873.0,6663306.5,1085958270.0,332.542847,1693.90076,7103.42578,474.42215,0.902185678,274.290924,3776562.25,3770054.25
sens_fault_high,1831.0,7362171.5,6738546.5,1088544640.0,331.817688,1829.89087,7524.0293,481.823151,0.904049814,272.326965,3781380.25,3815452.0
sens_fault_high,1841.0,7380005.0,6815613.0,1091064060.0,330.35257,1783.33911,7706.62891,500.018311,0.905562818,268.569061,3786380.5,3863399.0
sens_fault_high,1851.0,7396674.0,6891183.0,1093416700.0,332.195801,1666.87695,7557.01807,471.136536,0.907412827,272.490509,3791092.0,3909573.5
sens_fault_high,1861.0,7412900.0,6966770.5,1095705730.0,332.649323,1622.61108,7558.73047,464.530396,0.908705115,273.216064,3795737.25,3955810.5
sens_fault_high,1871.0,7429352.5,7043680.0,1098025340.0,332.846832,1645.23792,7690.94629,460.654938,0.909860551,273.158356,3800343.75,4002308.75
sens_fault_high,1881.0,7445452.0,7120961.5,1100294270.0,333.084534,1609.98474,7728.14355,457.558594,0.911076009,273.212952,3804919.25,4049188.0
sens_fault_high,1891.0,7461680.5,7199373.0,1102580350.0,333.086792,1622.85437,7841.18115,453.799683,0.912284076,273.079407,3809457.25,4096385.25
sens_fault_high,1901.0,7467563.5,7226979.0,1103406590.0,333.204559,588.279602,2760.57031,157.811249,0.897126794,300.36441,3811035.5,4110147.5
sens_fault_high,1911.0,7474889.0,7245728.0,1104432380.0,335.089417,744.339661,1858.19727,-0.0,0.0,316.65744,3811035.5,4110147.5
sens_fault_high,1921.0,7488034.0,7297896.5,1106284800.0,337.206207,1314.50037,5216.81445,371.031921,0.886166036,291.596527,3814745.75,4139031.25
sens_fault_high,1931.0,7495550.5,7329323.0,1107342210.0,338.945251,751.676331,3142.64355,211.575516,0.88597852,303.616425,3816861.5,4155471.25
sens_fault_high,1941.0,7513768.5,7410413.0,1109907970.0,338.730774,1821.7782,8109.04248,512.263733,0.907334447,275.792603,3821984.25,4205629.5
sens_fault_high,1951.0,7531058.0,7492337.0,1112339970.0,337.825989,1728.96899,8192.39844,471.454773,0.914031208,274.968964,3826698.75,4255755.5
sens_fault_high,1961.0,7547704.0,7575405.0,1114679810.0,337.780182,1664.59485,8306.76953,454.565674,0.917329311,275.261475,3831244.5,4306195.0
sens_fault_high,1971.0,7564281.5,7653827.0,1117010430.0,331.802521,1657.75134,7842.19385,430.051514,0.916928291,270.735931,3835545.0,4353663.0
sens_fault_high,1981.0,7579797.5,7736100.5,1119190530.0,336.120148,1551.59766,8227.34375,433.93924,0.919833481,274.57608,3839884.25,4403453.5
sens_fault_high,1991.0,7595072.0,7817108.0,1121336320.0,336.054504,1527.45935,8100.74707,410.337158,0.921028793,276.549286,3843987.75,4451310.5
sens_fault_high,2001.0,7608712.0,7892022.5,1123252220.0,336.517426,1364.0144,7491.46045,378.320801,0.921372175,279.890808,3847770.75,4495642.5
sens_fault_high,2011.0,7617881.5,7939495.0,1124538240.0,338.223572,916.946045,4747.25781,224.082901,0.915885031,297.554169,3850011.75,4520041.5
sens_fault_high,2021.0,7632307.0,8016557.0,1126564990.0,338.476929,1442.51282,7706.18311,395.662964,0.920320928,280.760162,3853968.25,4565742.0
sens_fault_high,2031.0,7644998.0,8090720.5,1128348030.0,339.452362,1269.10022,7416.37061,384.203369,0.922672391,281.765045,3857810.25,4611585.5
sens_fault_high,2041.0,7655536.0,8129159.0,1129787900.0,338.904083,1053.81482,3843.82568,186.133438,0.91468066,301.867249,3859671.75,4631540.0
sens_fault_high,2051.0,7676529.5,8202619.0,1132614910.0,338.675476,2099.3374,7346.0415,385.891785,0.921233475,283.063904,3863530.5,4676673.0
sens_fault_high,2061.0,7700519.5,8288955.5,1135828610.0,338.060577,2399.00342,8633.62402,420.23938,0.925971508,278.043182,3867733.0,4729238.0
sens_fault_high,2071.0,7719316.5,8376116.5,1138380800.0,338.499176,1879.70117,8716.10449,407.535675,0.928489208,278.357391,3871808.25,4782152.0
sens_fault_high,2081.0,7738790.0,8455636.0,1140992260.0,337.224396,1947.35437,7951.93994,364.144135,0.928984404,281.714172,3875449.75,4829787.0
sens_fault_high,2091.0,7750961.5,8504134.0,1142616190.0,337.644653,1217.14514,4849.85449,226.55864,0.924449503,297.30191,3877715.5,4857509.0
sens_fault_high,2101.0,7770612.5,8578205.0,1145239170.0,338.178253,1965.11646,7407.01416,333.596924,0.926990449,287.06308,3881051.25,4899865.5
sens_fault_high,2111.0,7794043.5,8665248.0,1148353020.0,337.055023,2343.11841,8704.3623,389.96402,0.930188596,278.779327,3884951.0,4951825.5
sens_fault_high,2121.0,7813221.0,8740194.0,1150897790.0,337.118683,1917.73267,7494.56885,328.573181,0.930725217,285.264221,3888236.75,4995970.0
sens_fault_high,2131.0,7830550.5,8808904.0,1153192320.0,335.796509,1732.95288,6871.0127,313.895172,0.930288911,285.5672,3891375.75,5037859.0
sens_fault_high,2141.0,7849269.0,8872064.0,1155658110.0,336.642914,1871.85791,6316.04639,257.41449,0.928932309,293.483765,3893949.75,5071506.0
sens_fault_high,2151.0,7870857.5,8955396.0,1158515710.0,336.878693,2158.83496,8333.15137,355.031799,0.932196856,282.853485,3897500.25,5120318.0
sens_fault_high,2161.0,7893046.0,9042249.0,1161449730.0,336.535645,2218.86768,8685.3252,356.153992,0.93449384,281.523651,3901061.75,5171126.0
sens_fault_high,2171.0,7912863.0,9120192.0,1164066430.0,336.218109,1981.68433,7794.30029,310.265961,0.934826434,286.103943,3904164.25,5215629.5
sens_fault_high,2181.0,7928701.5,9185196.0,1166150400.0,337.648376,1583.83215,6500.34619,271.997742,0.934090912,291.680725,3906884.25,5254178.0
sens_fault_high,2191.0,7948689.0,9265504.0,1168785660.0,338.893066,1998.74292,8030.81348,317.917023,0.935616314,287.01944,3910063.5,5300377.5
sens_fault_high,2201.0,7967128.5,9340749.0,1171217020.0,339.815094,1844.69885,7523.28809,297.051178,0.935844421,289.315491,3913035.0,5343707.0
sens_fault_high,2208.0,7982308.5,9397650.0,1173215620.0,340.49411,2168.59302,8128.77539,309.028595,0.936747372,289.223785,3915198.25,5375743.0
sens_fault_high,2209.0,7984919.5,9405778.0,1173556480.0,340.434509,2611.21997,8128.04932,308.352936,0.936888993,289.438141,3915506.5,5380320.5
sens_fault_high,2211.0,7989990.5,9422036.0,1174219390.0,340.373749,2535.47046,8128.99854,307.182953,0.937134922,289.847534,3916121.0,5389479.0
sens_fault_high,2221.0,8013390.0,9472923.0,1177241860.0,342.080383,2341.58081,5088.51562,109.310699,0.926293075,318.171204,3917173.5,5403274.5
sens_fault_high,2231.0,8029689.5,9529885.0,1179356670.0,340.245941,1629.93091,5696.20996,239.440796,0.930656791,300.623932,3919567.75,5435410.0
sens_fault_high,2241.0,8049575.0,9597200.0,1181921660.0,340.744202,1988.59021,6731.50537,253.806885,0.934129357,297.870636,3922105.75,5471403.0
sens_fault_high,2251.0,8073913.0,9682116.0,1185070210.0,338.625793,2433.78125,8491.59863,325.402832,0.938123286,286.201965,3925360.0,5520737.5
sens_fault_high,2261.0,8098193.5,9768102.0,1188207490.0,337.435974,2428.02979,8598.60254,314.519836,0.940231562,285.807831,3928505.0,5570215.5
sens_fault_high,2271.0,8122266.0,9854998.0,1191314180.0,336.280853,2407.25439,8689.62207,308.926147,0.941374719,285.177551,3931594.25,5619821.5
sens_fault_high,2281.0,8135372.5,9909125.0,1193006720.0,338.611603,1310.6593,5412.61572,188.353333,0.938411474,302.314056,3933478.0,5648520.5
sens_fault_high,2291.0,8156158.5,9989105.0,1195694080.0,339.458984,2078.63086,7998.05322,279.853973,0.940552115,292.194946,3936276.5,5692797.5
sens_fault_high,2301.0,8179022.5,10077882.0,1198644610.0,339.80545,2286.38452,8877.71387,306.526184,0.943036914,288.839722,3939341.75,5743543.5
sens_fault_high,2304.0,8185809.0,10103128.0,1199517570.0,339.910309,2262.09399,8415.22949,282.136871,0.943525016,291.982178,3940188.0,5757684.5
sens_fault_high,2305.0,8188778.0,10111548.0,1199913860.0,339.696899,2969.20068,8419.91895,281.750305,0.943604171,292.1633,3940469.75,5762398.5
sens_fault_high,2306.0,8192094.5,10119970.0,1200361860.0,339.369232,3316.41211,8422.29199,281.393036,0.943677485,292.190369,3940751.25,5767113.0
sens_fault_high,2307.0,8195685.0,10128393.0,1200850560.0,338.955902,3590.55005,8422.86523,281.067474,0.943744302,292.095123,3941032.25,5771828.5
sens_fault_high,2309.0,8202535.0,10145239.0,1201778940.0,338.281403,3425.06982,8423.2002,280.452545,0.943870425,291.715118,3941593.25,5781260.5
sens_fault_high,2311.0,8209298.5,10162086.0,1202694660.0,337.660034,3381.76587,8423.48438,279.843903,0.943995297,291.250763,3942153.0,5790694.5
sens_fault_high,2321.0,8241836.0,10250749.0,1207062020.0,337.007446,3245.14648,8878.07031,287.40567,0.945424914,289.682709,3945044.25,5840458.5
sens_fault_high,2331.0,8265843.0,10297768.0,1210276610.0,328.772644,2400.73608,4701.87061,120.439575,0.936657786,301.725128,3946248.5,5858268.0
sens_fault_high,2341.0,8291874.5,10348626.0,1213751300.0,337.287354,2576.22974,5123.29785,108.245445,0.930392623,314.948395,3947311.75,5872764.0
sens_fault_high,2351.0,8319766.0,10438614.0,1217482620.0,338.340881,2789.10815,8998.76172,309.973846,0.941871643,290.425018,3950411.5,5922990.0
sens_fault_high,2361.0,8348278.5,10528870.0,1221310340.0,337.772888,2851.26855,9025.62109,287.670349,0.945792973,290.172607,3953288.25,5973182.0
sens_fault_high,2371.0,8374214.5,10612891.0,1224785150.0,336.916565,2593.61743,8402.12012,260.335114,0.94675082,291.808289,3955891.5,6019468.5
sens_fault_high,2381.0,8400482.0,10700568.0,1228302460.0,337.796448,2626.77905,8767.67871,266.152496,0.947910309,291.474304,3958553.0,6067902.0
sens_fault_high,2391.0,8426427.0,10785456.0,1231774340.0,335.935364,2594.42993,8488.77344,254.967987,0.948172688,290.768066,3961102.75,6114548.0
sens_fault_high,2401.0,8450899.0,10868428.0,1235047040.0,337.89328,2447.25977,8297.22949,243.84552,0.948954105,294.559509,3963541.25,6159879.5
sens_fault_high,2411.0,8476382.0,10957941.0,1238462210.0,338.235809,2548.3064,8951.33887,259.246582,0.949962795,292.255981,3966133.75,6209098.0
sens_fault_high,2421.0,8501565.0,11049082.0,1241839230.0,338.709778,2518.24316,9114.08984,263.161072,0.951065063,291.469177,3968765.25,6260244.0
sens_fault_high,2431.0,8507689.0,11084287.0,1242654080.0,340.486786,612.462769,3520.50879,112.856064,0.945220232,312.201538,3969893.75,6279717.5
sens_fault_high,2441.0,8522868.0,11166992.0,1244673920.0,343.305939,1521.79944,8264.43945,254.081207,0.949328542,294.34491,3972480.75,6327254.0
sens_fault_high,2451.0,8549068.0,11255766.0,1248168580.0,343.251251,2620.05444,8877.43652,255.193192,0.95118618,294.772919,3975032.75,6376980.5
sens_fault_high,2461.0,8574274.0,11347480.0,1251538050.0,343.380066,2520.552,9171.40625,256.901062,0.952606499,294.816376,3977601.75,6428617.5
sens_fault_high,2471.0,8594752.0,11428745.0,1254262140.0,343.698059,2047.8302,8126.50781,228.175491,0.952820003,298.707855,3979883.5,6474698.5
sens_fault_high,2481.0,8618649.0,11517895.0,1257464830.0,343.827942,2389.72437,8914.95117,242.05159,0.953582048,296.673462,3982304.0,6524424.0
sens_fault_high,2491.0,8641734.0,11605511.0,1260558590.0,344.91391,2308.47241,8761.68457,232.80336,0.954289973,298.933929,3984632.0,6573026.5
sens_fault_high,2501.0,8664441.0,11692268.0,1263602050.0,345.706726,2270.72412,8675.69824,225.860535,0.954778492,300.621552,3986890.5,6620713.5
sens_fault_high,2511.0,8687367.0,11783197.0,1266676100.0,346.491791,2292.54785,9092.85449,227.02301,0.95542711,301.038208,3989160.75,6669376.5
sens_fault_high,2521.0,8709411.0,11869739.0,1269628290.0,343.747986,2204.45166,8654.19434,208.524933,0.954878747,300.170959,3991246.0,6713505.5
sens_fault_high,2524.0,8711016.0,11879273.0,1269842560.0,344.854156,534.736206,3178.02393,-0.0,0.0,331.593384,3991246.0,6713505.5
sens_fault_high,2531.0,8715006.0,11901173.0,1270376320.0,347.521912,570.024536,3128.52222,-0.0,0.0,320.001129,3991246.0,6713505.5
sens_fault_high,2541.0,8720943.0,11933989.0,1271186690.0,350.790771,593.702026,3281.65259,-0.0,0.0,323.721039,3991246.0,6713505.5
sens_fault_high,2551.0,8728147.0,11967685.0,1272160770.0,353.909241,720.46167,3369.54175,-0.0,0.0,325.334747,3991246.0,6713505.5
sens_fault_high,2558.0,8734782.0,11992462.0,1273049090.0,354.019684,947.74762,3539.68384,-0.0,0.0,325.446564,3991246.0,6713505.5
sens_fault_high,2561.0,8745139.0,12004322.0,1274469760.0,351.110107,3452.4502,3953.38867,717.722839,0.400493056,302.299469,3993399.25,6714944.0
sens_fault_high,2571.0,8775443.0,12045713.0,1278619900.0,346.744232,3005.72388,4173.5752,549.819397,0.544911683,288.176483,3999024.5,6721360.0
sens_fault_high,2581.0,8802298.0,12088705.0,1282250880.0,343.692566,2685.50122,4299.18994,628.510437,0.546649575,278.987366,4005309.75,6728938.5
sens_fault_high,2591.0,8824060.0,12129375.0,1285154690.0,340.868408,2176.19897,4067.03662,686.616882,0.542845964,272.307495,4012176.0,6737091.5
sens_fault_high,2601.0,8844577.0,12170109.0,1287943040.0,344.311066,2051.73145,4073.39453,525.533386,0.55765903,281.098022,4017431.25,6743717.0
sens_fault_high,2611.0,8874473.0,12219042.0,1292060930.0,346.983246,2989.58838,4893.30273,590.928345,0.563591421,279.566681,4023340.5,6751348.5
sens_fault_high,2621.0,8900872.0,12268128.0,1295663620.0,346.551483,2639.90527,4908.5752,599.933716,0.568184912,278.376892,4029339.75,6759242.5
sens_fault_high,2631.0,8924225.0,12317843.0,1298782590.0,347.148315,2335.27441,4971.51123,615.840332,0.574763179,276.502563,4035498.25,6767566.5
sens_fault_high,2641.0,8953786.0,12365800.0,1302781700.0,346.004761,2935.39038,4824.25391,431.119293,0.592227221,286.365875,4039822.5,6773811.0
sens_fault_high,2651.0,8987871.0,12417553.0,1307416960.0,342.738556,3408.53979,5175.23047,528.699219,0.594597518,278.11969,4045109.5,6781565.5
sens_fault_high,2661.0,9014618.0,12467973.0,1310962690.0,343.129333,2674.64624,5041.98877,543.539612,0.610009849,274.424927,4050544.75,6790067.0
sens_fault_high,2671.0,9044539.0,12523118.0,1314981500.0,346.250122,2992.08472,5514.54688,531.276672,0.632982075,274.331818,4055857.5,6799230.0
sens_fault_high,2681.0,9079749.0,12578951.0,1319788420.0,341.786804,3503.15063,5608.21045,475.742462,0.647198319,274.897888,4060643.75,6807916.5
sens_fault_high,2691.0,9104788.0,12632549.0,1323107970.0,341.497345,2503.87354,5359.79492,472.649292,0.656330407,272.807343,4065370.25,6816943.0
sens_fault_high,2701.0,9129745.0,12686134.0,1326439810.0,340.848755,2495.69946,5358.43262,458.143066,0.665337384,271.971008,4069951.75,6826051.0
sens_fault_high,2711.0,9156751.0,12742704.0,1330087550.0,338.562836,2692.08667,5669.0498,468.728638,0.673530042,268.054291,4074666.0,6835682.5
sens_fault_high,2721.0,9180815.0,12798070.0,1333325440.0,338.215637,2406.36255,5536.63281,505.003204,0.682004571,263.132812,4079716.25,6846513.0
sens_fault_high,2731.0,9208821.0,12856814.0,1337181950.0,340.729797,2800.62378,5874.37549,568.961853,0.695057988,257.068237,4085405.75,6859481.5
sens_fault_high,2741.0,9238799.0,12920130.0,1341321600.0,342.378876,2997.85596,6331.63623,571.775391,0.710349381,255.088516,4091123.5,6873504.0
sens_fault_high,2751.0,9261744.0,12978879.0,1344403840.0,341.464691,2294.49976,5874.87158,535.745239,0.721598327,255.759766,4096481.0,6887390.0
sens_fault_high,2761.0,9283505.0,13036111.0,1347333380.0,342.136932,2169.60571,5731.88867,473.434235,0.732008934,260.166168,4101247.5,6900275.0
sens_fault_high,2771.0,9310383.0,13096341.0,1351050500.0,340.174805,2687.84058,6022.99756,468.879333,0.740165532,258.147858,4105936.25,6913631.5
sens_fault_high,2781.0,9333766.0,13155285.0,1354267650.0,339.188873,2338.28687,5894.41504,432.556702,0.748453677,259.276306,4110262.0,6926502.0
sens_fault_high,2784.0,9339787.0,13172574.0,1355075710.0,339.653168,2006.94519,5762.94873,419.977936,0.751066506,260.074738,4111521.75,6930303.0
sens_fault_high,2791.0,9353821.0,13212836.0,1356985730.0,340.427887,1989.34229,5773.64746,412.089569,0.756270051,260.087677,4114423.0,6939229.5
sens_fault_high,2801.0,9363005.0,13244939.0,1358266370.0,341.024109,918.463867,3210.25244,245.896805,0.757650971,281.229034,4116882.0,6946917.0
sens_fault_high,2811.0,9388750.0,13301920.0,1361854720.0,340.606628,2548.76587,5734.89844,387.070892,0.762986124,264.2836,4120787.5,6959326.5
sens_fault_high,2821.0,9414909.0,13360404.0,1365521920.0,338.728638,2615.88892,5848.38379,371.441681,0.769031823,262.822662,4124501.75,6971694.0
sens_fault_high,2831.0,9432364.0,13414817.0,1367896060.0,340.143951,1745.52209,5441.31152,354.33548,0.77399081,264.141907,4128045.25,6983828.5
sens_fault_high,2841.0,9450923.0,13475537.0,1370406910.0,341.385162,1843.17664,6089.02002,355.623474,0.779381037,263.135712,4131622.0,6996361.5
sens_fault_high,2851.0,9474094.0,13538456.0,1373603580.0,338.336792,2295.99585,6322.05127,352.399567,0.782896698,261.297821,4135161.0,7009047.5
sens_fault_high,2861.0,9493543.0,13597438.0,1376369020.0,339.02594,1944.87744,5898.19043,343.33017,0.788355947,261.829468,4138594.25,7021836.0
sens_fault_high,2871.0,9509659.0,13658531.0,1378565890.0,341.751373,1602.00464,6122.65967,342.852722,0.794287145,261.998505,4142054.5,7035027.5
sens_fault_high,2881.0,9532646.0,13728840.0,1381624320.0,344.022095,2266.66821,7077.96387,342.192047,0.800248265,261.789215,4145511.0,7048686.0
sens_fault_high,2891.0,9558389.0,13797215.0,1385140860.0,340.081207,2574.28296,6837.45264,319.244598,0.803438187,263.005219,4148703.5,7061735.0
sens_fault_high,2901.0,9581413.0,13863408.0,1388283780.0,344.003204,2282.28906,6646.5752,288.422302,0.809375346,269.270508,4151606.25,7073954.0
sens_fault_high,2911.0,9601040.0,13932150.0,1390885250.0,342.000244,1962.77356,6874.1709,314.464722,0.811600447,264.025085,4154751.0,7087500.5
sens_fault_high,2921.0,9618822.0,13998699.0,1393242500.0,341.332611,1769.08228,6667.89111,288.926514,0.814828038,265.587158,4157649.75,7100200.0
sens_fault_high,2931.0,9637181.0,14063900.0,1395738500.0,344.063019,1835.88867,6520.08447,271.265472,0.819721103,269.548157,4160362.5,7112534.5
sens_fault_high,2941.0,9658746.0,14136733.0,1398690050.0,344.117767,2141.7229,7304.20947,294.628754,0.823968828,265.636627,4163326.5,7126299.5
sens_fault_high,2951.0,9676556.0,14205736.0,1401075710.0,342.229279,1780.93823,6900.24268,270.974701,0.826129138,267.101501,4166036.25,7139174.5
sens_fault_high,2961.0,9693734.0,14273585.0,1403370750.0,341.69046,1707.86304,6799.19971,260.810608,0.82829386,267.525787,4168652.25,7151744.0
sens_fault_high,2971.0,9715330.0,14342327.0,1406350590.0,340.190979,2140.91895,6900.48926,247.121506,0.830296814,268.395264,4171128.5,7163827.5
sens_fault_high,2981.0,9734696.0,14412477.0,1409006980.0,347.970123,1900.0293,7065.22607,240.910187,0.837653458,273.167816,4173572.0,7176207.0
sens_fault_high,2991.0,9750633.0,14486580.0,1411137540.0,348.2677,1584.2323,7423.05469,257.926178,0.840947509,270.818634,4176167.75,7189820.0
sens_fault_high,3001.0,9766108.0,14557544.0,1413224580.0,347.832214,1547.48157,7096.43799,244.098969,0.843524039,272.371674,4178608.75,7202979.0
sens_fault_high,3011.0,9785650.0,14629627.0,1415942530.0,345.797516,1954.19263,7208.27637,233.189087,0.84544605,272.819122,4180940.5,7215735.0
sens_fault_high,3021.0,9803192.0,14697524.0,1418379140.0,344.773071,1749.51294,6795.86035,221.520477,0.84739399,274.360321,4183161.25,7228027.5
sens_fault_high,3031.0,9814276.0,14762236.0,1419904130.0,346.204315,1108.91418,6469.86865,217.643066,0.851172507,275.541077,4185349.5,7240457.5
sens_fault_high,3041.0,9825177.0,14824539.0,1421398910.0,346.739502,1085.74707,6235.11816,213.250671,0.853465319,276.932648,4187490.5,7252865.5
sens_fault_high,3051.0,9838577.0,14892662.0,1423207300.0,348.065643,1320.14282,6840.38574,199.652939,0.855683088,279.878235,4189494.25,7264693.0
sens_fault_high,3061.0,9851547.0,14961782.0,1424962050.0,348.840637,1296.98169,6911.99316,193.721909,0.857859552,281.526337,4191431.25,7276384.5
sens_fault_high,3071.0,9864017.0,15029513.0,1426654340.0,349.585571,1248.68542,6770.69043,187.989212,0.859812021,283.130951,4193317.25,7287905.5
sens_fault_high,3081.0,9875923.0,15096925.0,1428272770.0,350.811035,1190.59888,6741.17432,186.349487,0.862055421,284.197601,4195180.5,7299551.0
sens_fault_high,3091.0,9887790.0,15163872.0,1429884030.0,351.055084,1179.64795,6704.40088,172.757645,0.863204181,286.965515,4196911.0,7310448.0
sens_fault_high,3101.0,9900593.0,15233624.0,1431615230.0,351.466583,1272.31348,6987.146,186.897156,0.865592003,283.958679,4198792.0,7322467.0
sens_fault_high,3111.0,9913020.0,15303133.0,1433290750.0,351.884888,1242.65015,6950.89551,183.128616,0.867834806,284.466034,4200623.0,7334492.0
sens_fault_high,3121.0,9922987.0,15357685.0,1434627840.0,351.526062,996.779785,5455.19678,141.442383,0.866375983,293.772278,4202037.5,7343662.5
sens_fault_high,3131.0,9931593.0,15394442.0,1435787140.0,353.805359,860.605042,3675.70361,139.128677,0.865179002,299.975281,4203429.0,7352590.5
sens_fault_high,3141.0,9941060.0,15433555.0,1437058690.0,352.125244,946.669495,3911.27368,147.777832,0.864468157,298.27832,4204906.5,7362016.5
sens_fault_high,3151.0,9949742.0,15468900.0,1438217340.0,353.66214,864.948975,3538.82788,96.3150711,0.857625008,310.128113,4205861.5,7367830.5
sens_fault_high,3161.0,9957482.0,15499850.0,1439233920.0,354.754547,773.999084,3094.96069,-0.0,0.0,328.789673,4205861.5,7367830.5
sens_fault_high,3171.0,9965529.0,15526498.0,1440289540.0,349.925293,804.710205,2664.82178,-0.0,0.0,326.982513,4205861.5,7367830.5
sens_fault_high,3181.0,9974015.0,15552764.0,1441398140.0,341.87207,848.587463,2626.61353,-0.0,0.0,320.62854,4205861.5,7367830.5
sens_fault_high,3186.0,9978320.0,15565812.0,1441961600.0,337.966003,860.965393,2609.61914,-0.0,0.0,316.964447,4205861.5,7367830.5
sens_fault_high,3197.0,9978320.0,15565812.0,1441961600.0,340.302277,0.0,0.0,-0.0,0.0,318.638397,4205861.5,7367830.5
sens_f12perm_low,11.0,0.0,0.0,0.0,329.595062,0.0,0.0,-0.0,0.0,312.159607,0.0,0.0
sens_f12perm_low,21.0,0.0,0.0,0.0,329.598969,0.0,0.0,-0.0,0.0,312.178497,0.0,0.0
sens_f12perm_low,31.0,0.0,0.0,0.0,329.603424,0.0,0.0,-0.0,0.0,312.191437,0.0,0.0
sens_f12perm_low,41.0,0.0,0.0,0.0,329.608093,0.0,0.0,-0.0,0.0,312.20163,0.0,0.0
sens_f12perm_low,51.0,19273.6582,0.0571725667,3054167.75,325.219452,1927.36584,0.00571725657,1927.36584,2.96634903e-06,301.25769,19273.6582,0.0571725667
sens_f12perm_low,57.0,30848.252,0.100624181,4883382.5,322.652466,1929.09888,0.00724193593,1929.09888,3.75403692e-06,298.382111,30848.252,0.100624181
sens_f12perm_low,61.0,42042.6719,0.156966656,6648897.5,320.191406,2798.60474,0.0140856188,2798.60474,5.03306092e-06,293.466461,42042.6719,0.156966656
sens_f12perm_low,71.0,70448.8516,0.347192854,11110479.0,314.256531,2840.61816,0.0190226175,2840.61816,6.69660267e-06,287.116425,70448.8516,0.347192854
sens_f12perm_low,81.0,100250.633,0.595988333,15773803.0,308.310242,2980.17798,0.0248795506,2980.17798,8.3482737e-06,280.714172,100250.633,0.595988333
sens_f12perm_low,91.0,120901.469,0.774319351,18997658.0,304.606598,2065.08398,0.0178331025,2065.08398,8.63545847e-06,279.533081,120901.469,0.774319351
sens_f12perm_low,101.0,150213.5,1.08434534,23560302.0,299.124847,2931.20288,0.0310025942,2931.20288,1.05766367e-05,271.770233,150213.5,1.08434534
sens_f12perm_low,111.0,172370.234,1.32846677,27002454.0,295.305878,2215.67334,0.0244121514,2215.67334,1.10178162e-05,269.893555,172370.234,1.32846677
sens_f12perm_low,121.0,194729.125,1.57355261,30468504.0,294.749817,2235.88989,0.0245085824,2235.88989,1.09613247e-05,269.856354,194729.125,1.57355261
sens_f12perm_low,131.0,226211.516,1.90165389,35336404.0,298.781403,3149.43066,0.0317145623,3149.43066,1.00698335e-05,273.019196,226211.516,1.90165389
sens_f12perm_low,141.0,268797.781,2.33360696,41892088.0,300.664185,4258.62744,0.0431953073,4258.62744,1.01429086e-05,272.498138,268797.781,2.33360696
sens_f12perm_low,151.0,318926.0,2.86162949,49584056.0,301.031647,5012.82227,0.0528022498,5012.82227,1.05333265e-05,270.830383,318926.0,2.86162949
sens_f12perm_low,161.0,357095.812,3.23622799,55429516.0,300.951691,3816.97949,0.0374598503,3816.97949,9.81390713e-06,273.672577,357095.812,3.23622799
sens_f12perm_low,166.0,381940.688,3.50149918,59230400.0,300.479706,4968.97607,0.0530542284,4968.97607,1.06769812e-05,270.112762,381940.688,3.50149918
sens_f12perm_low,171.0,406795.312,3.77114487,63029268.0,300.011566,4970.92529,0.0539291538,4970.92529,1.08487984e-05,269.39035,406795.312,3.77114487
sens_f12perm_low,181.0,456136.938,4.29001617,70558488.0,300.789917,4934.16162,0.0518871099,4934.16162,1.05157815e-05,270.426666,456136.938,4.29001617
sens_f12perm_low,191.0,505018.344,4.7657609,78006912.0,302.814301,4888.14209,0.0475744754,4888.14209,9.73253464e-06,273.055023,505018.344,4.7657609
sens_f12perm_low,192.0,509907.281,4.81143332,78761552.0,302.37616,4888.91504,0.0456725657,3540.48413,9.06629157e-06,275.780273,508558.844,4.79786015
sens_f12perm_low,201.0,553901.75,5.26434135,85553928.0,298.518494,4888.16016,0.0516097322,3541.65918,1.02729691e-05,271.064117,540431.688,5.11677217
sens_f12perm_low,211.0,611772.812,5.8648572,94572232.0,299.202148,5787.10791,0.0600516014,3127.87158,9.62792001e-06,273.370392,571710.375,5.41792393
sens_f12perm_low,221.0,660697.688,6.34720135,102212232.0,299.510651,4892.48975,0.0482343994,2378.05811,8.91754735e-06,275.884766,595490.938,5.6299901
sens_f12perm_low,231.0,735897.438,7.23687935,113901432.0,294.899353,7519.96973,0.0889678374,4138.23926,1.13375045e-05,266.110413,636873.375,6.09916878
sens_f12perm_low,241.0,781920.312,7.71110821,120982672.0,296.861755,4602.28809,0.0474228598,3212.19727,1.00138132e-05,270.939972,668995.312,6.42083502
sens_f12perm_low,251.0,802474.812,7.89163303,124172296.0,300.042419,2055.45288,0.0180524737,1034.41895,7.69986673e-06,279.638977,679339.5,6.50048494
sens_f12perm_low,261.0,865910.188,8.66755962,134052496.0,292.088379,6343.53564,0.0775926411,2737.51367,1.11930985e-05,265.905304,706714.688,6.80690098
sens_f12perm_low,271.0,945262.375,9.91995049,146141856.0,282.869354,7935.22021,0.125239119,3193.48975,1.39579743e-05,254.907959,738649.562,7.2526536
sens_f12perm_low,281.0,1024194.06,11.2359972,158094784.0,280.352722,7893.1709,0.131604731,3146.60815,1.43843718e-05,253.106491,770115.625,7.70527983
sens_f12perm_low,291.0,1092149.75,12.3191662,168408880.0,280.663788,6795.57178,0.108316816,2722.19385,1.3785706e-05,255.277618,797337.562,8.08055878
sens_f12perm_low,301.0,1166429.62,13.4433613,179737152.0,283.829315,7427.98682,0.112419546,3041.31689,1.31990255e-05,257.180176,827750.75,8.48198795
sens_f12perm_low,311.0,1248011.12,14.6436796,192172112.0,284.991394,8158.14209,0.120031804,3904.89746,1.34143711e-05,255.834442,866799.75,9.00581264
sens_f12perm_low,321.0,1331330.0,15.7905035,204854528.0,287.663025,8331.89062,0.114682391,5020.5498,1.33535777e-05,255.452637,917005.25,9.67624474
sens_f12perm_low,331.0,1414137.88,16.8661976,217462032.0,289.635162,8280.79102,0.107569441,4935.44727,1.26585446e-05,257.778076,966359.688,10.3010082
sens_f12perm_low,341.0,1495819.12,17.8019505,229900000.0,296.801727,8168.14502,0.0894462988,4918.91895,1.06914822e-05,264.745514,1015539.81,10.8508215
sens_f12perm_low,351.0,1583206.38,18.6537437,243146560.0,301.670837,8738.72168,0.0851793513,5194.48486,9.45853935e-06,268.709595,1067484.62,11.3421478
sens_f12perm_low,354.0,1609817.38,18.9037533,247164288.0,303.291199,8870.33594,0.0833364427,5415.82666,9.14157044e-06,269.644348,1083732.12,11.4906769
sens_f12perm_low,355.0,1618690.75,18.985857,248503056.0,303.830841,8873.3291,0.0821044147,5415.98047,8.99550378e-06,270.136932,1089148.12,11.5393972
sens_f12perm_low,361.0,1671976.62,19.4446373,256526960.0,307.042664,8883.69434,0.0745760798,5415.91846,8.11763584e-06,273.216675,1121643.75,11.8103447
sens_f12perm_low,371.0,1759875.88,20.1038895,269706112.0,311.506134,8793.06738,0.0633419007,5520.70654,6.96209008e-06,277.105164,1176853.75,12.2112665
sens_f12perm_low,381.0,1846835.88,20.622879,282698272.0,316.127136,8696.00391,0.051899083,5432.70605,5.68140649e-06,281.730316,1231180.75,12.5199223
sens_f12perm_low,391.0,1934074.12,21.0348835,295737312.0,321.535217,8723.82324,0.0412004516,4321.19238,3.90062269e-06,290.066284,1274392.75,12.6884766
sens_f12perm_low,401.0,2016880.88,21.3626709,308060832.0,324.499908,8280.67969,0.0327787548,4610.71729,3.45280341e-06,292.208191,1320499.88,12.8476753
sens_f12perm_low,411.0,2098070.25,21.6288528,320117504.0,328.332001,8118.9458,0.0266180895,4223.84668,2.70182841e-06,296.922974,1362738.38,12.9617968
sens_f12perm_low,421.0,2183302.75,21.8524151,332737440.0,333.779602,8523.24512,0.0223563276,4250.45996,1.98772523e-06,301.892731,1405243.0,13.0462847
sens_f12perm_low,429.0,2249036.75,22.004509,342442560.0,337.93161,8216.74023,0.0190116223,4162.46484,2.01224111e-06,306.089569,1438542.62,13.1132917
sens_f12perm_low,431.0,2265475.5,22.042532,344868288.0,338.9711,8219.3457,0.019011341,4163.23096,2.10280791e-06,307.070312,1446869.12,13.1308012
sens_f12perm_low,441.0,2330662.75,2510.1355,354454336.0,328.999695,6511.7002,253.249023,3456.09863,5.35149275e-06,297.995483,1481436.0,13.2813768
sens_f12perm_low,451.0,2403168.5,2511.00903,365296032.0,310.687561,7250.58496,0.0873649642,3096.76855,1.2918691e-05,280.737152,1512403.75,13.6814442
sens_f12perm_low,461.0,2447091.0,2511.63989,371816864.0,308.920074,4392.25293,0.0630897656,2454.03906,1.6270591e-05,280.739471,1536944.12,14.0807371
sens_f12perm_low,471.0,2517448.0,2513.99829,382269696.0,299.405945,7035.69531,0.235828608,5194.31055,3.98733064e-05,262.991455,1588887.25,16.1519623
sens_f12perm_low,481.0,2592548.25,2518.32739,393410464.0,292.2146,7510.0083,0.432904899,4815.17969,7.75602311e-05,256.32309,1637039.0,19.8869171
sens_f12perm_low,491.0,2671014.0,2526.302,404995808.0,291.365082,7846.58496,0.797479033,4264.72266,0.000125642458,256.866669,1679686.25,25.2458935
sens_f12perm_low,501.0,2746722.0,2623.9314,416147424.0,296.264404,7570.79541,9.7629261,4054.82178,0.000204047479,262.889404,1720234.5,33.5213432
sens_f12perm_low,511.0,2835531.5,3188.09814,429230304.0,301.562164,8880.96484,56.4166832,4845.76416,0.000534847612,265.958862,1768692.12,59.4526634
sens_f12perm_low,521.0,2924131.75,4182.12598,442281888.0,302.339355,8860.01465,99.4027939,5180.46045,0.00130521983,265.542389,1820496.75,127.157425
sens_f12perm_low,531.0,3004232.25,5272.92822,454110528.0,294.952301,8010.04395,109.080208,4793.15332,0.00231705373,258.774414,1868428.25,238.475296
sens_f12perm_low,541.0,3078454.0,6489.7251,465067008.0,290.374786,7422.1748,121.679688,4416.80664,0.0033980445,254.761963,1912596.25,389.072083
sens_f12perm_low,551.0,3140384.75,20427.1914,474021920.0,290.037201,6193.07617,1393.74658,2848.96484,0.00310923858,257.919739,1941086.0,477.929474
sens_f12perm_low,561.0,3200971.25,29865.1309,482850432.0,289.839111,6054.71631,950.065613,3281.35327,0.00327860611,256.705994,1973901.5,584.342896
sens_f12perm_low,571.0,3258551.25,35282.7109,491273760.0,296.530396,5758.00586,541.758057,3404.81958,0.00382455857,264.4776,2007949.75,715.062134
sens_f12perm_low,581.0,3316063.5,37509.2344,499671232.0,307.818726,5751.21924,222.652359,3528.28857,0.00504194293,276.086578,2043232.62,893.85791
sens_f12perm_low,591.0,3383748.5,40585.6836,509601312.0,305.500366,6768.49854,307.644836,3375.42944,0.006631203,274.306213,2076986.88,1119.18372
sens_f12perm_low,601.0,3474419.75,45519.0469,522925696.0,305.657928,9038.85938,534.223022,4720.37109,0.0117060225,267.287964,2124238.75,1607.50562
sens_f12perm_low,611.0,3535172.0,51030.7305,531827488.0,310.435181,6075.21338,551.16864,2593.65332,0.0151468134,281.02655,2150175.25,2006.40344
sens_f12perm_low,621.0,3584155.0,55971.0781,538995264.0,314.860291,4898.31689,494.03476,2582.22485,0.018736057,285.935547,2175997.5,2499.44824
sens_f12perm_low,631.0,3671943.25,66098.2344,551904576.0,317.061768,8778.81445,1012.71533,4219.69092,0.0310514625,279.37265,2218194.25,3851.71387
sens_f12perm_low,641.0,3713731.25,71695.8125,558026752.0,318.443085,4178.81299,559.757751,2312.28394,0.0358332694,289.707306,2241317.25,4711.07471
sens_f12perm_low,651.0,3790834.0,82526.0078,569370688.0,320.186493,7710.27881,1083.01978,4452.70654,0.057546813,278.784332,2285844.25,7429.92676
sens_f12perm_low,661.0,3859961.25,94243.3125,579548544.0,317.9328,6912.70996,1171.73022,3796.35547,0.0839656889,277.467896,2323807.75,10909.748
sens_f12perm_low,671.0,3925738.5,108270.305,589225280.0,320.55307,6577.72803,1402.69922,3522.95288,0.117914304,279.682922,2359037.25,15619.1152
sens_f12perm_low,681.0,3999636.75,127155.984,600111232.0,320.277283,7389.81445,1888.56848,3992.99219,0.160653114,273.882721,2398967.25,23261.8027
sens_f12perm_low,691.0,4073562.25,149920.938,611003968.0,320.18338,7392.57324,2276.49463,3984.26025,0.200422421,271.130188,2438809.75,33248.7656
sens_f12perm_low,701.0,4144636.75,177760.531,621460736.0,321.205994,7107.42676,2783.95972,4051.15479,0.234160602,269.008392,2479321.5,45635.4453
sens_f12perm_low,711.0,4221865.0,217218.328,632802560.0,321.292847,7722.82959,3945.77905,4452.21582,0.266122311,262.537109,2523843.5,61780.2891
sens_f12perm_low,721.0,4290354.5,254281.984,642859520.0,318.543427,6848.94775,3706.36572,3864.27222,0.290774524,262.959961,2562486.25,77623.375
sens_f12perm_low,731.0,4363514.5,292555.719,653620608.0,316.738739,7316.01514,3827.37402,4160.35693,0.324408889,256.272949,2604089.75,97600.7969
sens_f12perm_low,741.0,4431618.5,333073.906,663623232.0,316.028717,6810.39941,4051.81812,3980.8313,0.351741761,254.821182,2643898.25,119200.594
sens_f12perm_low,751.0,4498363.0,378035.156,673412480.0,317.300537,6674.4248,4496.12549,3825.91382,0.382108778,255.415359,2682157.25,142860.344
sens_f12perm_low,761.0,4559905.0,425132.812,682421120.0,319.77179,6154.19629,4709.76709,3549.16138,0.410225391,258.650269,2717649.0,167547.0
sens_f12perm_low,771.0,4619895.5,476055.219,691195072.0,322.04892,5999.05078,5092.24072,3457.38477,0.439640999,259.92746,2752222.75,194672.609
sens_f12perm_low,781.0,4669770.0,521701.031,698477696.0,323.077881,4987.45117,4564.58057,2844.59668,0.457303405,267.021698,2780668.75,218642.609
sens_f12perm_low,791.0,4716466.5,567081.812,705289344.0,324.892334,4669.66064,4538.07471,2704.27319,0.471639097,269.259247,2807711.5,242782.188
sens_f12perm_low,801.0,4751981.5,599253.938,710479168.0,318.287811,3551.51855,3217.21558,2109.58643,0.464561284,270.800507,2828807.25,261085.547
sens_f12perm_low,811.0,4806284.0,648063.125,718434112.0,315.464203,5430.22852,4880.92139,2940.02148,0.480234921,254.981766,2858207.5,288249.75
sens_f12perm_low,821.0,4861027.0,702228.875,726440640.0,316.646515,5404.61279,5518.90332,2904.86719,0.505928755,254.587509,2887561.0,317552.188
sens_f12perm_low,831.0,4907392.5,756006.188,733193920.0,320.158752,4636.55225,5377.73145,2662.52271,0.526448846,260.364594,2914186.25,347151.562
sens_f12perm_low,841.0,4959062.0,809568.5,740759936.0,311.34903,5166.92383,5356.22803,2603.97119,0.537818253,252.56366,2940226.0,377452.688
sens_f12perm_low,851.0,5004481.5,860572.25,747385600.0,314.091431,4541.98389,5100.37402,2089.9729,0.554531813,260.986481,2961125.75,403469.281
sens_f12perm_low,861.0,5053252.5,918640.188,754484992.0,318.463501,4877.07227,5806.79639,2017.5304,0.574667096,265.258179,2981301.0,430728.125
sens_f12perm_low,871.0,5099942.5,981805.0,761262336.0,323.919464,4669.00635,6316.47949,2151.82935,0.597732127,266.8508,3002819.25,462702.281
sens_f12perm_low,881.0,5144674.5,1046411.75,767744320.0,328.950684,4473.21777,6460.67725,1989.04651,0.617538989,273.368988,3022709.75,494818.344
sens_f12perm_low,891.0,5185496.5,1109253.5,773649024.0,333.26178,4082.17993,6284.17969,1814.61841,0.632448137,279.817688,3040856.0,526042.562
sens_f12perm_low,901.0,5229543.5,1177216.88,780029824.0,333.797058,4404.71582,6796.33057,1886.35828,0.646352768,277.192993,3059719.5,560519.062
sens_f12perm_low,911.0,5272184.0,1244848.12,786208512.0,333.382111,4264.02588,6763.13135,1817.73071,0.657591641,276.26944,3077896.75,595428.438
sens_f12perm_low,921.0,5312362.0,1314212.75,792027648.0,333.396027,4017.79492,6936.45361,1950.05676,0.668959975,271.417297,3097397.25,634834.812
sens_f12perm_low,931.0,5351654.0,1380144.25,797716288.0,334.103241,3929.2417,6593.15869,1585.7677,0.677614391,278.934998,3113255.0,668165.688
sens_f12perm_low,941.0,5392020.5,1448675.38,803564800.0,333.792175,4036.65112,6853.11133,1582.849,0.687593699,277.861145,3129083.5,703003.562
sens_f12perm_low,951.0,5430615.5,1517185.75,809153664.0,333.828705,3859.48901,6851.0376,1540.89929,0.696972311,277.648193,3144492.5,738444.688
sens_f12perm_low,961.0,5461584.5,1575133.12,813624960.0,334.897247,3096.89502,5794.73096,1267.38513,0.699078918,284.766571,3157166.5,767887.688
sens_f12perm_low,971.0,5461584.5,1575133.12,813624960.0,335.379852,0.0,0.0,-0.0,0.0,318.029785,3157166.5,767887.688
sens_f12perm_low,981.0,5491206.0,1622463.25,817892032.0,335.28653,2936.89624,4766.10645,1268.85266,0.666464984,286.668243,3170485.75,792337.0
sens_f12perm_low,982.0,5494311.0,1628132.88,818340928.0,335.406555,3104.93164,5669.57275,1849.79346,0.67216593,275.192963,3172335.75,796129.688
sens_f12perm_low,991.0,5520789.5,1681275.88,822162880.0,336.309082,2907.88965,5954.18799,1714.05237,0.699384809,273.646576,3187962.75,831731.062
sens_f12perm_low,994.0,5529634.0,1696945.12,823438336.0,335.536896,2948.08496,5223.08105,1199.03857,0.699373066,284.498138,3191559.75,840099.312
sens_f12perm_low,998.0,5542403.0,1716380.12,825296192.0,334.51004,3192.35156,4858.74658,1201.24268,0.698760986,284.101227,3196364.75,851245.062
sens_f12perm_low,1001.0,5551860.0,1731136.88,826670080.0,333.746521,3152.21411,4918.9126,1164.25745,0.709443927,276.76004,3199857.5,859773.25
sens_f12perm_low,1011.0,5591283.0,1793979.25,832405056.0,336.943542,3871.33691,6386.76416,1200.81787,0.738237202,276.225037,3212064.5,893356.812
sens_f12perm_low,1021.0,5630210.0,1863298.25,838067264.0,336.593994,3892.70288,6931.89893,1274.25085,0.748911381,272.134369,3224807.0,931363.375
sens_f12perm_low,1031.0,5668689.5,1935909.62,843665728.0,336.579803,3847.93628,7261.1377,1289.70691,0.756628633,270.372803,3237704.0,971459.688
sens_f12perm_low,1041.0,5706768.0,2008301.0,849212288.0,333.064758,3807.8645,7239.146,1285.81616,0.755549371,265.587952,3250562.25,1011201.75
sens_f12perm_low,1051.0,5738478.5,2073878.38,853820288.0,333.907043,3171.03931,6557.73438,1164.15063,0.755964816,271.246826,3262203.75,1047264.44
sens_f12perm_low,1061.0,5772834.5,2142813.75,858820288.0,331.860626,3435.61938,6893.52393,1211.97314,0.757409871,267.174561,3274323.5,1085104.38
sens_f12perm_low,1071.0,5807576.0,2219065.25,863868672.0,335.426361,3474.12549,7625.15967,1268.66956,0.76695025,267.517242,3287010.25,1126855.38
sens_f12perm_low,1081.0,5841160.0,2293648.0,868748864.0,334.950195,3358.39648,7458.27979,1181.72961,0.771704912,269.505035,3298827.5,1166801.38
sens_f12perm_low,1091.0,5874576.0,2369857.0,873604160.0,335.041534,3341.62109,7620.89453,1167.93579,0.77777648,269.065552,3310506.75,1207678.88
sens_f12perm_low,1101.0,5906897.0,2445675.5,878298368.0,335.048492,3232.09277,7581.86426,1121.02075,0.783272386,269.841553,3321717.0,1248193.5
sens_f12perm_low,1111.0,5938684.0,2524056.0,882912704.0,334.953735,3178.69824,7838.0332,1151.146,0.789337635,266.920044,3333228.5,1291326.12
sens_f12perm_low,1121.0,5970301.5,2602863.5,887502080.0,334.654755,3161.76514,7880.76025,1107.40771,0.795407951,267.520142,3344302.5,1334379.62
sens_f12perm_low,1131.0,5993340.5,2663401.25,890835520.0,335.200134,2330.37061,6015.57324,839.702209,0.791638494,280.30304,3352663.5,1366334.38
sens_f12perm_low,1141.0,6019727.0,2724679.5,894667456.0,328.956238,2638.66553,6127.80859,924.407471,0.789787829,269.243042,3361907.5,1401065.38
sens_f12perm_low,1151.0,6046810.5,2792697.0,898590336.0,333.764923,2708.31323,6801.76074,928.653381,0.797760487,273.207825,3371194.25,1437697.25
sens_f12perm_low,1161.0,6076566.5,2867612.5,902901504.0,335.622589,2946.13257,7534.12598,949.670776,0.805889666,273.455841,3380775.5,1477004.0
sens_f12perm_low,1171.0,6106334.5,2944684.75,907213952.0,335.422729,2976.81299,7707.23633,937.655151,0.811262846,272.944275,3390152.0,1517307.88
sens_f12perm_low,1181.0,6134540.0,3021510.5,911296832.0,335.797729,2820.56201,7682.5708,926.34436,0.816081047,272.781006,3399415.5,1558411.5
sens_f12perm_low,1191.0,6163998.5,3101893.0,915562816.0,335.560364,2945.8252,8038.23682,934.556274,0.820580542,270.939056,3408761.0,1601153.62
sens_f12perm_low,1201.0,6193113.5,3183510.25,919777664.0,335.509308,2911.4978,8161.7207,922.806763,0.824627995,270.413483,3417989.0,1644545.5
sens_f12perm_low,1211.0,6221597.0,3266448.0,923899072.0,335.484863,2848.3645,8293.78223,926.72345,0.828761756,269.33078,3427256.25,1689397.25
sens_f12perm_low,1221.0,6249765.5,3349352.25,927974080.0,335.309174,2816.83008,8290.43652,896.906128,0.832135141,269.953949,3436225.25,1733858.5
sens_f12perm_low,1231.0,6277699.5,3431522.75,932014848.0,335.033905,2793.40088,8217.03906,855.177002,0.83468467,271.25473,3444777.25,1777036.75
sens_f12perm_low,1241.0,6305297.5,3514304.75,936006208.0,334.506378,2759.83618,8278.21094,852.966003,0.837513506,270.184998,3453306.75,1821001.62
sens_f12perm_low,1251.0,6331315.5,3595317.25,939765312.0,334.945679,2601.79077,8101.23486,818.678955,0.840189993,271.790192,3461493.5,1864043.12
sens_f12perm_low,1261.0,6358448.5,3679146.0,943687232.0,334.536102,2713.27124,8382.87598,822.987061,0.843450725,270.53421,3469723.5,1908383.75
sens_f12perm_low,1271.0,6374881.0,3734604.5,946050880.0,334.46698,1690.5946,5477.47412,557.843201,0.834639311,286.249054,3475217.0,1936661.62
sens_f12perm_low,1281.0,6377696.5,3747417.25,946447040.0,335.497253,306.435638,1245.75671,151.87825,0.774337113,309.489502,3476614.75,1942046.0
sens_f12perm_low,1291.0,6386766.0,3770396.5,947746368.0,335.968292,906.942322,2297.91992,297.491425,0.7722103,303.937042,3479589.75,1952131.0
sens_f12perm_low,1301.0,6395189.0,3791148.75,948953088.0,336.899414,857.741882,2053.11353,297.006989,0.761859775,305.095245,3482522.0,1961686.75
sens_f12perm_low,1311.0,6405089.5,3812845.25,950373056.0,337.210938,990.09259,2169.65015,314.94809,0.756890476,304.719971,3485671.5,1971492.25
sens_f12perm_low,1321.0,6433300.5,3877479.25,954445568.0,337.098663,2821.08301,6463.40674,799.302551,0.811084867,280.292511,3493664.5,2005809.38
sens_f12perm_low,1331.0,6463026.0,3957016.75,958736320.0,336.698883,2972.54663,7953.74512,878.468628,0.835575581,271.002686,3502449.0,2050451.62
sens_f12perm_low,1341.0,6490937.0,4036078.5,962763200.0,335.957245,2791.08154,7906.17676,782.168396,0.84597224,273.128021,3510270.75,2093410.88
sens_f12perm_low,1351.0,6519253.5,4117621.75,966849408.0,335.254456,2831.64673,8154.32031,738.815613,0.85239464,273.603699,3517659.0,2136076.25
sens_f12perm_low,1361.0,6547223.5,4199532.0,970884864.0,334.572571,2776.88867,8219.95312,695.410034,0.856193721,274.18396,3524650.0,2177426.5
sens_f12perm_low,1371.0,6574035.5,4280851.0,974751360.0,334.149323,2681.19922,8131.9043,657.119812,0.859302878,275.940552,3531221.25,2217559.75
sens_f12perm_low,1381.0,6596573.5,4356216.5,977994880.0,334.50351,2250.10229,7541.71045,627.309814,0.86118722,277.558197,3537521.75,2256438.25
sens_f12perm_low,1391.0,6603744.5,4386520.5,979012416.0,334.957916,768.177063,2956.59619,275.507629,0.837716043,300.843658,3540186.25,2270789.75
sens_f12perm_low,1401.0,6603744.5,4386520.5,979012416.0,335.94751,0.0,0.0,-0.0,0.0,317.150116,3540186.25,2270789.75
sens_f12perm_low,1411.0,6618707.0,4428615.0,981154624.0,335.887543,1503.52136,4197.99707,498.046021,0.817470133,290.966522,3545500.5,2292617.75
sens_f12perm_low,1421.0,6644739.0,4502195.5,984900672.0,335.356689,2603.16553,7358.03369,734.782349,0.847202837,274.220184,3552848.5,2333358.75
sens_f12perm_low,1431.0,6657148.0,4542596.5,986674496.0,335.75,1270.59961,3997.23853,396.735474,0.84069258,294.08963,3556763.25,2354370.0
sens_f12perm_low,1441.0,6666364.0,4568356.0,987990336.0,336.04071,954.010498,2529.39893,244.69458,0.815981567,303.869781,3559122.75,2365345.25
sens_f12perm_low,1451.0,6689168.5,4628683.0,991269440.0,335.860535,2280.44922,6032.6875,586.872314,0.843331158,283.942291,3564991.5,2396936.0
sens_f12perm_low,1461.0,6705507.5,4676297.5,993611200.0,336.04129,1633.75513,4761.58936,443.560577,0.846384883,291.180634,3569446.0,2421348.0
sens_f12perm_low,1471.0,6713276.0,4701296.5,994717376.0,336.105011,809.483032,2452.84668,263.364838,0.826920211,302.372803,3572018.5,2434018.0
sens_f12perm_low,1481.0,6728697.5,4742515.0,996928896.0,335.206848,1542.14233,4121.82178,428.52417,0.83646667,291.639069,3576303.75,2455936.75
sens_f12perm_low,1491.0,6748458.0,4799807.0,999762688.0,336.560303,1976.05933,5729.21338,547.773132,0.85250473,284.891052,3581781.5,2487597.5
sens_f12perm_low,1501.0,6767159.5,4864243.5,1002455170.0,336.971832,1870.18945,6443.62939,742.092773,0.867279351,270.550079,3589202.5,2536090.5
sens_f12perm_low,1511.0,6787691.5,4934627.0,1005416320.0,336.95871,2026.21265,7076.95654,730.788879,0.875216544,268.764252,3596597.75,2587222.0
sens_f12perm_low,1521.0,6807176.0,5004571.0,1008224640.0,336.548889,1948.4231,6994.39893,688.253296,0.878440857,270.356262,3603480.25,2636958.25
sens_f12perm_low,1531.0,6826544.5,5075357.0,1011015100.0,336.060852,1936.87183,7078.62793,673.224976,0.880829453,270.319153,3610212.5,2686718.5
sens_f12perm_low,1541.0,6845238.5,5145180.5,1013706560.0,335.39917,1869.39294,6982.35303,650.220215,0.882269025,270.612793,3616714.75,2735445.75
sens_f12perm_low,1551.0,6860269.5,5211760.0,1015864700.0,335.593445,1503.08179,6657.96094,655.059143,0.883165717,269.812653,3623265.25,2784962.5
sens_f12perm_low,1561.0,6880102.0,5284503.5,1018718140.0,335.088898,1983.28088,7274.33008,640.637268,0.885066867,270.006897,3629671.75,2834296.0
sens_f12perm_low,1571.0,6899351.5,5357997.5,1021485950.0,334.722076,1924.94812,7349.38086,634.697449,0.8871032,269.488556,3636018.75,2884168.25
sens_f12perm_low,1581.0,6918244.0,5430299.5,1024201340.0,334.174988,1889.23389,7230.24316,603.912354,0.888706625,270.693146,3642057.75,2932392.25
sens_f12perm_low,1591.0,6936965.0,5503059.5,1026891460.0,332.948181,1872.08728,7275.97559,602.447815,0.890059292,269.034149,3648082.25,2981165.5
sens_f12perm_low,1601.0,6956037.5,5577003.5,1029631360.0,332.943481,1907.27307,7394.37598,587.244995,0.892031729,269.644379,3653954.75,3029683.5
sens_f12perm_low,1611.0,6974247.5,5648439.0,1032245950.0,332.450073,1820.99329,7143.56543,554.110474,0.893260777,271.311707,3659495.75,3076054.75
sens_f12perm_low,1621.0,6992728.0,5721754.0,1034898940.0,331.695831,1848.06482,7331.5,563.010498,0.89468962,269.421082,3665126.0,3123886.75
sens_f12perm_low,1631.0,7010602.0,5795106.5,1037463230.0,331.308136,1787.40662,7335.2832,559.902588,0.896107733,268.770111,3670725.0,3172180.25
sens_f12perm_low,1641.0,7027510.5,5865465.0,1039887490.0,330.86264,1690.81421,7035.8418,531.426147,0.896775007,270.240112,3676039.25,3218348.5
sens_f12perm_low,1651.0,7045361.0,5937882.0,1042446720.0,330.498444,1785.03992,7241.68115,531.421753,0.897736192,269.50238,3681353.5,3265000.0
sens_f12perm_low,1661.0,7062708.0,6011363.0,1044932030.0,330.578308,1734.71777,7348.09912,537.790771,0.899177134,268.813751,3686731.5,3312962.25
sens_f12perm_low,1671.0,7080151.5,6085202.0,1047430660.0,329.326874,1744.33813,7383.90234,538.482544,0.899848759,267.054352,3692116.25,3361344.25
sens_f12perm_low,1681.0,7097193.5,6159606.5,1049869440.0,330.256073,1704.21741,7440.45459,529.85968,0.901260555,268.342957,3697414.75,3409708.25
sens_f12perm_low,1691.0,7107105.0,6206132.0,1051282940.0,330.476593,991.163452,4652.55127,342.764832,0.895854771,284.265686,3700842.5,3439192.75
sens_f12perm_low,1701.0,7107105.0,6206132.0,1051282940.0,331.472229,0.0,0.0,-0.0,0.0,311.439301,3700842.5,3439192.75
sens_f12perm_low,1711.0,7107105.0,6206132.0,1051282940.0,332.444733,0.0,0.0,-0.0,0.0,312.781738,3700842.5,3439192.75
sens_f12perm_low,1721.0,7107105.0,6206132.0,1051282940.0,333.777618,0.0,0.0,-0.0,0.0,314.317322,3700842.5,3439192.75
sens_f12perm_low,1731.0,7107105.0,6206132.0,1051282940.0,334.486084,0.0,0.0,-0.0,0.0,314.999084,3700842.5,3439192.75
sens_f12perm_low,1741.0,7122487.5,6246517.5,1053462720.0,334.698425,1473.97754,4127.57031,519.521606,0.837972641,286.588928,3707213.25,3464389.25
sens_f12perm_low,1751.0,7139977.0,6304143.0,1055954820.0,333.773621,1748.93774,5762.56689,571.544067,0.873973429,275.852966,3712928.75,3504024.75
sens_f12perm_low,1761.0,7152555.5,6351369.0,1057746370.0,331.646667,1257.86658,4722.56445,457.110596,0.880722106,278.475922,3717499.75,3537777.0
sens_f12perm_low,1771.0,7174735.5,6421137.5,1060915010.0,325.972137,2217.96753,6976.89014,594.0896,0.887871861,261.956238,3723440.75,3584819.0
sens_f12perm_low,1781.0,7194889.5,6493078.5,1063788930.0,331.192383,1949.93384,7287.82568,540.888,0.895958304,270.471527,3728946.25,3631261.5
sens_f12perm_low,1791.0,7213657.0,6567603.0,1066462080.0,331.282684,1876.73889,7452.42871,524.708557,0.900192201,270.961121,3734193.5,3678586.5
sens_f12perm_low,1801.0,7231814.0,6642407.5,1069046780.0,331.220856,1815.68445,7480.48096,507.141968,0.90302366,271.186188,3739264.75,3725810.5
sens_f12perm_low,1811.0,7247610.0,6709012.0,1071293060.0,331.035248,1579.58459,6660.46338,441.827698,0.903484106,275.996948,3743683.0,3767169.75
sens_f12perm_low,1821.0,7264424.0,6780179.0,1073683010.0,331.766144,1681.43738,7116.69189,459.880859,0.905307293,274.795319,3748282.0,3811136.75
sens_f12perm_low,1831.0,7282698.5,6855402.5,1076279420.0,331.081055,1827.45093,7522.34229,466.984772,0.907123983,272.908997,3752951.75,3856747.25
sens_f12perm_low,1841.0,7300548.0,6932398.0,1078813820.0,329.634247,1784.93896,7699.56152,484.470428,0.908615947,269.135712,3757796.5,3904917.25
sens_f12perm_low,1851.0,7317206.0,7007942.0,1081175810.0,331.555664,1665.81836,7554.38428,456.447906,0.910411656,273.195526,3762361.0,3951302.25
sens_f12perm_low,1861.0,7333422.5,7083505.0,1083473540.0,332.052307,1621.6377,7556.30566,450.001648,0.911669493,273.970184,3766861.0,3997747.5
sens_f12perm_low,1871.0,7349900.0,7160341.5,1085806460.0,332.30545,1647.73218,7683.6499,446.1521,0.91280508,273.969391,3771322.5,4044453.25
sens_f12perm_low,1881.0,7366036.0,7237538.0,1088089340.0,332.578705,1613.60986,7719.63232,442.995056,0.914011359,274.057159,3775752.5,4091541.0
sens_f12perm_low,1891.0,7382331.0,7315824.0,1090393090.0,332.601349,1629.49097,7828.5957,439.209961,0.915207148,273.942535,3780144.5,4138947.0
sens_f12perm_low,1901.0,7387858.0,7343929.5,1091170300.0,332.654297,587.210205,2761.26147,157.280258,0.897490025,301.215027,3781627.5,4152845.0
sens_f12perm_low,1911.0,7395288.5,7362513.5,1092215040.0,334.378357,743.059631,1858.42175,-0.0,0.0,316.122467,3781627.5,4152845.0
sens_f12perm_low,1921.0,7408451.5,7414638.5,1094074750.0,336.467865,1316.28601,5212.50049,365.710846,0.887879789,294.807495,3785284.5,4181805.75
sens_f12perm_low,1931.0,7415882.0,7446180.0,1095122050.0,338.196167,743.049744,3154.15894,208.167007,0.887906373,303.734406,3787366.25,4198295.0
sens_f12perm_low,1941.0,7434171.0,7527145.5,1097704580.0,338.162323,1828.90125,8096.51807,502.081085,0.909250081,276.249786,3792387.0,4248600.0
sens_f12perm_low,1951.0,7451475.0,7609026.5,1100144640.0,337.434784,1730.4198,8188.11523,459.967041,0.916202247,275.749084,3796986.75,4298890.5
sens_f12perm_low,1961.0,7468050.5,7692176.0,1102479620.0,337.542786,1657.54614,8314.93848,441.745941,0.919741452,276.309235,3801404.25,4349513.0
sens_f12perm_low,1971.0,7484592.5,7770634.0,1104808960.0,331.609772,1654.21448,7845.80859,417.846863,0.919367433,271.675018,3805582.75,4397156.0
sens_f12perm_low,1981.0,7499919.5,7853166.0,1106964860.0,336.028442,1532.68982,8253.20605,420.116486,0.922471941,275.796326,3809783.75,4447143.5
sens_f12perm_low,1991.0,7514974.5,7934478.0,1109081470.0,335.982788,1505.4707,8131.1748,396.891296,0.923700571,277.801483,3813752.75,4495192.5
sens_f12perm_low,2001.0,7528369.5,8009734.5,1110964220.0,336.424042,1339.51196,7525.66602,366.144653,0.923984587,281.066498,3817414.25,4539698.0
sens_f12perm_low,2011.0,7537301.5,8057541.0,1112217470.0,338.126617,893.208313,4780.62793,217.429398,0.91846931,298.617554,3819588.5,4564192.0
sens_f12perm_low,2021.0,7551514.5,8134899.0,1114215300.0,338.379364,1421.28076,7735.82812,384.048431,0.922736764,281.824524,3823429.0,4610058.0
sens_f12perm_low,2031.0,7563973.5,8209387.5,1115966460.0,339.360474,1245.90234,7448.85449,372.575775,0.925087035,282.824768,3827154.75,4656067.0
sens_f12perm_low,2041.0,7574270.0,8248165.5,1117372930.0,338.812775,1029.64624,3877.76538,180.815033,0.917204201,302.859863,3828963.0,4676097.5
sens_f12perm_low,2051.0,7594900.0,8322122.0,1120154620.0,338.644257,2063.01587,7395.66504,375.580139,0.923406899,284.251404,3832718.75,4721377.5
sens_f12perm_low,2061.0,7618447.0,8409067.0,1123311620.0,338.276154,2354.69019,8694.51562,408.998535,0.928012252,279.680145,3836808.75,4774102.5
sens_f12perm_low,2071.0,7636745.0,8496922.0,1125796860.0,338.923096,1829.81189,8785.48242,396.630585,0.930458963,280.315277,3840775.0,4827171.5
sens_f12perm_low,2081.0,7655704.0,8577157.0,1128339200.0,337.645081,1895.9187,8023.4917,354.526764,0.930914402,283.696381,3844320.25,4874943.5
sens_f12perm_low,2091.0,7667485.0,8626202.0,1129910020.0,338.074554,1178.07263,4904.5249,220.553604,0.92651397,299.138397,3846525.75,4902751.0
sens_f12perm_low,2101.0,7686580.5,8701049.0,1132457220.0,338.5784,1909.56641,7484.71191,324.984528,0.928931713,288.940491,3849775.75,4945229.5
sens_f12perm_low,2111.0,7709418.0,8788922.0,1135490300.0,337.488892,2283.7627,8787.24316,379.891449,0.932043195,280.802002,3853574.5,4997332.5
sens_f12perm_low,2121.0,7728050.0,8864631.0,1137960320.0,337.54422,1863.20032,7570.92529,319.961334,0.932592154,287.318726,3856774.25,5041599.5
sens_f12perm_low,2131.0,7744873.0,8934052.0,1140184960.0,336.198853,1682.26172,6942.13721,305.761597,0.932146549,287.505493,3859831.75,5083604.0
sens_f12perm_low,2141.0,7763054.0,8997967.0,1142576380.0,336.954376,1818.11694,6391.50098,250.725311,0.930832624,295.387848,3862339.0,5117345.5
sens_f12perm_low,2151.0,7784022.5,9082169.0,1145348480.0,337.225647,2096.8645,8420.14258,346.039978,0.93396157,284.888947,3865799.5,5166285.0
sens_f12perm_low,2161.0,7805566.5,9169927.0,1148193280.0,336.936981,2154.3811,8775.84863,347.085754,0.936206222,283.710663,3869270.25,5217221.5
sens_f12perm_low,2171.0,7824775.0,9248726.0,1150725500.0,336.566986,1920.83337,7879.85156,302.34201,0.936535001,288.241547,3872293.75,5261837.5
sens_f12perm_low,2181.0,7840156.0,9314373.0,1152745730.0,337.934235,1538.11829,6564.69434,265.057678,0.935817719,293.648132,3874944.25,5300484.5
sens_f12perm_low,2191.0,7859541.0,9395530.0,1155296640.0,339.222504,1938.51709,8115.75488,309.86441,0.937289834,289.071808,3878043.0,5346798.0
sens_f12perm_low,2201.0,7877412.5,9471577.0,1157648130.0,340.06958,1788.38721,7602.76416,289.332855,0.937554836,291.255127,3880938.0,5390236.0
sens_f12perm_low,2208.0,7892151.0,9529101.0,1159584640.0,340.751343,2105.52637,8217.75684,300.794037,0.938475966,291.244751,3883043.5,5422354.0
sens_f12perm_low,2209.0,7894699.0,9537318.0,1159916670.0,340.694946,2547.99072,8217.27344,300.100372,0.938621223,291.472809,3883343.5,5426943.0
sens_f12perm_low,2211.0,7899643.0,9553755.0,1160561790.0,340.639496,2472.11035,8218.38477,298.882812,0.938876748,291.913055,3883941.5,5436125.0
sens_f12perm_low,2221.0,7922397.5,9605558.0,1163492740.0,342.316345,2276.07153,5182.01562,105.964714,0.928616226,320.406433,3884961.25,5449966.5
sens_f12perm_low,2231.0,7938197.5,9663224.0,1165537790.0,340.477631,1579.97205,5766.5835,233.953568,0.932291031,302.55838,3887300.75,5482180.0
sens_f12perm_low,2241.0,7957502.0,9731356.0,1168022530.0,340.876007,1930.46655,6813.20654,248.325912,0.935590446,299.675964,3889784.0,5518251.0
sens_f12perm_low,2251.0,7981185.5,9817196.0,1171079300.0,338.761505,2368.36768,8584.05664,318.371399,0.939494431,288.028625,3892967.75,5567685.5
sens_f12perm_low,2261.0,8004816.5,9904100.0,1174125820.0,337.562103,2363.09692,8690.37988,307.321625,0.941633046,287.714691,3896040.75,5617266.0
sens_f12perm_low,2271.0,8028255.5,9991892.0,1177143940.0,336.393829,2343.91211,8779.18262,301.467651,0.942824185,287.128693,3899055.5,5666977.5
sens_f12perm_low,2281.0,8040959.5,10046584.0,1178781060.0,338.674744,1270.3877,5469.25098,183.783173,0.939943612,304.075317,3900893.25,5695741.5
sens_f12perm_low,2291.0,8061155.5,10127398.0,1181386620.0,339.552948,2019.59351,8081.34521,273.403168,0.941955984,294.016663,3903627.5,5740110.0
sens_f12perm_low,2301.0,8083423.5,10217015.0,1184255100.0,339.965485,2226.77075,8961.70215,299.191864,0.944431782,290.837097,3906619.25,5790960.5
sens_f12perm_low,2304.0,8090041.5,10242497.0,1185105020.0,340.072296,2205.99487,8494.06738,275.291199,0.944927037,294.026215,3907445.25,5805130.5
sens_f12perm_low,2305.0,8092954.5,10250996.0,1185493630.0,339.859314,2913.09033,8498.73438,274.906952,0.945005655,294.217163,3907720.0,5809854.5
sens_f12perm_low,2306.0,8096214.5,10259497.0,1185933820.0,339.533203,3260.22925,8501.39941,274.565033,0.945075691,294.249176,3907994.75,5814579.0
sens_f12perm_low,2307.0,8099748.5,10268000.0,1186414850.0,339.120331,3534.11255,8502.40332,274.267761,0.945136666,294.155273,3908269.0,5819304.0
sens_f12perm_low,2309.0,8106484.5,10285007.0,1187327620.0,338.442108,3368.00146,8503.66211,273.728027,0.945247233,293.770691,3908816.5,5828755.0
sens_f12perm_low,2311.0,8113133.0,10302017.0,1188227580.0,337.813568,3324.11841,8504.81543,273.206665,0.945354164,293.294067,3909362.75,5838208.0
sens_f12perm_low,2321.0,8145053.0,10391552.0,1192509440.0,337.119171,3183.14258,8965.86621,280.939178,0.946680486,291.752808,3912188.25,5888065.5
sens_f12perm_low,2331.0,8168601.0,10439222.0,1195660800.0,328.546692,2354.79419,4766.99902,118.099411,0.937920928,303.054626,3913369.25,5905908.5
sens_f12perm_low,2341.0,8194090.0,10490852.0,1199059580.0,337.053162,2522.44458,5199.81445,106.324219,0.931664348,316.546967,3914412.75,5920432.5
sens_f12perm_low,2351.0,8221368.0,10581739.0,1202694660.0,338.289276,2727.81348,9088.6875,305.175079,0.942793846,292.277283,3917464.5,5970727.5
sens_f12perm_low,2361.0,8249288.5,10672894.0,1206418940.0,337.765991,2792.00806,9115.47266,282.987762,0.946695626,292.100708,3920294.5,6020986.5
sens_f12perm_low,2371.0,8274690.0,10757724.0,1209800580.0,336.839233,2540.18726,8483.05762,256.06076,0.94764483,293.604401,3922855.0,6067334.0
sens_f12perm_low,2381.0,8300418.0,10846207.0,1213228290.0,337.718292,2572.78467,8848.22266,261.697968,0.948801339,293.278381,3925472.0,6115831.5
sens_f12perm_low,2391.0,8325846.5,10931856.0,1216617220.0,335.858276,2542.84912,8564.96387,250.768402,0.949045002,292.503296,3927979.75,6162537.5
sens_f12perm_low,2401.0,8349854.5,11015514.0,1219815300.0,337.783173,2400.81812,8365.7793,239.897339,0.949798465,296.326538,3930378.75,6207925.5
sens_f12perm_low,2411.0,8374847.0,11105752.0,1223151740.0,338.053833,2499.22168,9023.83984,255.253204,0.950749874,293.967773,3932931.25,6257200.5
sens_f12perm_low,2421.0,8399581.0,11197557.0,1226456450.0,338.484375,2473.45654,9180.42285,259.333374,0.951791584,293.126434,3935524.5,6308401.5
sens_f12perm_low,2431.0,8405695.0,11232773.0,1227270910.0,340.165955,611.390991,3521.67798,111.537636,0.945875049,313.343842,3936639.75,6327893.5
sens_f12perm_low,2441.0,8420406.0,11316146.0,1229224580.0,342.982056,1471.01367,8337.24609,253.714569,0.949403763,295.729156,3939177.0,6375501.5
sens_f12perm_low,2451.0,8446144.0,11405578.0,1232654080.0,343.077942,2573.8186,8943.16602,252.747467,0.951663673,296.184082,3941704.5,6425263.5
sens_f12perm_low,2461.0,8470998.0,11497828.0,1235963260.0,343.297211,2477.0332,9236.12695,253.42688,0.953260183,296.557251,3944257.25,6476923.5
sens_f12perm_low,2471.0,8491143.0,11579580.0,1238635390.0,343.610992,2014.58057,8175.21484,225.286133,0.953429282,300.359863,3946510.0,6523046.0
sens_f12perm_low,2481.0,8514627.0,11669330.0,1241775360.0,343.804474,2348.36621,8974.98145,239.033569,0.954172015,298.392639,3948900.25,6572814.5
sens_f12perm_low,2491.0,8537317.0,11757517.0,1244810240.0,344.987671,2268.97339,8818.68652,229.876556,0.954875648,300.78598,3951199.0,6621458.5
sens_f12perm_low,2501.0,8559623.0,11844848.0,1247795070.0,345.851013,2230.64917,8733.15918,223.054977,0.955350816,302.560333,3953429.75,6669185.5
sens_f12perm_low,2511.0,8582058.0,11936481.0,1250797570.0,346.706512,2243.46021,9163.26367,224.24054,0.955983579,303.089294,3955672.0,6717887.5
sens_f12perm_low,2521.0,8603565.0,12023795.0,1253671170.0,343.894012,2150.68555,8731.37012,206.194809,0.95539242,302.031036,3957734.0,6762050.0
sens_f12perm_low,2524.0,8605062.0,12033487.0,1253868420.0,345.007263,499.064178,3230.77026,-0.0,0.0,333.432098,3957734.0,6762050.0
sens_f12perm_low,2531.0,8608694.0,12055905.0,1254348030.0,347.619171,527.376343,3190.55493,-0.0,0.0,317.774048,3957734.0,6762050.0
sens_f12perm_low,2541.0,8614067.0,12089549.0,1255070850.0,350.661804,537.312134,3364.33154,-0.0,0.0,321.487,3957734.0,6762050.0
sens_f12perm_low,2551.0,8620680.0,12124108.0,1255953920.0,353.95929,661.284973,3455.9585,-0.0,0.0,323.654877,3957734.0,6762050.0
sens_f12perm_low,2558.0,8626858.0,12149550.0,1256772480.0,354.107147,882.539368,3634.49683,-0.0,0.0,324.033752,3957734.0,6762050.0
sens_f12perm_low,2561.0,8638075.0,12160207.0,1258311940.0,351.16275,3739.00879,3552.56177,1058.31555,0.00135429204,297.498627,3960909.0,6762054.0
sens_f12perm_low,2571.0,8671679.0,12196859.0,1262948350.0,346.77063,3318.0061,3721.92529,908.598206,0.134126842,274.214691,3970315.75,6763048.0
sens_f12perm_low,2581.0,8701390.0,12235644.0,1267026430.0,343.755615,2971.11792,3878.5498,951.671326,0.229558215,258.475739,3979832.5,6765884.0
sens_f12perm_low,2591.0,8725727.0,12272474.0,1270344960.0,340.864563,2433.6521,3682.99561,969.248169,0.289596379,246.899918,3989525.0,6769835.0
sens_f12perm_low,2601.0,8747944.0,12310649.0,1273412860.0,344.311432,2221.74927,3817.49609,722.220215,0.337591976,256.5513,3996747.25,6773515.5
sens_f12perm_low,2611.0,8779565.0,12356977.0,1277816700.0,347.065552,3162.1333,4632.84473,796.780151,0.363134682,251.961105,4004715.0,6778059.0
sens_f12perm_low,2621.0,8807615.0,12403571.0,1281693570.0,346.592133,2804.96631,4659.39307,795.935608,0.38359499,248.992538,4012674.25,6783012.0
sens_f12perm_low,2631.0,8832681.0,12450756.0,1285082370.0,347.164948,2506.54492,4718.49951,809.403748,0.403269589,244.750351,4020768.25,6788482.0
sens_f12perm_low,2641.0,8863319.0,12497068.0,1289264000.0,346.047882,3043.25073,4660.02393,556.646301,0.438658923,259.569397,4026372.75,6792775.0
sens_f12perm_low,2651.0,8898844.0,12546693.0,1294124420.0,342.779694,3552.57251,4962.47754,681.845825,0.445503056,247.860031,4033191.25,6798253.0
sens_f12perm_low,2661.0,8927380.0,12594579.0,1297921020.0,343.198761,2853.52002,4788.61621,709.318665,0.463824183,240.823608,4040284.25,6804389.0
sens_f12perm_low,2671.0,8959428.0,12646662.0,1302250620.0,346.647552,3178.41626,5244.87744,696.273071,0.492106378,237.717545,4047317.25,6811033.5
sens_f12perm_low,2681.0,8996180.0,12700242.0,1307291900.0,342.274811,3675.24438,5357.90967,621.960938,0.513868809,239.741089,4053536.75,6817608.0
sens_f12perm_low,2691.0,9023066.0,12751149.0,1310889470.0,341.889496,2675.46191,5109.0918,613.812195,0.530393243,237.412308,4059718.25,6824477.0
sens_f12perm_low,2701.0,9049704.0,12802295.0,1314471550.0,341.124481,2663.81763,5114.58252,591.558533,0.54689455,236.496109,4065633.75,6831617.0
sens_f12perm_low,2711.0,9078364.0,12856488.0,1318359420.0,338.836151,2857.6145,5432.50684,603.862854,0.560842335,231.363617,4071706.25,6839269.0
sens_f12perm_low,2721.0,9104225.0,12909355.0,1321837310.0,338.580597,2586.03833,5286.62061,650.056335,0.575041115,223.344147,4078206.75,6848065.5
sens_f12perm_low,2731.0,9134281.0,12965341.0,1325943550.0,341.257843,3005.62085,5598.6377,737.448486,0.59200573,211.095306,4085581.25,6858766.0
sens_f12perm_low,2741.0,9166271.0,13025981.0,1330321660.0,343.051208,3198.98779,6064.00586,735.810303,0.616817474,204.737564,4092939.25,6870610.5
sens_f12perm_low,2751.0,9191140.0,13082147.0,1333637760.0,342.185211,2486.97144,5616.64062,675.854797,0.64015466,204.55928,4099698.0,6882634.0
sens_f12perm_low,2761.0,9214418.0,13137352.0,1336750340.0,342.586548,2327.74316,5520.42822,582.365662,0.663592637,210.228607,4105521.5,6894121.5
sens_f12perm_low,2771.0,9242874.0,13195441.0,1340665470.0,340.477325,2845.66797,5808.92041,568.340515,0.678840578,208.592636,4111205.0,6906134.5
sens_f12perm_low,2781.0,9267726.0,13252394.0,1344066690.0,339.402893,2485.10767,5695.31836,519.801819,0.692319632,211.321899,4116403.0,6917830.5
sens_f12perm_low,2784.0,9274274.0,13268967.0,1344940540.0,339.84787,2182.94922,5524.18896,503.510651,0.696413875,212.513397,4117913.5,6921296.0
sens_f12perm_low,2791.0,9289329.0,13307833.0,1346981250.0,340.571442,2132.42383,5577.17676,491.562408,0.704239428,212.95462,4121378.0,6929458.0
sens_f12perm_low,2801.0,9299060.0,13339136.0,1348345600.0,340.607513,983.651123,3113.08252,286.532928,0.711134672,249.331192,4124264.25,6936520.5
sens_f12perm_low,2811.0,9326234.0,13394110.0,1352130690.0,340.2547,2684.07031,5547.05615,451.571167,0.718538404,222.029053,4128786.0,6948027.0
sens_f12perm_low,2821.0,9353817.0,13450616.0,1355988740.0,338.426208,2758.28955,5650.56494,436.383087,0.723875701,220.061951,4133149.75,6959467.0
sens_f12perm_low,2831.0,9372882.0,13502790.0,1358579330.0,339.824524,1906.4447,5217.42334,415.081451,0.730807304,221.321259,4137300.5,6970735.5
sens_f12perm_low,2841.0,9393377.0,13560801.0,1361354620.0,341.086914,2049.51587,5801.07422,415.262543,0.737994552,219.571976,4141453.25,6982432.0
sens_f12perm_low,2851.0,9418693.0,13620740.0,1364837630.0,338.077515,2510.01465,6025.34326,409.922485,0.743260086,217.65271,4145575.5,6994266.0
sens_f12perm_low,2861.0,9439077.0,13678404.0,1367733250.0,338.786743,2044.672,5757.90771,398.9133,0.75038445,217.552902,4149589.25,7006218.5
sens_f12perm_low,2871.0,9456614.0,13737507.0,1370125440.0,341.495758,1753.74426,5910.32324,397.60675,0.758006573,216.787399,4153565.25,7018673.0
sens_f12perm_low,2881.0,9481585.0,13805113.0,1373428220.0,343.886841,2465.28662,6807.09912,397.64444,0.764580309,215.097046,4157566.0,7031548.0
sens_f12perm_low,2891.0,9508874.0,13871405.0,1377128450.0,339.866882,2728.93262,6629.14209,369.352631,0.76970017,217.979218,4161259.75,7043892.0
sens_f12perm_low,2901.0,9533003.0,13936132.0,1380396420.0,343.818054,2412.81348,6472.71045,333.588348,0.777023673,225.672333,4164595.5,7055517.0
sens_f12perm_low,2911.0,9553696.0,14003392.0,1383136640.0,341.814789,2069.32715,6726.04248,358.997864,0.782056808,219.154633,4168185.5,7068399.0
sens_f12perm_low,2921.0,9572301.0,14068814.0,1385597060.0,341.082428,1860.54553,6542.20117,330.464325,0.785707653,222.494827,4171490.25,7080515.5
sens_f12perm_low,2931.0,9591775.0,14132499.0,1388229500.0,343.757538,1926.54736,6395.88574,310.848175,0.791110873,227.41214,4174624.75,7092254.0
sens_f12perm_low,2941.0,9614096.0,14204261.0,1391285380.0,343.961884,2232.10376,7176.20508,334.532837,0.797594249,221.181686,4177970.0,7105436.5
sens_f12perm_low,2951.0,9633103.0,14271600.0,1393829500.0,341.996765,1883.72742,6756.75391,307.129181,0.800758958,225.041885,4181060.75,7117760.5
sens_f12perm_low,2961.0,9650958.0,14338511.0,1396211970.0,341.429047,1774.60742,6706.38086,293.861664,0.80448842,226.293961,4184014.25,7129833.5
sens_f12perm_low,2971.0,9673196.0,14406376.0,1399271300.0,339.860138,2223.78394,6786.48877,277.201324,0.80779022,228.509659,4186786.25,7141483.5
sens_f12perm_low,2981.0,9693012.0,14475913.0,1401982720.0,347.837799,1957.55615,6986.54932,273.369171,0.813906133,232.030777,4189540.0,7153409.0
sens_f12perm_low,2991.0,9709401.0,14549392.0,1404167300.0,348.25882,1638.90002,7347.88428,289.283539,0.819713414,227.933472,4192432.75,7166562.0
sens_f12perm_low,3001.0,9725293.0,14619789.0,1406302460.0,347.770142,1589.11975,7039.72754,273.192841,0.823194504,230.642014,4195164.5,7179281.5
sens_f12perm_low,3011.0,9745382.0,14691110.0,1409090430.0,345.575348,2000.29724,7143.81934,258.854614,0.826836824,232.81369,4197766.0,7191627.0
sens_f12perm_low,3021.0,9763188.0,14758633.0,1411561730.0,344.544983,1780.58655,6752.33545,243.985764,0.830467522,235.428299,4200206.0,7203579.0
sens_f12perm_low,3031.0,9774541.0,14822960.0,1413123200.0,345.557343,1123.74475,6448.03223,240.461472,0.834210396,236.444672,4202628.0,7215651.0
sens_f12perm_low,3041.0,9785474.0,14885205.0,1414626180.0,345.621948,1087.07959,6231.99805,234.570648,0.83752656,237.929153,4204985.0,7227727.5
sens_f12perm_low,3051.0,9798857.0,14953352.0,1416431740.0,346.595978,1338.25659,6814.68506,219.411972,0.840144873,241.97699,4207179.5,7239259.5
sens_f12perm_low,3061.0,9812053.0,15022144.0,1418218370.0,347.198761,1319.60059,6879.25732,212.023819,0.843173563,244.112518,4209299.5,7250658.5
sens_f12perm_low,3071.0,9824614.0,15089734.0,1419925380.0,347.81839,1256.09021,6758.97119,204.80896,0.846040249,246.230011,4211347.5,7261913.5
sens_f12perm_low,3081.0,9836798.0,15156742.0,1421583870.0,349.016968,1218.39355,6700.80127,202.286819,0.849055111,247.276779,4213370.5,7273292.0
sens_f12perm_low,3091.0,9848670.0,15223659.0,1423199870.0,349.244019,1182.18188,6698.42383,186.277069,0.851245821,252.339722,4215241.0,7283942.5
sens_f12perm_low,3101.0,9861276.0,15293640.0,1424916350.0,349.665466,1260.68506,6998.09668,201.258163,0.854149282,247.229263,4217253.5,7295728.5
sens_f12perm_low,3111.0,9873503.0,15363368.0,1426581890.0,350.132294,1209.49011,6991.08301,197.544464,0.856378198,247.303787,4219235.5,7307496.5
sens_f12perm_low,3121.0,9883436.0,15417881.0,1427938690.0,349.717468,990.059814,5455.15674,149.3573,0.857370615,264.968658,4220736.0,7316468.5
sens_f12perm_low,3131.0,9892035.0,15454574.0,1429119360.0,352.034058,859.901367,3669.25635,146.398239,0.856997073,272.001343,4222200.0,7325242.0
sens_f12perm_low,3141.0,9901480.0,15493653.0,1430407040.0,350.321899,943.257385,3909.83765,154.081589,0.857740819,270.397461,4223741.5,7334529.5
sens_f12perm_low,3151.0,9910088.0,15529042.0,1431574020.0,351.840027,860.821899,3538.93628,98.7986603,0.8528983,289.18338,4224729.5,7340258.0
sens_f12perm_low,3161.0,9917805.0,15560006.0,1432594690.0,352.971344,766.063904,3103.76562,-0.0,0.0,323.877838,4224729.5,7340258.0
sens_f12perm_low,3171.0,9925783.0,15586739.0,1433645310.0,348.11261,797.81311,2673.3064,-0.0,0.0,322.874115,4224729.5,7340258.0
sens_f12perm_low,3181.0,9934201.0,15613098.0,1434745600.0,339.776794,841.767456,2635.96045,-0.0,0.0,317.227631,4224729.5,7340258.0
sens_f12perm_low,3186.0,9938471.0,15626189.0,1435305470.0,335.695038,854.187866,2618.08545,-0.0,0.0,313.98233,4224729.5,7340258.0
sens_f12perm_low,3197.0,9938471.0,15626189.0,1435305470.0,337.65625,0.0,0.0,-0.0,0.0,315.126099,4224729.5,7340258.0
sens_f12perm_high,11.0,0.0,0.0,0.0,329.595062,0.0,0.0,-0.0,0.0,312.160919,0.0,0.0
sens_f12perm_high,21.0,0.0,0.0,0.0,329.598877,0.0,0.0,-0.0,0.0,312.179443,0.0,0.0
sens_f12perm_high,31.0,0.0,0.0,0.0,329.603241,0.0,0.0,-0.0,0.0,312.192322,0.0,0.0
sens_f12perm_high,41.0,0.0,0.0,0.0,329.607849,0.0,0.0,-0.0,0.0,312.202545,0.0,0.0
sens_f12perm_high,51.0,19273.4902,0.0565901957,3054204.0,325.216034,1927.349,0.00565901957,1927.349,2.93615881e-06,301.400421,19273.4902,0.0565901957
sens_f12perm_high,57.0,30847.9941,0.0996578932,4883437.5,322.646606,1929.08411,0.00717794895,1929.08411,3.72089653e-06,298.507233,30847.9941,0.0996578932
sens_f12perm_high,61.0,42042.4102,0.155512959,6648951.5,320.183807,2798.60376,0.0139637655,2798.60376,4.98952204e-06,293.631683,42042.4102,0.155512959
sens_f12perm_high,71.0,70449.2344,0.344417036,11110395.0,314.244446,2840.68213,0.0188904069,2840.68213,6.64991057e-06,287.302094,70449.2344,0.344417036
sens_f12perm_high,81.0,100251.938,0.591843367,15773520.0,308.296143,2980.27051,0.0247426312,2980.27051,8.30207409e-06,280.905396,100251.938,0.591843367
sens_f12perm_high,91.0,120903.391,0.769514382,18997244.0,304.592407,2065.14526,0.0177671071,2065.14526,8.6032469e-06,279.676666,120903.391,0.769514382
sens_f12perm_high,101.0,150215.859,1.07836831,23559796.0,299.109741,2931.24658,0.0308853947,2931.24658,1.05364961e-05,271.947571,150215.859,1.07836831
sens_f12perm_high,111.0,172372.766,1.3218236,27001912.0,295.289886,2215.69165,0.0243455227,2215.69165,1.09876555e-05,270.037689,172372.766,1.3218236
sens_f12perm_high,121.0,194730.922,1.56662095,30468116.0,294.73465,2235.81421,0.0244797394,2235.81421,1.09487946e-05,269.918243,194730.922,1.56662095
sens_f12perm_high,131.0,226209.922,1.89470124,35336676.0,298.7659,3149.00195,0.0317408256,3149.00195,1.00795451e-05,272.969757,226209.922,1.89470124
sens_f12perm_high,141.0,268788.281,2.32699108,41893928.0,300.656006,4257.83643,0.0432289913,4257.83643,1.01527039e-05,272.449432,268788.281,2.32699108
sens_f12perm_high,151.0,318907.469,2.85496593,49587700.0,301.027405,5011.91895,0.0527974702,5011.91895,1.05342706e-05,270.817688,318907.469,2.85496593
sens_f12perm_high,161.0,357070.875,3.22950172,55434436.0,300.950165,3816.34106,0.0374535844,3816.34106,9.81390713e-06,273.666962,357070.875,3.22950172
sens_f12perm_high,166.0,381912.094,3.49473739,59236048.0,300.482361,4968.24316,0.0530471355,4968.24316,1.06771286e-05,270.109833,381912.094,3.49473739
sens_f12perm_high,171.0,406763.531,3.76437473,63035560.0,300.015747,4970.2832,0.0539274849,4970.2832,1.08498643e-05,269.385956,406763.531,3.76437473
sens_f12perm_high,181.0,456099.812,4.2831912,70565840.0,300.793304,4933.62939,0.0518816486,4933.62939,1.05158078e-05,270.427704,456099.812,4.2831912
sens_f12perm_high,191.0,504976.375,4.75939894,78015240.0,302.819977,4887.65576,0.0476207584,4887.65576,9.74297291e-06,273.01947,504976.375,4.75939894
sens_f12perm_high,192.0,509865.938,4.80509233,78769752.0,302.381683,4889.56982,0.0456935689,3540.12378,9.07553385e-06,275.746307,508516.5,4.79152775
sens_f12perm_high,201.0,553863.625,5.25805092,85561480.0,298.525269,4888.43457,0.0516209491,3541.34668,1.02769181e-05,271.055054,540386.375,5.1105299
sens_f12perm_high,211.0,611732.5,5.85922813,94580224.0,299.212219,5786.8877,0.0601177327,3127.34888,9.66652533e-06,273.213257,571659.875,5.41283894
sens_f12perm_high,221.0,660647.938,6.34209871,102222128.0,299.52478,4891.54053,0.0482870564,2377.51855,8.96306483e-06,275.69162,595435.062,5.62593937
sens_f12perm_high,231.0,735836.0,7.23204899,113913664.0,294.917969,7518.80957,0.0889950246,4137.48242,1.13626293e-05,266.00296,636809.875,6.09607124
sens_f12perm_high,241.0,781849.0,7.70680618,120996856.0,296.881897,4601.29834,0.0474756993,3211.58862,1.00451525e-05,270.810577,668925.75,6.41868353
sens_f12perm_high,251.0,802397.562,7.8871851,124187672.0,300.062134,2054.85327,0.0180378966,1034.1698,7.72703243e-06,279.505493,679267.5,6.49859476
sens_f12perm_high,261.0,865828.312,8.66217899,134068824.0,292.108765,6343.07568,0.0774994195,2737.00269,1.12002162e-05,265.869324,706637.5,6.8051486
sens_f12perm_high,271.0,945166.188,9.91244507,146160992.0,282.9021,7933.78906,0.125026569,3192.95508,1.39528483e-05,254.917862,738567.062,7.2506628
sens_f12perm_high,281.0,1024083.25,11.2259722,158116736.0,280.380463,7891.70605,0.131352678,3145.91699,1.44022024e-05,253.004089,770026.25,7.70375061
sens_f12perm_high,291.0,1092025.62,12.3130989,168433440.0,280.672638,6793.5249,0.107804619,2721.15967,1.37983961e-05,255.144989,797230.75,8.08146
sens_f12perm_high,301.0,1166282.12,13.4324942,179766096.0,283.823242,7425.64307,0.111939564,3039.72266,1.32329924e-05,256.965759,827627.938,8.48371124
sens_f12perm_high,311.0,1247837.5,14.628521,192205920.0,285.007141,8155.54688,0.11960271,3903.00366,1.34407956e-05,255.659973,866658.0,9.00831318
sens_f12perm_high,321.0,1331130.75,15.7742014,204893232.0,287.714722,8329.31836,0.114567965,5018.44287,1.33816502e-05,255.290146,916842.438,9.67987251
sens_f12perm_high,331.0,1413918.12,16.8502102,217504768.0,289.706421,8278.73633,0.107600853,4933.48584,1.26832738e-05,257.632935,966177.312,10.3056087
sens_f12perm_high,341.0,1495539.12,17.7463264,229952096.0,296.833496,8162.10352,0.0896117166,4915.89453,1.07527776e-05,264.465759,1015336.25,10.8342094
sens_f12perm_high,351.0,1582874.5,18.6256924,243210656.0,301.743225,8741.00781,0.0852963328,5192.96436,9.50229696e-06,268.482147,1067260.25,11.3448353
sens_f12perm_high,354.0,1609478.12,18.8756847,247229888.0,303.361603,8867.87207,0.0833312199,5413.75244,9.18306614e-06,269.437744,1083501.5,11.4939814
sens_f12perm_high,355.0,1618348.12,18.9577808,248569312.0,303.90097,8870.05371,0.0820957348,5413.93311,9.03995078e-06,269.932587,1088915.5,11.5429239
sens_f12perm_high,361.0,1671608.0,19.4163609,256598512.0,307.112152,8879.44824,0.074544169,5414.03467,8.16292231e-06,273.015259,1121399.5,11.815237
sens_f12perm_high,371.0,1759471.38,20.0752411,269785056.0,311.574799,8789.7373,0.0633054003,5519.1748,6.99749671e-06,276.947571,1176593.25,12.2180996
sens_f12perm_high,381.0,1846400.38,20.5938454,282783680.0,316.196503,8692.9043,0.0518605374,5431.43848,5.71670489e-06,281.575226,1230907.62,12.5286007
sens_f12perm_high,391.0,1933598.75,21.0050068,295831104.0,321.606689,8719.83691,0.0411159843,4320.09229,3.94706922e-06,289.808502,1274108.5,12.6991177
sens_f12perm_high,401.0,2016369.38,21.3320389,308162336.0,324.575745,8277.05664,0.0327032022,4609.52441,3.48208278e-06,292.014832,1320203.75,12.8596258
sens_f12perm_high,411.0,2097520.25,21.595829,320227328.0,328.415833,8115.09229,0.0263790172,4222.62354,2.73039677e-06,296.722321,1362430.0,12.9749203
sens_f12perm_high,421.0,2182709.0,21.8176746,332856832.0,333.871643,8518.86035,0.0221845414,4249.10107,2.01727266e-06,301.661499,1404921.0,13.0606365
sens_f12perm_high,429.0,2248408.5,21.9520226,342569568.0,338.028473,8212.43555,0.0167935845,4161.08936,1.53967108e-06,305.862213,1438209.75,13.1118908
sens_f12perm_high,431.0,2264838.25,21.984911,344997248.0,339.069214,8214.98047,0.0164444353,4161.85498,1.54709437e-06,306.844055,1446533.38,13.1247683
sens_f12perm_high,441.0,2330070.0,2431.25098,354593600.0,329.092468,6525.3457,232.79541,3455.37329,3.62673973e-06,298.172089,1481092.0,13.2259216
sens_f12perm_high,451.0,2402565.5,2432.00488,365437696.0,310.76474,7249.56201,0.0753861368,3096.34961,9.13377517e-06,280.958954,1512055.5,13.5087376
sens_f12perm_high,461.0,2446484.25,2432.49927,371959392.0,308.992554,4391.86426,0.049452737,2453.71753,1.07912547e-05,280.856934,1536592.62,13.7735271
sens_f12perm_high,471.0,2516850.0,2434.04028,382410688.0,299.464966,7036.57617,0.154094771,5194.08496,2.41283815e-05,263.285583,1588533.5,15.0268068
sens_f12perm_high,481.0,2591959.25,2436.63892,393550016.0,292.267212,7510.93457,0.259850144,4815.23633,4.16243274e-05,256.575836,1636685.88,17.0312004
sens_f12perm_high,491.0,2670420.25,2441.94043,405136736.0,291.418549,7846.08105,0.530168295,4264.68701,6.61470986e-05,256.959229,1679332.75,19.8523521
sens_f12perm_high,501.0,2746116.0,2529.3667,416293216.0,296.329193,7569.58545,8.74260807,4054.70068,0.000102904902,262.844482,1719879.75,24.0252686
sens_f12perm_high,511.0,2834917.0,3061.76318,429385504.0,301.637848,8880.10059,53.2396545,4846.01953,0.000248098979,265.843445,1768339.88,36.051178
sens_f12perm_high,521.0,2923520.0,4007.66992,442448192.0,302.421234,8860.30469,94.5906754,5181.34961,0.000824252435,265.470886,1820153.38,78.793808
sens_f12perm_high,531.0,3003631.75,5048.4458,454286560.0,295.029846,8011.16309,104.077576,4794.57031,0.00167374336,258.815369,1868099.12,159.177155
sens_f12perm_high,541.0,3077885.0,6172.6543,465256928.0,290.412048,7422.13428,116.304779,4417.17725,0.00265156757,254.815094,1912286.62,266.031677
sens_f12perm_high,551.0,3140733.75,18833.6074,474332576.0,290.063141,6284.86279,1266.09521,2850.0188,0.00252861087,258.268341,1940786.88,338.280243
sens_f12perm_high,561.0,3202086.25,27220.6797,483258016.0,289.85968,6136.94629,837.326599,3282.66821,0.00277529284,257.014648,1973615.38,427.542328
sens_f12perm_high,571.0,3259827.75,32408.8652,491703680.0,296.572937,5774.16504,518.818481,3406.12646,0.00325680641,264.532959,2007676.75,538.835754
sens_f12perm_high,581.0,3317372.25,34555.7383,500113760.0,307.881165,5754.44873,214.687531,3529.87622,0.00423192652,275.893646,2042975.5,688.852356
sens_f12perm_high,591.0,3385114.75,37506.375,510062816.0,305.574524,6774.22949,295.06366,3377.44897,0.00554701919,274.180206,2076750.0,877.245117
sens_f12perm_high,601.0,3475648.0,42567.3281,523384320.0,305.7341,9053.33789,506.095123,4725.6377,0.0098071387,267.433746,2124006.25,1345.28516
sens_f12perm_high,611.0,3536731.5,47553.3594,532347360.0,310.563873,6090.74805,523.630676,2598.58179,0.0122329332,281.021698,2150001.5,1649.41431
sens_f12perm_high,621.0,3585885.75,52199.6367,539551936.0,314.997925,4915.42969,464.627655,2588.17651,0.0151314028,285.790405,2175883.25,2047.05872
sens_f12perm_high,631.0,3673999.25,61787.5938,552526528.0,317.213165,8811.35547,958.795654,4236.29443,0.0253514629,279.34433,2218246.25,3148.95605
sens_f12perm_high,641.0,3716027.25,67003.4062,558692992.0,318.596893,4202.78955,521.581543,2323.05054,0.0291973054,289.616913,2241476.75,3847.62329
sens_f12perm_high,651.0,3793615.5,77083.7422,570120960.0,320.34848,7758.83691,1008.03333,4486.33301,0.0473055542,279.140839,2286340.25,6075.28906
sens_f12perm_high,661.0,3863331.75,87900.9922,580398336.0,318.096039,6971.62988,1081.72473,3839.23267,0.0692266077,277.960449,2324732.5,8930.73145
sens_f12perm_high,671.0,3930199.25,100303.727,590249280.0,320.740387,6648.29199,1296.58459,3575.03296,0.0995651409,280.080719,2360707.5,12558.2861
sens_f12perm_high,681.0,4005007.75,117819.516,601283840.0,320.468781,7480.84912,1751.57898,4059.30249,0.141224399,274.440369,2401300.5,19233.75
sens_f12perm_high,691.0,4079940.75,139068.906,612340928.0,320.38382,7493.29736,2124.9397,4056.80835,0.180378705,271.648499,2441868.5,28161.7988
sens_f12perm_high,701.0,4152096.0,165291.359,622971648.0,321.413574,7215.50928,2622.24438,4130.41016,0.213767573,269.57724,2483172.75,39391.9102
sens_f12perm_high,711.0,4230464.0,203052.266,634494912.0,321.504944,7836.83203,3776.09131,4542.18945,0.246170089,263.286377,2528594.5,54224.8477
sens_f12perm_high,721.0,4300032.0,238508.672,644724096.0,318.760345,6956.78613,3545.64038,3947.39062,0.270434618,263.616913,2568068.5,68857.0
sens_f12perm_high,731.0,4374556.5,274745.938,655703424.0,316.969147,7452.42627,3623.72778,4261.625,0.302724272,256.885803,2610684.75,87358.9688
sens_f12perm_high,741.0,4444102.5,313112.656,665936064.0,316.271667,6954.61914,3836.67139,4084.81445,0.329599351,255.373154,2651533.0,107441.766
sens_f12perm_high,751.0,4512433.0,355706.5,675978560.0,317.563629,6833.02637,4259.38184,3933.8584,0.359536976,255.825439,2690871.5,129525.281
sens_f12perm_high,761.0,4575627.0,400341.5,685250240.0,320.057037,6319.3999,4463.50049,3656.8606,0.387276828,258.927887,2727440.0,152638.781
sens_f12perm_high,771.0,4637387.0,448628.125,694305856.0,322.356812,6176.00098,4828.66211,3569.33203,0.416625351,260.119995,2763133.5,178129.672
sens_f12perm_high,781.0,4688809.5,491968.469,701835008.0,323.403137,5142.29248,4334.03564,2940.34131,0.434290379,267.102936,2792536.75,200702.422
sens_f12perm_high,791.0,4736969.0,535172.125,708879424.0,325.233002,4815.93018,4320.3667,2795.36279,0.449335992,269.317719,2820490.5,223512.281
sens_f12perm_high,801.0,4773569.0,565721.438,714244224.0,318.614166,3659.99268,3054.92847,2174.03589,0.443999082,271.014191,2842230.75,240873.219
sens_f12perm_high,811.0,4829135.5,612620.062,722407040.0,315.796753,5556.64941,4689.86133,3017.43921,0.463107824,255.27327,2872405.25,266900.781
sens_f12perm_high,821.0,4884736.5,665471.312,730558784.0,316.988647,5560.12549,5285.13086,2986.8418,0.488671303,254.687027,2902273.75,295445.719
sens_f12perm_high,831.0,4932511.5,717139.188,737538368.0,320.524323,4777.49561,5166.78564,2739.50513,0.509658039,260.216003,2929668.75,323919.938
sens_f12perm_high,841.0,4985327.0,768963.375,745293440.0,311.627502,5314.15674,5131.85205,2666.55054,0.52426368,252.452377,2956475.5,353099.781
sens_f12perm_high,851.0,5032085.0,817936.5,752140416.0,314.383514,4675.7627,4897.31006,2154.96021,0.537759721,260.57074,2978025.0,378170.094
sens_f12perm_high,861.0,5082285.0,873832.75,759476928.0,318.798798,5020.01562,5589.62549,2090.04517,0.556314826,264.618561,2998925.5,404376.125
sens_f12perm_high,871.0,5130574.5,934589.0,766514880.0,324.297577,4828.97656,6075.62354,2235.84399,0.579060853,266.213593,3021284.0,435133.281
sens_f12perm_high,881.0,5177015.5,996629.188,773274560.0,329.371826,4644.09082,6204.02051,2071.62817,0.598819077,272.610779,3042000.25,466055.281
sens_f12perm_high,891.0,5219590.5,1056845.88,779462912.0,333.731079,4257.49658,6021.66748,1893.38794,0.613757312,279.003418,3060934.25,496142.062
sens_f12perm_high,901.0,5265506.5,1122010.25,786147072.0,334.295929,4591.57568,6516.43799,1971.34534,0.627796113,276.484314,3080647.5,529392.75
sens_f12perm_high,911.0,5309987.0,1186889.12,792623616.0,333.917877,4448.04199,6487.89209,1901.7644,0.639241219,275.660767,3099665.25,563090.75
sens_f12perm_high,921.0,5351916.0,1253645.88,798722944.0,333.958221,4192.94482,6675.67383,2035.40894,0.652247906,271.049011,3120019.25,601267.125
sens_f12perm_high,931.0,5392922.0,1317018.38,804687680.0,334.687531,4100.58691,6337.24951,1659.89246,0.660294116,278.420349,3136618.25,633530.875
sens_f12perm_high,941.0,5435098.0,1382852.88,810826560.0,334.393066,4217.5835,6583.45312,1659.03687,0.670383394,277.320068,3153208.5,667272.812
sens_f12perm_high,951.0,5475509.0,1448664.12,816704768.0,334.443817,4041.09741,6581.12207,1616.01868,0.680130422,277.119354,3169368.75,701633.812
sens_f12perm_high,961.0,5508076.5,1504240.12,821429632.0,335.523682,3256.76221,5557.60303,1328.5835,0.682532191,284.263397,3182654.75,730197.375
sens_f12perm_high,971.0,5508076.5,1504240.12,821429632.0,335.921143,0.0,0.0,-0.0,0.0,316.706879,3182654.75,730197.375
sens_f12perm_high,981.0,5538969.5,1549677.25,825900096.0,335.833069,3051.5105,4595.39551,1319.12512,0.651236296,286.958801,3196388.5,754050.875
sens_f12perm_high,982.0,5542194.0,1555170.38,826367744.0,335.95282,3224.70581,5493.02295,1920.56482,0.657742441,275.588501,3198309.0,757741.75
sens_f12perm_high,991.0,5569648.0,1606875.38,830342144.0,336.854065,3014.06714,5797.66016,1774.15234,0.687397838,273.988892,3214494.0,792540.0
sens_f12perm_high,994.0,5578813.5,1622065.88,831669120.0,336.081116,3055.1189,5063.49658,1242.00024,0.687127948,284.661224,3218220.0,800723.062
sens_f12perm_high,998.0,5592000.0,1640874.5,833595072.0,335.055634,3296.72314,4702.1582,1245.64917,0.686098993,284.15686,3223202.5,811613.625
sens_f12perm_high,1001.0,5601782.5,1655144.12,835021632.0,334.293152,3260.77173,4756.56055,1211.47485,0.696110308,276.839233,3226837.0,819938.875
sens_f12perm_high,1011.0,5642616.0,1715876.0,840984960.0,337.553497,4025.02466,6157.37646,1258.18311,0.724236131,275.586304,3239589.0,852741.438
sens_f12perm_high,1021.0,5683329.0,1782544.12,846931072.0,337.243103,4071.3269,6666.80908,1338.79663,0.734733939,271.325287,3252977.0,889823.438
sens_f12perm_high,1031.0,5723777.5,1852242.12,852840000.0,337.266174,4044.85376,6969.80957,1357.32202,0.742448747,269.438232,3266550.25,928951.25
sens_f12perm_high,1041.0,5763805.5,1921755.0,858692672.0,333.748047,4002.78589,6951.28369,1351.88782,0.741586328,264.820526,3280069.25,967747.25
sens_f12perm_high,1051.0,5797356.5,1984618.75,863587904.0,334.617157,3355.08838,6286.36914,1225.24365,0.74172914,270.414703,3292321.5,1002935.06
sens_f12perm_high,1061.0,5833643.5,2050706.5,868889600.0,332.571777,3628.69287,6608.7793,1273.85425,0.743652999,266.399445,3305060.25,1039889.06
sens_f12perm_high,1071.0,5870499.0,2123842.5,874267072.0,336.192139,3685.59644,7313.60742,1335.13159,0.753441513,266.524384,3318411.5,1080688.5
sens_f12perm_high,1081.0,5906218.5,2195282.0,879479680.0,335.740082,3571.91113,7143.93799,1243.948,0.758434474,268.501678,3330851.0,1119744.25
sens_f12perm_high,1091.0,5941807.0,2268293.25,884672960.0,335.856445,3558.84351,7301.12305,1229.39062,0.764898598,268.049744,3343144.75,1159742.25
sens_f12perm_high,1101.0,5976279.5,2340944.75,889701824.0,335.884735,3447.26855,7265.16211,1180.17981,0.770704329,268.837311,3354946.75,1199410.25
sens_f12perm_high,1111.0,6010172.5,2416227.25,894643136.0,335.804169,3389.3064,7528.23633,1210.55286,0.777422309,265.996704,3367052.25,1241692.62
sens_f12perm_high,1121.0,6043895.0,2491938.0,899559552.0,335.521454,3372.2417,7571.0791,1164.1488,0.783948541,266.570648,3378693.75,1283934.0
sens_f12perm_high,1131.0,6068675.5,2549915.0,903163008.0,336.075317,2504.11328,5760.03076,881.143799,0.780382633,279.493805,3387477.0,1315284.5
sens_f12perm_high,1141.0,6096630.0,2608882.0,907239616.0,329.774963,2795.45288,5896.70166,964.137329,0.779895067,268.832092,3397118.25,1349446.62
sens_f12perm_high,1151.0,6125720.5,2673942.25,911473472.0,334.635986,2856.80762,6581.98486,970.769226,0.787732184,272.511017,3406910.5,1385352.12
sens_f12perm_high,1161.0,6157069.0,2746507.75,916033792.0,336.525299,3134.8689,7256.54443,994.608032,0.795901537,272.574677,3416856.75,1424137.75
sens_f12perm_high,1171.0,6188801.5,2820691.25,920651008.0,336.348602,3173.27222,7418.35547,980.635803,0.801873624,271.964569,3426663.0,1463826.88
sens_f12perm_high,1181.0,6218939.5,2894679.0,925032768.0,336.743591,3013.78442,7398.771,968.577209,0.80699873,271.812805,3436348.75,1504326.12
sens_f12perm_high,1191.0,6250390.5,2972136.0,929606592.0,336.520691,3145.07544,7745.7124,977.435425,0.811680138,269.971893,3446123.25,1546454.75
sens_f12perm_high,1201.0,6281495.0,3050834.0,934128256.0,336.484192,3110.48413,7869.79834,965.941223,0.815778792,269.437531,3455782.5,1589229.12
sens_f12perm_high,1211.0,6311959.5,3130869.0,938554304.0,336.473572,3046.42163,8003.50293,970.461853,0.820051372,268.360382,3465487.25,1633454.38
sens_f12perm_high,1221.0,6342120.5,3210854.25,942935360.0,336.310638,3016.13135,7998.52148,939.808289,0.823492587,268.973236,3474885.25,1677301.0
sens_f12perm_high,1231.0,6372065.5,3290081.25,947284352.0,336.047913,2994.49536,7922.6875,896.751221,0.826042652,270.252747,3483852.75,1719883.5
sens_f12perm_high,1241.0,6401672.0,3369927.0,951582784.0,335.528168,2960.63354,7984.57373,894.656372,0.828982711,269.193512,3492799.25,1763250.75
sens_f12perm_high,1251.0,6429652.0,3448072.5,955641216.0,335.982269,2798.02417,7814.55225,859.439087,0.831651926,270.806763,3501393.75,1805707.75
sens_f12perm_high,1261.0,6458815.0,3528938.0,959872064.0,335.581726,2916.27905,8086.56104,864.490112,0.834989607,269.539825,3510038.75,1849452.88
sens_f12perm_high,1271.0,6476743.5,3582214.5,962463168.0,335.509674,1839.93079,5259.56689,584.4245,0.826164901,285.544556,3515800.75,1877345.5
sens_f12perm_high,1281.0,6479872.0,3594574.25,962905856.0,336.498993,357.704071,1171.42334,157.95813,0.764394641,309.363708,3517263.25,1882637.25
sens_f12perm_high,1291.0,6489744.0,3616377.75,964328640.0,336.95755,996.676392,2166.7251,307.654297,0.763625622,303.907623,3520319.5,1892605.75
sens_f12perm_high,1301.0,6498877.0,3636093.0,965643712.0,337.858215,921.509277,1959.8634,306.454895,0.75346595,305.177063,3523359.25,1902007.0
sens_f12perm_high,1311.0,6509434.5,3656828.0,967164608.0,338.148865,1055.73511,2073.49023,324.068512,0.749068737,304.8302,3526600.0,1911681.0
sens_f12perm_high,1321.0,6539069.5,3719378.0,971455488.0,338.058716,2963.50415,6255.02344,826.955139,0.803980589,280.075531,3534869.5,1945598.75
sens_f12perm_high,1331.0,6570755.0,3796069.5,976041152.0,337.665619,3109.79248,7753.65234,905.43634,0.830148399,270.255951,3544152.75,1989524.25
sens_f12perm_high,1341.0,6600304.5,3872751.5,980314560.0,336.944519,2954.95557,7668.19873,817.031921,0.83862108,272.364014,3552323.0,2031982.12
sens_f12perm_high,1351.0,6630449.0,3951645.5,984674112.0,336.267365,3014.43408,7889.40771,775.876282,0.844487011,272.667603,3560081.75,2074114.75
sens_f12perm_high,1361.0,6660151.0,4031048.75,988967808.0,335.614197,2970.21655,7940.31445,731.265137,0.848287463,273.205688,3567394.5,2115002.75
sens_f12perm_high,1371.0,6688911.0,4109554.0,993123008.0,335.21521,2876.0061,7850.54297,689.867371,0.851837277,274.835083,3574293.0,2154665.5
sens_f12perm_high,1381.0,6713159.5,4182449.5,996619904.0,335.581665,2424.83838,7289.54053,657.204346,0.854151368,276.57077,3580865.25,2193154.25
sens_f12perm_high,1391.0,6721150.5,4211564.5,997760384.0,336.029236,869.791809,2809.27808,288.608246,0.829427123,300.527649,3583630.25,2207361.0
sens_f12perm_high,1401.0,6721150.5,4211564.5,997760384.0,336.968414,0.0,0.0,-0.0,0.0,317.272278,3583630.25,2207361.0
sens_f12perm_high,1411.0,6737283.5,4251969.5,1000075900.0,336.868683,1608.64026,4046.11206,514.939209,0.810761034,291.145386,3589126.75,2228927.0
sens_f12perm_high,1421.0,6764751.5,4323483.5,1004032900.0,336.364349,2746.79712,7151.41748,761.736938,0.841205955,273.987549,3596744.25,2269279.75
sens_f12perm_high,1431.0,6778140.5,4362472.0,1005951360.0,336.756134,1363.79517,3862.7522,410.944183,0.834573567,293.85202,3600812.75,2290070.25
sens_f12perm_high,1441.0,6788146.0,4387093.0,1007384000.0,337.02948,1021.69818,2431.72827,251.30043,0.810600221,303.746704,3603269.75,2300905.75
sens_f12perm_high,1451.0,6812208.0,4445618.0,1010846020.0,336.865967,2406.18555,5852.52197,606.760071,0.837643027,283.693329,3609337.25,2332210.0
sens_f12perm_high,1461.0,6829626.5,4491682.0,1013345660.0,337.057648,1743.35706,4604.2832,460.229401,0.84020859,290.891388,3613954.5,2356388.0
sens_f12perm_high,1471.0,6838055.0,4515730.0,1014549250.0,337.100281,874.640442,2358.95996,272.396851,0.820517957,302.345886,3616618.5,2368926.75
sens_f12perm_high,1481.0,6854398.5,4555628.0,1016894530.0,336.176178,1634.37292,3989.79199,444.099243,0.830080271,291.670044,3621059.5,2390621.5
sens_f12perm_high,1491.0,6875308.5,4611280.0,1019893700.0,337.562164,2090.98975,5565.20801,570.283997,0.846035123,284.656738,3626762.25,2421958.5
sens_f12perm_high,1501.0,6895094.5,4674170.5,1022741760.0,337.984894,1978.59521,6289.0293,773.482361,0.861325145,270.247742,3634497.0,2470000.5
sens_f12perm_high,1511.0,6916809.5,4742875.5,1025870460.0,337.988617,2144.93823,6908.70752,763.442383,0.869324625,268.274414,3642217.5,2520665.5
sens_f12perm_high,1521.0,6937518.0,4811087.5,1028851200.0,337.592224,2070.81274,6821.16162,720.372742,0.872454464,269.777039,3649421.25,2569941.25
sens_f12perm_high,1531.0,6958147.0,4880091.5,1031818560.0,337.115387,2062.93408,6900.42432,705.169739,0.874868572,269.685455,3656473.0,2619244.0
sens_f12perm_high,1541.0,6978078.5,4948168.0,1034683010.0,336.458313,1993.12927,6807.65332,681.017151,0.876394629,269.983582,3663283.25,2667529.75
sens_f12perm_high,1551.0,6994149.0,5013273.5,1036987900.0,336.647278,1607.06689,6510.55469,683.723816,0.877782226,269.333984,3670120.5,2716635.75
sens_f12perm_high,1561.0,7015364.5,5084071.5,1040033150.0,336.144958,2105.99854,7102.26904,670.505676,0.879430413,269.41861,3676855.75,2765498.25
sens_f12perm_high,1571.0,7035784.5,5155929.0,1042960320.0,335.794708,2041.99805,7185.74512,664.816223,0.881471753,268.811157,3683503.75,2814939.25
sens_f12perm_high,1581.0,7055820.0,5226639.5,1045829630.0,335.260986,2003.58118,7071.06738,633.555359,0.88296771,269.953125,3689839.25,2862739.0
sens_f12perm_high,1591.0,7075637.0,5297881.5,1048665220.0,334.028687,1981.68506,7124.16406,631.77887,0.884439468,268.288025,3696157.25,2911092.0
sens_f12perm_high,1601.0,7095800.0,5370323.0,1051547580.0,334.040222,2016.32959,7244.19287,617.217529,0.886250675,268.795532,3702329.25,2959181.0
sens_f12perm_high,1611.0,7115063.0,5440313.0,1054298690.0,333.547791,1926.29785,6998.95654,583.928223,0.887237728,270.421112,3708168.5,3005125.75
sens_f12perm_high,1621.0,7134543.5,5512264.5,1057078850.0,332.786469,1948.02844,7195.16406,593.541931,0.888704717,268.506073,3714104.0,3052520.5
sens_f12perm_high,1631.0,7153349.5,5584351.0,1059760380.0,332.393585,1880.60559,7208.64648,590.521667,0.890157044,267.834412,3720009.25,3100376.0
sens_f12perm_high,1641.0,7171125.5,5653533.0,1062292990.0,331.941193,1777.6134,6918.21045,561.27478,0.890704095,269.318604,3725622.0,3146117.0
sens_f12perm_high,1651.0,7189766.0,5724895.5,1064946620.0,331.57077,1864.05786,7136.27002,562.182739,0.89154011,268.524933,3731243.75,3192328.25
sens_f12perm_high,1661.0,7207833.0,5797422.5,1067516420.0,331.650452,1806.68835,7252.65723,569.525024,0.892953277,267.783203,3736939.0,3239836.5
sens_f12perm_high,1671.0,7225872.5,5870488.5,1070080450.0,330.377014,1803.91516,7306.61426,570.022583,0.893713832,266.042664,3742639.25,3287767.25
sens_f12perm_high,1681.0,7243463.0,5944185.5,1072578300.0,331.317017,1759.09595,7369.72217,562.305176,0.894940317,267.246094,3748262.25,3335666.5
sens_f12perm_high,1691.0,7253917.5,5989971.0,1074060930.0,331.562744,1045.44971,4578.51807,364.608734,0.888902485,283.459229,3751908.5,3364839.25
sens_f12perm_high,1701.0,7253917.5,5989971.0,1074060930.0,332.516968,0.0,0.0,-0.0,0.0,311.407654,3751908.5,3364839.25
sens_f12perm_high,1711.0,7253917.5,5989971.0,1074060930.0,333.434418,0.0,0.0,-0.0,0.0,313.144836,3751908.5,3364839.25
sens_f12perm_high,1721.0,7253917.5,5989971.0,1074060930.0,334.722534,0.0,0.0,-0.0,0.0,314.818542,3751908.5,3364839.25
sens_f12perm_high,1731.0,7253917.5,5989971.0,1074060930.0,335.38797,0.0,0.0,-0.0,0.0,315.578705,3751908.5,3364839.25
sens_f12perm_high,1741.0,7269858.5,6029573.5,1076317310.0,335.637848,1531.65222,4048.02124,556.013306,0.825737238,286.967926,3758494.25,3389728.0
sens_f12perm_high,1751.0,7287824.0,6086568.5,1078865150.0,334.735382,1796.55115,5699.49219,604.42981,0.866303742,275.667419,3764538.5,3428892.75
sens_f12perm_high,1761.0,7300812.5,6133242.5,1080706820.0,332.5849,1298.86768,4667.40039,482.092072,0.873848081,278.34726,3769359.5,3462287.25
sens_f12perm_high,1771.0,7323124.0,6202918.0,1083869950.0,326.883301,2231.1521,6967.56006,625.466187,0.881645679,261.544922,3775614.0,3508879.5
sens_f12perm_high,1781.0,7343187.5,6275079.0,1086708100.0,332.19458,2006.35266,7216.08984,575.876221,0.888909936,269.184387,3781372.75,3554959.25
sens_f12perm_high,1791.0,7362639.0,6348709.0,1089458180.0,332.304565,1926.47144,7389.7085,560.303711,0.893108547,269.619904,3787023.5,3601706.5
sens_f12perm_high,1801.0,7381247.0,6422952.0,1092086270.0,332.26532,1860.79822,7424.27539,542.657654,0.895926952,269.888763,3792450.0,3648422.0
sens_f12perm_high,1811.0,7397488.5,6488989.5,1094378500.0,332.084137,1624.1615,6603.75244,472.814972,0.896412313,274.821716,3797178.25,3689337.75
sens_f12perm_high,1821.0,7414688.0,6559680.0,1096804610.0,332.850037,1719.95923,7069.06494,491.909546,0.898423076,273.624908,3802097.25,3732846.0
sens_f12perm_high,1831.0,7433208.0,6634634.5,1099415040.0,332.176605,1851.98389,7495.44336,499.348206,0.900410712,271.699493,3807090.75,3777993.25
sens_f12perm_high,1841.0,7451258.5,6711416.5,1101958910.0,330.700836,1805.06213,7678.21777,517.304382,0.902160764,267.961334,3812264.0,3825693.0
sens_f12perm_high,1851.0,7468166.5,6786668.0,1104339970.0,332.669769,1690.80798,7525.1167,487.798004,0.90400362,271.943695,3817141.75,3871629.25
sens_f12perm_high,1861.0,7484644.0,6861917.0,1106659710.0,333.196991,1647.71899,7524.94043,480.843994,0.905368865,272.763489,3821950.25,3917633.25
sens_f12perm_high,1871.0,7501343.0,6938494.5,1109009540.0,333.474945,1669.92505,7657.71045,476.634918,0.906608522,272.796234,3826716.75,3963903.25
sens_f12perm_high,1881.0,7517696.0,7015432.5,1111309820.0,333.769409,1635.30933,7693.82812,473.187653,0.907918513,272.915833,3831448.5,4010559.25
sens_f12perm_high,1891.0,7534173.0,7093508.0,1113626620.0,333.806366,1647.68188,7807.52148,469.17868,0.909195483,272.816071,3836140.25,4057536.5
sens_f12perm_high,1901.0,7540273.5,7120809.0,1114482560.0,333.796875,610.020264,2730.12866,163.320129,0.89337182,300.223145,3837773.5,4071220.0
sens_f12perm_high,1911.0,7547802.0,7139278.5,1115534850.0,335.541595,764.878967,1829.94312,-0.0,0.0,316.425568,3837773.5,4071220.0
sens_f12perm_high,1921.0,7561229.0,7191059.0,1117423870.0,337.665741,1342.71106,5178.00293,382.907776,0.882339418,292.76593,3841602.5,4099934.5
sens_f12perm_high,1931.0,7568966.0,7222179.0,1118510980.0,339.4039,773.692688,3112.00415,217.990631,0.882347286,303.367981,3843782.5,4116282.75
sens_f12perm_high,1941.0,7587363.0,7303032.0,1121097470.0,339.38736,1839.71985,8085.30713,526.84314,0.904589117,275.596436,3849051.0,4166232.75
sens_f12perm_high,1951.0,7604762.0,7384816.0,1123540740.0,338.668793,1739.8866,8178.4082,484.910126,0.911484241,274.91037,3853900.0,4216166.0
sens_f12perm_high,1961.0,7621483.0,7467789.5,1125887620.0,338.796356,1672.07593,8297.34766,467.732635,0.914846539,275.327728,3858577.25,4266417.0
sens_f12perm_high,1971.0,7638027.0,7546269.0,1128210300.0,332.78952,1654.4231,7847.93115,442.061279,0.914522409,270.912994,3862998.0,4313713.0
sens_f12perm_high,1981.0,7653785.5,7628205.5,1130421890.0,337.294434,1544.88538,8237.31152,446.520996,0.917421818,274.865021,3867503.25,4363264.0
sens_f12perm_high,1991.0,7669031.5,7709261.5,1132560640.0,337.26123,1524.61243,8105.59912,422.774445,0.918550313,276.883484,3871731.0,4410942.5
sens_f12perm_high,2001.0,7682727.0,7784105.5,1134481790.0,337.71106,1369.53516,7484.41846,390.288696,0.918797314,280.182404,3875634.0,4455103.5
sens_f12perm_high,2011.0,7692030.0,7831395.0,1135784830.0,339.426758,930.295837,4728.97656,231.095764,0.913154542,297.911835,3877945.0,4479402.5
sens_f12perm_high,2021.0,7706534.0,7908355.5,1137819520.0,339.681305,1450.42249,7696.02832,407.537994,0.917845011,281.07019,3882020.25,4524933.0
sens_f12perm_high,2031.0,7719360.5,7982336.5,1139618820.0,340.666443,1282.63403,7398.11865,395.724426,0.920274019,282.072723,3885977.5,4570611.5
sens_f12perm_high,2041.0,7730082.5,8020527.0,1141080320.0,340.098022,1072.2168,3819.05225,191.728363,0.912019551,302.295746,3887894.75,4590486.0
sens_f12perm_high,2051.0,7751331.0,8093638.0,1143939970.0,339.936584,2124.86938,7311.07227,397.712402,0.918736815,283.355713,3891872.0,4635450.5
sens_f12perm_high,2061.0,7775593.0,8179601.5,1147188350.0,339.547607,2426.19556,8596.33008,433.648895,0.92353195,278.367249,3896208.5,4687823.5
sens_f12perm_high,2071.0,7794657.0,8266391.0,1149774980.0,340.230743,1906.3656,8678.96582,420.570038,0.926129282,278.884796,3900414.0,4740551.0
sens_f12perm_high,2081.0,7814445.0,8345472.0,1152428030.0,338.956757,1978.81287,7908.12158,375.309998,0.926737845,282.267426,3904167.25,4788026.5
sens_f12perm_high,2091.0,7826910.0,8393558.0,1154092030.0,339.383026,1246.48206,4808.62988,233.081802,0.922201574,297.995819,3906498.0,4815655.5
sens_f12perm_high,2101.0,7846948.0,8467088.0,1156767100.0,339.906586,2003.82642,7352.9126,342.605621,0.924955189,287.632812,3909924.0,4857883.0
sens_f12perm_high,2111.0,7870787.5,8553561.0,1159935620.0,338.844208,2383.95728,8647.32422,401.047119,0.928143263,279.28772,3913934.5,4909684.5
sens_f12perm_high,2121.0,7890358.5,8627954.0,1162534020.0,338.923126,1957.08655,7439.30371,337.64679,0.928753614,285.77948,3917311.0,4953699.5
sens_f12perm_high,2131.0,7908073.0,8696122.0,1164881410.0,337.564087,1771.44202,6816.80322,322.284851,0.92836839,286.1297,3920534.0,4995468.5
sens_f12perm_high,2141.0,7927209.5,8758694.0,1167404540.0,338.348602,1913.64612,6257.24023,264.345917,0.926958919,293.922516,3923177.25,5029016.5
sens_f12perm_high,2151.0,7949259.0,8841377.0,1170325630.0,338.656219,2204.94067,8268.23047,364.371735,0.9303599,283.255768,3926821.0,5077695.0
sens_f12perm_high,2161.0,7971895.0,8927599.0,1173321340.0,338.397675,2263.61377,8622.19824,365.42923,0.932738602,281.953674,3930475.25,5128370.0
sens_f12perm_high,2171.0,7992138.5,9004938.0,1175997310.0,338.040466,2024.33508,7733.92627,318.401184,0.933068514,286.526398,3933659.25,5172757.5
sens_f12perm_high,2181.0,8008330.0,9069438.0,1178131070.0,339.412415,1619.17065,6450.06348,279.139679,0.932310343,292.141541,3936450.75,5211204.0
sens_f12perm_high,2191.0,8028752.5,9149128.0,1180827780.0,340.734131,2042.26208,7968.9541,326.177246,0.933896244,287.485291,3939712.5,5257285.5
sens_f12perm_high,2201.0,8047590.5,9223805.0,1183315460.0,341.591949,1884.52563,7466.59619,305.053284,0.934067667,289.766632,3942763.5,5300502.0
sens_f12perm_high,2208.0,8063061.5,9280293.0,1185355140.0,342.297241,2210.10498,8069.65967,317.550934,0.934954643,289.61203,3944986.5,5332453.0
sens_f12perm_high,2209.0,8065713.5,9288362.0,1185701890.0,342.240143,2652.26733,8069.60547,316.895325,0.93509227,289.81897,3945303.25,5337018.5
sens_f12perm_high,2211.0,8070865.0,9304506.0,1186376190.0,342.189056,2575.6897,8071.73779,315.779205,0.935327232,290.21933,3945935.0,5346152.0
sens_f12perm_high,2221.0,8094633.0,9354865.0,1189453310.0,343.881073,2379.07837,5035.29346,112.748619,0.923901498,318.433777,3947021.0,5359900.0
sens_f12perm_high,2231.0,8111205.0,9411431.0,1191609600.0,342.007568,1657.19446,5656.51367,245.355423,0.928892493,301.099731,3949474.5,5391951.0
sens_f12perm_high,2241.0,8131419.5,9478266.0,1194225280.0,342.438843,2021.42529,6683.51416,260.053528,0.932461619,298.277802,3952075.0,5427855.5
sens_f12perm_high,2251.0,8156112.0,9562668.0,1197426690.0,340.351349,2469.27759,8440.23828,333.358917,0.936569512,286.571564,3955408.5,5477076.5
sens_f12perm_high,2261.0,8180735.0,9648156.0,1200615680.0,339.19754,2462.27368,8548.81836,322.478577,0.938679576,286.142731,3958633.25,5526441.0
sens_f12perm_high,2271.0,8205146.5,9734559.0,1203773570.0,338.078461,2441.13892,8640.26367,316.947479,0.939813375,285.500153,3961802.75,5575932.5
sens_f12perm_high,2281.0,8218498.0,9788327.0,1205503360.0,340.392914,1335.17236,5376.76416,193.3069,0.936748028,302.770813,3963736.0,5604560.5
sens_f12perm_high,2291.0,8239603.5,9867841.0,1208239100.0,341.331085,2110.54419,7951.41211,286.766449,0.939045489,292.659607,3966603.5,5648739.0
sens_f12perm_high,2301.0,8262781.0,9956158.0,1211237630.0,341.802795,2317.74512,8831.73828,314.100739,0.941594064,289.334473,3969744.5,5699377.0
sens_f12perm_high,2304.0,8269656.0,9981273.0,1212124160.0,341.926636,2291.64551,8371.80566,289.145905,0.942087054,292.495758,3970612.0,5713487.5
sens_f12perm_high,2305.0,8272654.5,9989650.0,1212525060.0,341.717255,2998.67847,8376.13281,288.747009,0.942168891,292.677216,3970900.75,5718192.0
sens_f12perm_high,2306.0,8276001.0,9998028.0,1212977540.0,341.391937,3346.37695,8378.22559,288.364075,0.94224751,292.703552,3971189.25,5722896.5
sens_f12perm_high,2307.0,8279621.5,10006406.0,1213470980.0,340.978882,3620.81958,8378.42383,287.999084,0.942322493,292.608002,3971477.25,5727602.0
sens_f12perm_high,2309.0,8286533.0,10023163.0,1214408960.0,340.30249,3455.67065,8378.2207,287.276611,0.942470849,292.230225,3972051.75,5737014.5
sens_f12perm_high,2311.0,8293358.5,10039918.0,1215334270.0,339.676788,3412.79736,8377.86621,286.55304,0.942619443,291.766144,3972624.75,5746429.0
sens_f12perm_high,2321.0,8326231.5,10128088.0,1219753090.0,339.033295,3279.0686,8828.32324,293.95639,0.944151044,290.111847,3975582.5,5796098.0
sens_f12perm_high,2331.0,8350537.5,10174672.0,1223012860.0,330.35257,2430.62256,4658.3252,123.126076,0.935205698,302.09082,3976813.75,5813869.5
sens_f12perm_high,2341.0,8376676.0,10225363.0,1226507390.0,338.970856,2613.80957,5069.09375,109.182449,0.9297719,314.730957,3977905.75,5828324.5
sens_f12perm_high,2351.0,8404939.0,10314806.0,1230295420.0,340.253113,2826.30005,8944.38184,314.503601,0.941000342,290.532715,3981050.75,5878485.5
sens_f12perm_high,2361.0,8433794.0,10404557.0,1234177020.0,339.751434,2885.49902,8975.06348,292.622559,0.944837272,290.461945,3983977.0,5928606.0
sens_f12perm_high,2371.0,8460050.0,10488101.0,1237703940.0,338.828674,2625.5896,8354.36621,265.043549,0.945764899,292.132416,3986627.25,5974825.0
sens_f12perm_high,2381.0,8486634.0,10575298.0,1241275390.0,339.736237,2658.40039,8719.68652,271.089142,0.946921706,291.794922,3989338.25,6023187.5
sens_f12perm_high,2391.0,8512881.0,10659722.0,1244800260.0,337.862366,2624.76074,8442.41504,259.707703,0.947187006,291.132172,3991935.25,6069765.5
sens_f12perm_high,2401.0,8537642.0,10742253.0,1248123390.0,339.813751,2476.11743,8253.08691,248.390915,0.947980881,294.869598,3994419.25,6115031.5
sens_f12perm_high,2411.0,8563451.0,10831275.0,1251593340.0,340.094788,2580.80615,8902.26465,264.039276,0.949017167,292.501099,3997059.5,6164181.0
sens_f12perm_high,2421.0,8588959.0,10921927.0,1255024260.0,340.529633,2550.8623,9065.13965,268.060181,0.950134933,291.667358,3999740.25,6215257.5
sens_f12perm_high,2431.0,8595155.0,10957027.0,1255849730.0,342.124939,619.601929,3510.08496,114.861404,0.94422394,312.629303,4000888.75,6234702.0
sens_f12perm_high,2441.0,8610713.0,11039182.0,1257926020.0,344.940399,1555.78906,8215.42188,261.01651,0.947914779,294.91922,4003499.0,6282205.5
sens_f12perm_high,2451.0,8637236.0,11127480.0,1261471360.0,345.024048,2652.3396,8829.84668,260.349426,0.9501791,295.124603,4006102.5,6331859.0
sens_f12perm_high,2461.0,8662748.0,11218753.0,1264887420.0,345.243866,2551.14795,9127.2666,261.620422,0.951718271,295.208282,4008718.75,6383429.0
sens_f12perm_high,2471.0,8683484.0,11299643.0,1267649540.0,345.528564,2073.6333,8088.98486,232.177399,0.951975703,299.147919,4011040.5,6429453.0
sens_f12perm_high,2481.0,8707646.0,11388410.0,1270891010.0,345.710327,2416.13037,8876.70605,246.113953,0.952787578,297.151306,4013501.5,6479121.0
sens_f12perm_high,2491.0,8730969.0,11475681.0,1274019580.0,346.890686,2332.33887,8727.10449,236.593079,0.953531384,299.503906,4015867.5,6527670.0
sens_f12perm_high,2501.0,8753897.0,11562116.0,1277095420.0,347.745819,2292.79541,8643.55957,229.368988,0.954062521,301.287354,4018161.25,6575307.0
sens_f12perm_high,2511.0,8777046.0,11652719.0,1280202370.0,348.596375,2314.94727,9060.27148,230.383301,0.95475477,301.768921,4020465.0,6623922.0
sens_f12perm_high,2521.0,8799324.0,11738926.0,1283187200.0,345.730255,2227.79785,8620.72754,211.473236,0.95422852,300.88974,4022579.75,6668009.0
sens_f12perm_high,2524.0,8800987.0,11748375.0,1283410180.0,346.839417,554.27301,3149.64917,-0.0,0.0,332.367279,4022579.75,6668009.0
sens_f12perm_high,2531.0,8805067.0,11770139.0,1283958270.0,349.494598,594.146118,3093.13257,-0.0,0.0,324.634979,4022579.75,6668009.0
sens_f12perm_high,2541.0,8811350.0,11802459.0,1284818560.0,352.548676,628.334045,3232.08032,-0.0,0.0,327.778687,4022579.75,6668009.0
sens_f12perm_high,2551.0,8818876.0,11835700.0,1285837310.0,355.709564,752.553406,3324.02026,-0.0,0.0,328.855316,4022579.75,6668009.0
sens_f12perm_high,2558.0,8825715.0,11860188.0,1286753410.0,355.75528,976.962708,3498.33545,-0.0,0.0,328.816711,4022579.75,6668009.0
sens_f12perm_high,2561.0,8835965.0,11872194.0,1288160260.0,352.813629,3416.82495,4002.1084,663.903931,0.454690069,312.932587,4024571.5,6669669.5
sens_f12perm_high,2571.0,8865527.0,11914630.0,1292207100.0,348.41507,2926.125,4285.99463,452.304932,0.637758493,302.293701,4029276.5,6677383.5
sens_f12perm_high,2581.0,8891327.0,11959123.0,1295687040.0,345.306854,2580.04248,4449.27441,505.556488,0.648668051,295.557007,4034332.0,6686718.0
sens_f12perm_high,2591.0,8911854.0,12001564.0,1298410620.0,342.380768,2052.73413,4244.0957,547.142212,0.649979591,290.442261,4039803.5,6696878.0
sens_f12perm_high,2601.0,8931453.0,12043620.0,1301063810.0,345.840424,1959.85388,4205.61523,416.707092,0.66303885,297.470734,4043970.5,6705077.5
sens_f12perm_high,2611.0,8960208.0,12094204.0,1305011710.0,348.674438,2875.46948,5058.37988,457.878265,0.676249266,297.749451,4048549.25,6714642.0
sens_f12perm_high,2621.0,8985401.0,12145042.0,1308432260.0,348.246246,2519.35107,5083.79785,459.231171,0.684107423,297.118561,4053141.5,6724587.0
sens_f12perm_high,2631.0,9007428.0,12196689.0,1311349630.0,348.861694,2202.70825,5164.7334,464.312164,0.694206119,296.110168,4057784.75,6735127.5
sens_f12perm_high,2641.0,9036144.0,12245874.0,1315222020.0,347.766602,2850.96313,4946.97803,326.651947,0.704642773,302.522888,4061061.25,6742907.5
sens_f12perm_high,2651.0,9069085.0,12299296.0,1319683970.0,344.499451,3294.09058,5342.22656,394.520355,0.711402476,296.353363,4065006.5,6752632.5
sens_f12perm_high,2661.0,9094542.0,12351596.0,1323034500.0,344.925934,2545.67749,5229.99316,406.089905,0.721577764,294.249573,4069067.5,6763157.0
sens_f12perm_high,2671.0,9123128.0,12408694.0,1326849540.0,348.402222,2858.54712,5709.86328,396.172119,0.737874925,295.946503,4073029.25,6774309.5
sens_f12perm_high,2681.0,9157157.0,12466243.0,1331479680.0,343.940643,3387.01807,5776.49023,358.72699,0.744481504,295.60437,4076629.25,6784743.0
sens_f12perm_high,2691.0,9181019.0,12521549.0,1334622850.0,343.571167,2386.24292,5530.69043,359.18103,0.748704314,293.768738,4080221.25,6795444.5
sens_f12perm_high,2701.0,9204946.0,12576635.0,1337799420.0,342.829742,2385.58325,5518.3208,350.024719,0.753604233,292.83728,4083737.75,6806126.5
sens_f12perm_high,2711.0,9230761.0,12634935.0,1341268610.0,340.519104,2581.47388,5829.9834,358.321014,0.759285927,289.565796,4087321.0,6817429.0
sens_f12perm_high,2721.0,9253552.0,12692155.0,1344315010.0,340.158234,2279.12622,5721.97461,385.562164,0.765675128,286.310181,4091176.5,6830027.5
sens_f12perm_high,2731.0,9280037.0,12753118.0,1347941760.0,342.731659,2648.51221,6096.25195,428.042847,0.778609931,283.777222,4095457.0,6845081.5
sens_f12perm_high,2741.0,9308357.0,12818848.0,1351832060.0,344.456299,2832.04419,6573.08008,421.828217,0.793804944,283.7005,4099675.25,6861321.0
sens_f12perm_high,2751.0,9329564.0,12880118.0,1354654210.0,343.534943,2120.63232,6126.97949,392.892365,0.802827835,283.93515,4103604.25,6877318.5
sens_f12perm_high,2761.0,9349743.0,12939637.0,1357349380.0,344.178192,2011.71765,5960.06299,347.512299,0.809777498,286.483398,4107103.5,6892077.0
sens_f12perm_high,2771.0,9375001.0,13002209.0,1360826500.0,342.192535,2525.86768,6257.15332,344.374664,0.815266609,284.488983,4110547.25,6907275.0
sens_f12perm_high,2781.0,9396757.0,13063495.0,1363805180.0,341.225525,2175.52173,6128.59814,320.397552,0.81933862,284.67276,4113751.25,6921806.0
sens_f12perm_high,2784.0,9402222.0,13081574.0,1364534530.0,341.679596,1821.74365,6026.38477,312.056152,0.820556045,285.185913,4114687.25,6926086.5
sens_f12perm_high,2791.0,9415048.0,13123560.0,1366270720.0,342.481659,1811.12268,6027.9751,307.666718,0.823281646,285.121826,4116851.0,6936105.5
sens_f12perm_high,2801.0,9423399.0,13156850.0,1367432060.0,342.836243,845.79248,3315.25024,195.305954,0.812064111,299.555847,4118770.75,6944593.5
sens_f12perm_high,2811.0,9447430.0,13216259.0,1370779260.0,342.36911,2362.04663,5999.68945,294.938171,0.824189126,287.02713,4121782.75,6958328.0
sens_f12perm_high,2821.0,9471889.0,13277150.0,1374208380.0,340.468781,2445.87964,6089.07373,282.813385,0.828702152,285.905914,4124610.75,6972010.0
sens_f12perm_high,2831.0,9487720.0,13333868.0,1376352900.0,341.884247,1583.12061,5671.83252,271.22644,0.831326544,287.031738,4127323.0,6985377.5
sens_f12perm_high,2841.0,9504756.0,13396754.0,1378647420.0,343.125702,1695.13062,6299.80957,271.302643,0.835837603,286.667908,4130051.75,6999168.5
sens_f12perm_high,2851.0,9526537.0,13461663.0,1381643780.0,340.069031,2178.09692,6490.8252,269.153381,0.838188648,284.621063,4132743.25,7013110.5
sens_f12perm_high,2861.0,9545047.0,13522005.0,1384268800.0,340.76886,1862.86597,6018.19922,262.479279,0.842003226,285.40686,4135385.25,7027073.5
sens_f12perm_high,2871.0,9560008.0,13584762.0,1386296450.0,343.490387,1474.84827,6305.22998,262.129578,0.84631449,286.315643,4138024.25,7041483.0
sens_f12perm_high,2881.0,9581308.0,13657417.0,1389133820.0,345.847015,2096.38916,7314.00586,260.410004,0.851403475,286.951019,4140658.0,7056360.5
sens_f12perm_high,2891.0,9605591.0,13727806.0,1392465280.0,341.791534,2413.55029,7060.43359,245.543213,0.85205996,287.347412,4143113.75,7070501.5
sens_f12perm_high,2901.0,9626986.0,13796254.0,1395399170.0,345.933807,2139.47437,6844.78223,222.812881,0.855762422,292.510254,4145341.75,7083721.0
sens_f12perm_high,2911.0,9645413.0,13866649.0,1397849340.0,343.85318,1842.68713,7039.47705,243.470825,0.857062042,288.259735,4147776.5,7098319.5
sens_f12perm_high,2921.0,9662034.0,13934796.0,1400060030.0,343.156097,1650.83459,6830.76172,225.233597,0.858438432,288.688721,4150034.25,7111970.0
sens_f12perm_high,2931.0,9679493.0,14001246.0,1402438530.0,346.000061,1731.78088,6663.98779,212.214996,0.861581147,292.383087,4152171.75,7125157.0
sens_f12perm_high,2941.0,9699699.0,14075988.0,1405205250.0,346.182617,2020.57874,7474.14795,229.923584,0.865137279,290.340149,4154471.0,7139906.5
sens_f12perm_high,2951.0,9716474.0,14146438.0,1407451780.0,344.240265,1677.48364,7045.06885,213.203339,0.865598798,290.329102,4156603.0,7153637.5
sens_f12perm_high,2961.0,9732695.0,14215624.0,1409619200.0,343.674133,1612.8927,6931.75879,206.354904,0.86645627,290.102325,4158670.5,7167020.5
sens_f12perm_high,2971.0,9753530.0,14285427.0,1412498820.0,342.141846,2083.56763,6980.35645,196.806564,0.867067933,290.002991,4160638.5,7179857.5
sens_f12perm_high,2981.0,9771928.0,14356916.0,1415033090.0,350.173035,1839.81238,7148.86621,191.096207,0.873282015,296.295044,4162549.5,7193027.0
sens_f12perm_high,2991.0,9786967.0,14432305.0,1417031940.0,350.589417,1503.81335,7538.8667,204.44249,0.875893056,295.081543,4164594.0,7207455.5
sens_f12perm_high,3001.0,9801648.0,14504400.0,1419004160.0,350.156921,1468.14978,7209.52783,194.665909,0.877081335,295.874176,4166540.5,7221346.0
sens_f12perm_high,3011.0,9820782.0,14577063.0,1421664900.0,348.038239,1913.39478,7266.36475,187.053772,0.877817988,295.461609,4168411.0,7234784.5
sens_f12perm_high,3021.0,9837734.0,14645795.0,1424019970.0,347.008392,1695.15759,6873.12695,178.772079,0.878564894,296.018829,4170198.75,7247718.5
sens_f12perm_high,3031.0,9848447.0,14711073.0,1425478780.0,348.042206,1072.17468,6526.32617,175.449707,0.881665587,297.220825,4171964.5,7260774.5
sens_f12perm_high,3041.0,9859099.0,14773803.0,1426919170.0,348.038635,1065.14868,6272.92432,173.586761,0.882266283,297.590088,4173700.25,7273782.5
sens_f12perm_high,3051.0,9872150.0,14842473.0,1428662270.0,349.006134,1305.15186,6867.01709,163.106567,0.883583546,299.568207,4175331.25,7286162.0
sens_f12perm_high,3061.0,9884870.0,14911995.0,1430365440.0,349.608276,1272.02161,6952.24121,158.717285,0.884967923,300.743225,4176918.5,7298372.5
sens_f12perm_high,3071.0,9897188.0,14979997.0,1432018180.0,350.235565,1229.62061,6803.23047,154.506134,0.886150837,301.885681,4178467.5,7310393.0
sens_f12perm_high,3081.0,9909088.0,15047479.0,1433615740.0,351.446503,1183.66858,6756.81445,153.188782,0.887925863,302.960022,4180005.25,7322521.0
sens_f12perm_high,3091.0,9920883.0,15114589.0,1435196800.0,351.668793,1173.50635,6719.43652,142.636993,0.888336301,304.669342,4181432.5,7333867.0
sens_f12perm_high,3101.0,9933466.0,15184693.0,1436884100.0,352.076294,1246.88354,7026.45166,153.506775,0.890862405,303.005005,4182975.75,7346385.5
sens_f12perm_high,3111.0,9945736.0,15254448.0,1438529540.0,352.532593,1226.81335,6976.23828,150.24675,0.892784417,303.49881,4184483.75,7358888.5
sens_f12perm_high,3121.0,9955413.0,15309437.0,1439817220.0,352.128571,967.695618,5498.92773,118.828209,0.888882577,309.187744,4185672.25,7368394.0
sens_f12perm_high,3131.0,9963696.0,15346679.0,1440920700.0,354.430359,822.875793,3731.49585,119.817856,0.884931922,314.968475,4186865.5,7377615.5
sens_f12perm_high,3141.0,9972772.0,15386374.0,1442126980.0,352.669922,907.532227,3969.4624,127.003685,0.884580374,312.838074,4188135.75,7387349.5
sens_f12perm_high,3151.0,9981166.0,15422150.0,1443236350.0,354.160461,835.963867,3582.20312,85.448822,0.874676168,320.427277,4188980.75,7393326.5
sens_f12perm_high,3161.0,9988724.0,15453376.0,1444219780.0,355.238342,755.732117,3122.58594,-0.0,0.0,332.061523,4188980.75,7393326.5
sens_f12perm_high,3171.0,9996572.0,15480320.0,1445241090.0,350.263306,784.833313,2694.40039,-0.0,0.0,329.341736,4188980.75,7393326.5
sens_f12perm_high,3181.0,10004870.0,15506867.0,1446316930.0,341.810272,829.863647,2654.68408,-0.0,0.0,321.841858,4188980.75,7393326.5
sens_f12perm_high,3186.0,10009090.0,15520051.0,1446862720.0,337.666382,843.827026,2636.75098,-0.0,0.0,317.649353,4188980.75,7393326.5
sens_f12perm_high,3197.0,10009090.0,15520051.0,1446862720.0,339.453766,0.0,0.0,-0.0,0.0,318.763153,4188980.75,7393326.5
sens_northpv_low,11.0,0.0,0.0,0.0,329.533081,0.0,0.0,-0.0,0.0,312.159424,0.0,0.0
sens_northpv_low,21.0,0.0,0.0,0.0,329.537018,0.0,0.0,-0.0,0.0,312.178162,0.0,0.0
sens_northpv_low,31.0,0.0,0.0,0.0,329.541504,0.0,0.0,-0.0,0.0,312.191071,0.0,0.0
sens_northpv_low,41.0,0.0,0.0,0.0,329.546234,0.0,0.0,-0.0,0.0,312.201324,0.0,0.0
sens_northpv_low,51.0,19273.4434,0.0570052117,3054165.5,325.121033,1927.34424,0.00570052117,1927.34424,2.95769905e-06,301.310272,19273.4434,0.0570052117
sens_northpv_low,57.0,30847.8945,0.100376092,4883373.5,322.533325,1929.0752,0.00722848019,1929.0752,3.74710794e-06,298.40979,30847.8945,0.100376092
sens_northpv_low,61.0,42042.1914,0.156620651,6648865.0,320.052368,2798.57397,0.0140611399,2798.57397,5.02436933e-06,293.501373,42042.1914,0.156620651
sens_northpv_low,71.0,70448.5312,0.346848547,11110303.0,314.067932,2840.63452,0.0190227889,2840.63452,6.69662404e-06,287.122833,70448.5312,0.346848547
sens_northpv_low,81.0,100250.672,0.595997989,15773424.0,308.073547,2980.21362,0.0249149427,2980.21362,8.36004983e-06,280.678711,100250.672,0.595997989
sens_northpv_low,91.0,120901.648,0.774899602,18997116.0,304.340118,2065.09814,0.0178901665,2065.09814,8.66303162e-06,279.439026,120901.648,0.774899602
sens_northpv_low,101.0,150213.844,1.08588004,23559614.0,298.812958,2931.21948,0.0310980454,2931.21948,1.06091393e-05,271.655426,150213.844,1.08588004
sens_northpv_low,111.0,172370.891,1.33101416,27001722.0,294.963348,2215.7041,0.0245134067,2215.7041,1.10633628e-05,269.727783,172370.891,1.33101416
sens_northpv_low,121.0,194729.938,1.57739866,30467902.0,294.404327,2235.9043,0.0246384516,2235.9043,1.10193359e-05,269.633087,194729.938,1.57739866
sens_northpv_low,131.0,226211.422,1.90672588,35335924.0,298.464905,3149.1958,0.0319556296,3149.1958,1.01471314e-05,272.708679,226211.422,1.90672588
sens_northpv_low,141.0,268793.188,2.34140205,41892452.0,300.36795,4258.17529,0.0434676185,4258.17529,1.02079348e-05,272.238525,268793.188,2.34140205
sens_northpv_low,151.0,318916.375,2.87215137,49585368.0,300.743225,5012.31934,0.0530749224,5012.31934,1.05887821e-05,270.60968,318916.375,2.87215137
sens_northpv_low,161.0,357082.719,3.24878073,55431472.0,300.667847,3816.63574,0.037662942,3816.63574,9.86800205e-06,273.460266,357082.719,3.24878073
sens_northpv_low,166.0,381925.625,3.51516438,59232704.0,300.191925,4968.57861,0.0532767326,4968.57861,1.0722616e-05,269.931732,381925.625,3.51516438
sens_northpv_low,171.0,406778.562,3.78598166,63031864.0,299.722382,4970.58838,0.0541634597,4970.58838,1.08966715e-05,269.203247,406778.562,3.78598166
sens_northpv_low,181.0,456117.469,4.30724573,70561480.0,300.509369,4933.88916,0.0521264262,4933.88916,1.05648651e-05,270.23703,456117.469,4.30724573
sens_northpv_low,191.0,504996.75,4.7855463,78010272.0,302.551941,4887.92822,0.0478300154,4887.92822,9.78523985e-06,272.854767,504996.75,4.7855463
sens_northpv_low,192.0,509885.969,4.83144665,78764832.0,302.108246,4889.2417,0.0459004864,3540.32251,9.11621373e-06,275.58786,508537.062,4.81782055
sens_northpv_low,201.0,553881.875,5.28655529,85556768.0,298.222656,4888.27979,0.0519033186,3541.54688,1.0329366e-05,270.850708,540408.812,5.13825607
sens_northpv_low,211.0,611751.125,5.8910141,94575088.0,298.916901,5786.9248,0.06044586,3127.64526,9.70596466e-06,273.065826,571685.25,5.44182682
sens_northpv_low,221.0,660669.625,6.37669516,102216040.0,299.232422,4891.85059,0.0485681184,2377.82056,9.00002397e-06,275.557739,595463.438,5.65583324
sens_northpv_low,231.0,735862.375,7.27159977,113905992.0,294.591217,7519.26904,0.0894904509,4137.92822,1.14146469e-05,265.801147,636842.75,6.12816858
sens_northpv_low,241.0,781880.438,7.74902248,120987920.0,296.570709,4601.81055,0.0477422886,3211.9707,1.00903871e-05,270.635834,668962.438,6.45227242
sens_northpv_low,251.0,802431.812,7.93066692,124177952.0,299.774506,2055.1377,0.0181644391,1034.30664,7.76390152e-06,279.372803,679305.5,6.53257513
sens_northpv_low,261.0,865869.875,8.71056938,134057128.0,291.761932,6343.80225,0.0779902562,2737.35449,1.12514253e-05,265.664642,706679.062,6.84057045
sens_northpv_low,271.0,945234.812,9.9684782,146143472.0,282.522888,7936.49902,0.125790834,3193.35083,1.40154161e-05,254.662445,738612.562,7.28813791
sens_northpv_low,281.0,1024180.38,11.2901459,158093216.0,280.016876,7894.55176,0.132166758,3146.60449,1.44549203e-05,252.80481,770078.625,7.74298382
sens_northpv_low,291.0,1092148.5,12.3789129,168404464.0,280.30658,6796.81055,0.108876742,2721.84937,1.38747146e-05,254.884659,797297.125,8.12063789
sens_northpv_low,301.0,1166437.0,13.5087128,179730480.0,283.449951,7428.85889,0.112979993,3040.54883,1.32885962e-05,256.772186,827702.625,8.52468967
sens_northpv_low,311.0,1248023.5,14.7145624,192163792.0,284.615326,8158.64941,0.12058498,3904.07275,1.34957972e-05,255.462494,866743.312,9.05158234
sens_northpv_low,321.0,1331343.0,15.8682127,204845344.0,287.301941,8331.94922,0.115364961,5019.70703,1.34382426e-05,255.078873,916940.375,9.72615147
sens_northpv_low,331.0,1414142.25,16.9498482,217453872.0,289.283173,8279.9248,0.108163521,4934.72217,1.27391131e-05,257.422363,966287.625,10.3547993
sens_northpv_low,341.0,1495811.0,17.8927383,229893856.0,296.487213,8166.59863,0.0899166018,4918.05713,1.07688238e-05,264.412964,1015460.31,10.9096041
sens_northpv_low,351.0,1583132.88,18.7754993,243154592.0,301.410797,8740.10352,0.0855404139,5194.54297,9.51258335e-06,268.454865,1067401.38,11.421876
sens_northpv_low,354.0,1609741.0,19.0263443,247172816.0,303.036133,8869.38379,0.0836143941,5415.49268,9.19313243e-06,269.407623,1083647.75,11.5712337
sens_northpv_low,355.0,1618613.0,19.108736,248511840.0,303.577789,8871.96289,0.0823919326,5415.65332,9.05185789e-06,269.903046,1089063.5,11.6202555
sens_northpv_low,361.0,1671883.25,19.5689583,256538784.0,306.8013,8880.55957,0.0747999549,5415.62793,8.17154523e-06,272.990265,1121557.25,11.8929586
sens_northpv_low,371.0,1759759.88,20.2303905,269722368.0,311.277496,8790.98828,0.0635508597,5520.50049,7.00852024e-06,276.909302,1176765.0,12.2965221
sens_northpv_low,381.0,1846703.88,20.7514801,282717632.0,315.916229,8694.40625,0.0521090515,5432.42188,5.72343424e-06,281.550812,1231089.25,12.6074448
sens_northpv_low,391.0,1933920.88,21.1653442,295760960.0,321.353516,8721.69238,0.0413863435,4320.78809,3.94554854e-06,289.861328,1274297.12,12.7779245
sens_northpv_low,401.0,2016687.5,21.5056915,308093312.0,324.336823,8278.57422,0.0328407995,4610.18896,3.47711557e-06,292.061279,1320395.62,12.944231
sens_northpv_low,411.0,2097855.5,21.771944,320154496.0,328.20401,8116.79004,0.0266251732,4223.14209,2.72735429e-06,296.790039,1362627.0,13.059412
sens_northpv_low,421.0,2183064.75,21.9961357,332779296.0,333.696594,8520.92285,0.0224191081,4249.69287,2.01111493e-06,301.794067,1405124.0,13.1448784
sens_northpv_low,429.0,2248780.5,22.137907,342488320.0,337.883301,8214.48145,0.0177215301,4161.7207,1.69241264e-06,306.034637,1438417.75,13.2012253
sens_northpv_low,431.0,2265214.75,22.1727104,344915072.0,338.931671,8217.0791,0.0174020156,4162.49658,1.70270209e-06,307.026642,1446742.75,13.2153997
sens_northpv_low,441.0,2330397.5,2502.42773,354504032.0,328.882568,6515.66406,246.259796,3455.72705,4.25970757e-06,298.030029,1481305.38,13.3340292
sens_northpv_low,451.0,2402889.25,2503.10278,365342624.0,310.418091,7243.15674,0.0794255063,3095.45825,1.03473658e-05,280.630005,1512264.0,13.5990076
sens_northpv_low,461.0,2446795.75,2503.6499,371866560.0,308.623566,4390.66504,0.0547173098,2453.90649,1.28599149e-05,280.506287,1536803.12,13.9145823
sens_northpv_low,471.0,2517146.75,2505.51147,382320416.0,299.042908,7035.07764,0.186147287,5194.2124,3.02273402e-05,262.833984,1588745.25,15.4847021
sens_northpv_low,481.0,2592248.5,2509.02759,393461376.0,291.80542,7510.18359,0.351618975,4815.1709,5.98088918e-05,256.132812,1636896.88,18.3647747
sens_northpv_low,491.0,2670705.25,2519.24243,405050240.0,290.954987,7845.67383,1.02147603,4265.1665,9.92159985e-05,256.610504,1679548.62,22.5969219
sens_northpv_low,501.0,2746341.75,2678.33984,416201120.0,295.879028,7563.65625,15.9097404,4054.7605,0.000157420713,262.659973,1720096.25,28.9809589
sens_northpv_low,511.0,2835066.0,3325.89404,429280288.0,301.217957,8872.41699,64.7554245,4845.78076,0.000411277753,265.723572,1768554.0,48.9187775
sens_northpv_low,521.0,2923603.25,4377.82324,442329984.0,302.003571,8853.74219,105.192894,5180.73584,0.00111163012,265.340027,1820361.38,106.573486
sens_northpv_low,531.0,3003668.75,5504.09521,454158368.0,294.562653,8006.54834,112.627213,4794.18164,0.00207087537,258.517822,1868303.12,206.061035
sens_northpv_low,541.0,3077867.0,6751.00781,465113440.0,289.967957,7419.80371,124.691284,4417.89697,0.00311433175,254.507889,1912482.12,344.078827
sens_northpv_low,551.0,3140185.75,20159.0801,474116864.0,289.624481,6231.88721,1340.80713,2849.70264,0.00289455126,257.83847,1940979.12,426.804382
sens_northpv_low,561.0,3201037.0,29252.5586,482974112.0,289.421234,6085.13525,909.347839,3281.9939,0.00308539881,256.595856,1973799.12,528.380371
sens_northpv_low,571.0,3258627.75,34650.6211,491399424.0,296.158478,5759.07227,539.806335,3405.39404,0.00360243162,264.272247,2007853.0,651.500916
sens_northpv_low,581.0,3316071.75,36953.5898,499792032.0,307.538513,5744.39062,230.296768,3528.96216,0.00473048724,275.845245,2043142.62,819.231445
sens_northpv_low,591.0,3383646.0,40157.7734,509713408.0,305.209198,6757.42822,320.418365,3376.26733,0.00620628335,274.077759,2076905.38,1030.08081
sens_northpv_low,601.0,3473903.5,45626.7266,522991520.0,305.357452,9025.75195,546.895569,4722.11768,0.0110449614,267.279175,2124126.5,1557.46167
sens_northpv_low,611.0,3534550.0,51241.4375,531889536.0,310.190247,6064.65723,561.471008,2595.36328,0.0140549252,280.748505,2150080.25,1927.43799
sens_northpv_low,621.0,3583479.0,56219.6797,539059008.0,314.653717,4892.87939,497.824341,2584.49756,0.017336553,285.708405,2175925.25,2383.40576
sens_northpv_low,631.0,3671157.25,66427.5078,551971008.0,316.871063,8767.83887,1020.78302,4226.13477,0.0288303625,279.2034,2218186.5,3637.98584
sens_northpv_low,641.0,3712924.25,72015.2969,558099904.0,318.272217,4176.68896,558.77887,2316.53882,0.033204779,289.535187,2241351.75,4433.60596
sens_northpv_low,651.0,3789992.0,82828.1797,569455232.0,320.024933,7706.78076,1081.2876,4465.979,0.0535105504,278.817108,2286011.75,6958.4834
sens_northpv_low,661.0,3859113.25,94483.3438,579649664.0,317.752808,6912.12109,1165.51636,3813.30469,0.0781584233,277.552765,2324144.75,10191.5967
sens_northpv_low,671.0,3925265.25,107894.281,589400704.0,320.411194,6569.47803,1407.53564,3541.09766,0.111554004,279.736725,2359809.5,14270.9258
sens_northpv_low,681.0,3999017.25,126900.547,600287360.0,320.127411,7375.21582,1900.6261,4017.57446,0.153465867,274.05481,2399985.25,21554.2773
sens_northpv_low,691.0,4072781.25,149814.266,611177088.0,320.030151,7376.38232,2291.37207,4012.88696,0.192538619,271.296021,2440114.0,31122.9805
sens_northpv_low,701.0,4143752.0,177735.797,621635072.0,321.056061,7097.08057,2792.15332,4083.46851,0.225879744,269.207825,2480948.75,43038.0898
sens_northpv_low,711.0,4220859.0,217311.031,632972992.0,321.134003,7710.7251,3957.52295,4489.50879,0.257891774,262.836792,2525843.75,58639.6875
sens_northpv_low,721.0,4289277.0,254427.984,643031616.0,318.363953,6841.78662,3711.69458,3899.32202,0.282240838,263.189697,2564837.0,73972.7969
sens_northpv_low,731.0,4362449.0,292624.75,653808960.0,316.54715,7317.16992,3819.67578,4203.73389,0.315169334,256.461823,2606874.5,93319.0078
sens_northpv_low,741.0,4430608.0,333001.75,663834624.0,315.833374,6815.89697,4037.70093,4025.73047,0.342235088,254.975327,2647131.75,114264.883
sens_northpv_low,751.0,4497399.5,377824.062,673647872.0,317.123596,6679.18604,4482.23145,3873.2373,0.372266442,255.518112,2685864.0,137234.438
sens_northpv_low,761.0,4558992.0,424777.906,682681216.0,319.624023,6159.22461,4695.38477,3596.82007,0.400128305,258.705078,2721832.25,161226.062
sens_northpv_low,771.0,4619065.5,475504.094,691486208.0,321.931183,6007.37012,5072.61914,3506.98218,0.429501235,259.9505,2756902.25,187628.453
sens_northpv_low,781.0,4668995.0,521003.656,698793344.0,322.983429,4992.95898,4549.95654,2887.09644,0.447145015,266.980652,2785773.0,210979.078
sens_northpv_low,791.0,4715743.0,566246.75,705628352.0,324.819794,4674.78711,4524.30908,2744.78296,0.461777508,269.220428,2813221.0,234528.422
sens_northpv_low,801.0,4751383.5,598186.375,710849472.0,318.17746,3564.06152,3193.96436,2138.40186,0.45541653,270.774841,2834605.0,252411.156
sens_northpv_low,811.0,4805628.5,647004.25,718814208.0,315.325562,5424.46875,4881.78564,2973.82495,0.472791612,254.993164,2864343.25,279079.906
sens_northpv_low,821.0,4859800.0,701929.875,726752384.0,316.517639,5417.16504,5492.56445,2942.47412,0.498049825,254.545441,2893768.0,308276.0
sens_northpv_low,831.0,4906224.5,755556.062,733530496.0,320.072784,4642.44141,5362.61475,2697.19287,0.518922031,260.194977,2920739.75,337369.688
sens_northpv_low,841.0,4957969.0,808933.125,741126464.0,311.22702,5174.47168,5337.71094,2632.97876,0.531565547,252.330627,2947069.75,367247.969
sens_northpv_low,851.0,5003426.0,859811.25,747775168.0,313.99765,4545.70752,5087.81299,2119.70532,0.546890259,260.747803,2968266.75,392832.188
sens_northpv_low,861.0,5052195.0,917800.75,754894080.0,318.414856,4876.89648,5798.94678,2048.823,0.5667786,264.947754,2988755.0,419636.688
sens_northpv_low,871.0,5099017.0,980698.562,761709696.0,323.925812,4682.19238,6289.77881,2188.28613,0.589662015,266.58075,3010637.75,451082.719
sens_northpv_low,881.0,5143956.0,1044928.94,768241600.0,329.010223,4493.88281,6423.03857,2024.55713,0.609520555,273.065704,3030883.25,482685.125
sens_northpv_low,891.0,5185054.0,1107297.62,774205760.0,333.375214,4109.8335,6236.86621,1847.96704,0.624566436,279.490356,3049363.0,513427.656
sens_northpv_low,901.0,5229456.0,1174670.75,780659008.0,333.922699,4440.15918,6737.31445,1923.29932,0.63831985,276.919159,3068596.0,547371.5
sens_northpv_low,911.0,5272477.0,1241678.5,786913024.0,333.517212,4302.13818,6700.77393,1854.99707,0.649487674,276.013855,3087146.0,581743.938
sens_northpv_low,921.0,5313063.0,1310390.75,792808704.0,333.545868,4058.59375,6871.22998,1988.12183,0.661535621,271.294037,3107027.25,620602.188
sens_northpv_low,931.0,5352736.5,1375704.5,798571072.0,334.267517,3967.33862,6531.36865,1618.88489,0.669906795,278.734283,3123216.0,653456.625
sens_northpv_low,941.0,5393544.0,1443531.62,804502208.0,333.96048,4080.75024,6782.71387,1617.45557,0.679807663,277.645447,3139390.5,687797.188
sens_northpv_low,951.0,5432606.0,1511304.75,810176384.0,334.002838,3906.21875,6777.31006,1574.95007,0.689367831,277.43573,3155140.0,722749.125
sens_northpv_low,961.0,5463994.0,1568594.75,814723264.0,335.088348,3138.78027,5729.00977,1294.07898,0.691889286,284.568207,3168081.0,751808.812
sens_northpv_low,971.0,5463994.0,1568594.75,814723264.0,335.533661,0.0,0.0,-0.0,0.0,316.885742,3168081.0,751808.812
sens_northpv_low,981.0,5493962.5,1615368.25,819055936.0,335.438232,2952.50562,4738.68311,1285.80237,0.66135025,286.901093,3181574.75,776007.688
sens_northpv_low,982.0,5497085.5,1621008.5,819508416.0,335.557556,3122.84204,5640.18506,1874.80078,0.667088747,275.500488,3183449.5,779764.375
sens_northpv_low,991.0,5523716.0,1673901.75,823360640.0,336.464081,2924.71582,5926.5415,1737.8949,0.694644451,273.954529,3199294.25,815052.625
sens_northpv_low,994.0,5532605.5,1689491.38,824646400.0,335.687286,2963.20728,5196.55029,1216.51831,0.694407284,284.70929,3202943.75,823345.625
sens_northpv_low,998.0,5545459.5,1708786.62,826521344.0,334.653656,3213.42798,4823.82959,1219.68433,0.693520188,284.2388,3207822.5,834385.5
sens_northpv_low,1001.0,5554985.5,1723430.62,827908736.0,333.885498,3175.30347,4881.31494,1183.92566,0.703909039,276.891785,3211374.5,842829.25
sens_northpv_low,1011.0,5594720.5,1785768.38,833703744.0,337.13092,3905.40527,6332.27441,1224.42468,0.732495308,276.02182,3223815.75,876077.188
sens_northpv_low,1021.0,5634161.0,1854296.5,839454912.0,336.79483,3944.03833,6852.80811,1302.36536,0.742754996,271.82196,3236839.25,913680.938
sens_northpv_low,1031.0,5673265.0,1925958.25,845158272.0,336.797913,3910.42554,7166.1792,1319.90173,0.750315607,269.983307,3250038.5,953344.75
sens_northpv_low,1041.0,5711984.0,1997382.25,850811008.0,333.247467,3871.85962,7142.40186,1316.60864,0.749061108,265.265717,3263204.5,992645.938
sens_northpv_low,1051.0,5744429.0,2061860.0,855537792.0,334.112305,3236.17383,6459.86084,1195.77637,0.748612523,271.022491,3275164.0,1028253.12
sens_northpv_low,1061.0,5779447.5,2129799.0,860646272.0,332.059235,3501.85181,6793.90625,1243.56458,0.750405014,266.856293,3287599.5,1065640.75
sens_northpv_low,1071.0,5814877.0,2205014.5,865807296.0,335.678772,3542.98315,7521.54248,1301.73889,0.760246694,267.096832,3300617.0,1106918.25
sens_northpv_low,1081.0,5849151.5,2278558.75,870800640.0,335.213135,3427.41846,7354.41943,1212.05945,0.765253305,269.070618,3312737.5,1146430.38
sens_northpv_low,1091.0,5883261.0,2353723.5,875769728.0,335.319946,3410.948,7516.47998,1197.54602,0.771588027,268.616852,3324713.0,1186884.12
sens_northpv_low,1101.0,5916261.5,2428517.5,880575808.0,335.340057,3300.07227,7479.39795,1149.2478,0.777291298,269.393463,3336205.5,1226994.88
sens_northpv_low,1111.0,5948711.0,2505899.5,885299008.0,335.251221,3244.92871,7738.20508,1179.66541,0.783631444,266.517853,3348002.0,1269719.25
sens_northpv_low,1121.0,5980994.0,2583703.5,889997952.0,334.963165,3228.30762,7780.41357,1134.76758,0.789895654,267.091644,3359349.75,1312381.38
sens_northpv_low,1131.0,6004606.0,2643379.0,893425152.0,335.52652,2386.83325,5930.50732,858.243958,0.786614895,279.927094,3367902.5,1344061.5
sens_northpv_low,1141.0,6031498.0,2703892.25,897341184.0,329.216736,2689.17822,6051.31299,943.054321,0.785155237,269.028137,3377333.25,1378525.75
sens_northpv_low,1151.0,6059417.0,2770656.0,901398592.0,334.089325,2737.53247,6755.375,948.507446,0.793036401,272.957947,3386906.0,1414745.88
sens_northpv_low,1161.0,6089421.0,2845174.0,905756672.0,335.97345,3000.43188,7451.8042,970.805542,0.80120492,273.147339,3396614.0,1453872.25
sens_northpv_low,1171.0,6119797.0,2921327.25,910169856.0,335.787628,3037.58545,7615.31934,957.401184,0.806958318,272.540527,3406188.0,1493893.88
sens_northpv_low,1181.0,6148632.5,2997204.25,914356160.0,336.178864,2883.53589,7587.70215,946.180664,0.811823368,272.374939,3415649.75,1534713.5
sens_northpv_low,1191.0,6178749.0,3076594.75,918730176.0,335.946808,3011.68066,7939.06396,955.178284,0.816307664,270.531982,3425201.5,1577160.62
sens_northpv_low,1201.0,6208525.0,3157217.75,923053312.0,335.901978,2977.56421,8062.28271,943.824829,0.820323586,270.005676,3434639.75,1620251.5
sens_northpv_low,1211.0,6237679.0,3239147.25,927284224.0,335.886627,2915.43677,8192.96582,948.204529,0.824490845,268.923157,3444121.75,1664795.38
sens_northpv_low,1221.0,6266527.5,3321030.5,931470144.0,335.718994,2884.80859,8188.30371,918.08667,0.827875257,269.532867,3453302.75,1708952.88
sens_northpv_low,1231.0,6295148.5,3402168.5,935622912.0,335.450684,2862.11084,8113.81934,875.469482,0.830473363,270.825317,3462057.5,1751840.25
sens_northpv_low,1241.0,6323440.5,3483909.75,939727104.0,334.926178,2829.20142,8174.12061,873.458496,0.833326995,269.760864,3470792.0,1795511.12
sens_northpv_low,1251.0,6350140.0,3563900.0,943596800.0,335.380219,2669.96118,7999.0293,838.579346,0.836028039,271.380463,3479177.75,1838267.0
sens_northpv_low,1261.0,6377978.5,3646671.0,947633152.0,334.975372,2783.86035,8277.08203,843.041016,0.839369059,270.121796,3487608.25,1882319.75
sens_northpv_low,1271.0,6394960.0,3701310.25,950084992.0,334.912018,1745.58862,5395.2998,569.709167,0.830862164,285.936249,3493225.0,1910420.38
sens_northpv_low,1281.0,6397859.0,3713998.5,950494464.0,335.963898,325.71579,1217.41455,154.512573,0.770039082,309.445435,3494650.75,1915765.0
sens_northpv_low,1291.0,6407276.0,3736458.25,951849920.0,336.435455,941.67218,2245.97534,301.724487,0.76864177,304.031647,3497668.0,1925789.12
sens_northpv_low,1301.0,6415937.5,3756850.25,953095936.0,337.372589,879.243896,2020.54175,300.611145,0.758660376,305.242554,3500637.75,1935290.75
sens_northpv_low,1311.0,6426034.5,3778246.0,954549504.0,337.684235,1009.70007,2139.57251,318.403503,0.753928185,304.882385,3503822.0,1945046.25
sens_northpv_low,1321.0,6454634.5,3842276.25,958690432.0,337.574982,2859.97632,6403.02881,810.838501,0.808122396,280.349487,3511930.25,1979195.88
sens_northpv_low,1331.0,6484820.0,3921110.5,963059328.0,337.170013,3018.56128,7883.41553,894.982056,0.832254052,270.909027,3520880.0,2023599.5
sens_northpv_low,1341.0,6513281.5,3999342.25,967176768.0,336.430206,2846.13965,7823.17627,800.223328,0.84217,272.896057,3528882.25,2066298.88
sens_northpv_low,1351.0,6542222.5,4079948.5,971364352.0,335.730713,2894.12842,8060.64014,756.966003,0.848527193,273.275482,3536452.0,2108703.0
sens_northpv_low,1361.0,6570681.5,4161119.5,975480896.0,335.055115,2845.86133,8117.0874,712.074219,0.852524281,273.853912,3543572.75,2149866.5
sens_northpv_low,1371.0,6598199.5,4241388.0,979459904.0,334.642792,2751.80518,8026.85693,671.569397,0.856013,275.511536,3550288.5,2189791.75
sens_northpv_low,1381.0,6621329.0,4315872.5,982797760.0,335.007568,2312.96118,7448.44629,640.231201,0.858150184,277.187653,3556690.75,2228523.75
sens_northpv_low,1391.0,6628881.5,4345613.5,983875008.0,335.484528,802.149841,2906.24854,280.089355,0.834822357,300.720367,3559412.25,2242793.25
sens_northpv_low,1401.0,6628881.5,4345613.5,983875008.0,336.482941,0.0,0.0,-0.0,0.0,317.242096,3559412.25,2242793.25
sens_northpv_low,1411.0,6644271.5,4387075.5,986084416.0,336.39267,1540.27869,4143.25,504.916748,0.814743519,291.205597,3564797.5,2264519.0
sens_northpv_low,1421.0,6670763.5,4459965.0,989905344.0,335.866608,2649.16504,7288.95361,747.141663,0.844455123,274.294098,3572269.0,2305081.25
sens_northpv_low,1431.0,6683519.5,4499849.0,991734656.0,336.270081,1302.46985,3949.59766,402.886932,0.838045597,294.116058,3576253.75,2325992.0
sens_northpv_low,1441.0,6693043.5,4525151.5,993099392.0,336.562836,973.984253,2499.24829,246.753098,0.814304471,303.901947,3578665.25,2336892.5
sens_northpv_low,1451.0,6716248.0,4584878.5,996443456.0,336.384735,2320.45752,5972.71094,595.471375,0.840872943,283.98526,3584620.0,2368359.0
sens_northpv_low,1461.0,6732948.5,4631953.5,998843328.0,336.575867,1671.09045,4705.91846,450.605072,0.843776226,291.205322,3589144.75,2392669.5
sens_northpv_low,1471.0,6740959.0,4656592.0,999988096.0,336.639709,833.442383,2417.18506,267.12381,0.824257553,302.496338,3591755.5,2405284.5
sens_northpv_low,1481.0,6756697.5,4697337.5,1002250500.0,335.713348,1573.81274,4074.55371,435.6185,0.833559871,291.801422,3596111.75,2427101.0
sens_northpv_low,1491.0,6776836.0,4754066.5,1005144700.0,337.093964,2013.8667,5672.9165,558.423157,0.849446595,284.959198,3601696.0,2458608.0
sens_northpv_low,1501.0,6795942.5,4817910.0,1007899140.0,337.506134,1910.65576,6384.32471,757.263123,0.864404202,270.608307,3609268.5,2506882.5
sens_northpv_low,1511.0,6816721.5,4887928.5,1010898820.0,337.500458,2077.89209,7001.87744,750.17688,0.871721804,268.75058,3616770.25,2557861.25
sens_northpv_low,1521.0,6836706.5,4957143.5,1013782660.0,337.091309,1998.52246,6921.51807,705.802734,0.87517345,270.232788,3623828.5,2607345.75
sens_northpv_low,1531.0,6856582.0,5027194.5,1016649150.0,336.60318,1987.51233,7005.05664,690.524658,0.877604783,270.159515,3630733.75,2656858.25
sens_northpv_low,1541.0,6875761.5,5096313.5,1019413250.0,335.936829,1917.95691,6911.90479,666.854553,0.879099488,270.452423,3637402.25,2705347.0
sens_northpv_low,1551.0,6891195.0,5162306.0,1021631870.0,336.130859,1543.39075,6599.26514,670.447205,0.880278468,269.730988,3644106.75,2754643.0
sens_northpv_low,1561.0,6911477.0,5234402.0,1024551490.0,335.626465,2028.16772,7209.58496,656.417725,0.882091343,269.860596,3650670.75,2803750.75
sens_northpv_low,1571.0,6931147.5,5307291.0,1027380610.0,335.261627,1967.0481,7288.91992,650.911987,0.884074509,269.30072,3657180.0,2853390.75
sens_northpv_low,1581.0,6950438.5,5379024.0,1030153280.0,334.715881,1929.099,7173.30078,620.107605,0.88557452,270.470032,3663381.0,2901382.75
sens_northpv_low,1591.0,6969526.0,5451264.0,1032895100.0,333.475708,1908.77698,7223.97266,618.594971,0.886968732,268.798279,3669567.0,2949924.5
sens_northpv_low,1601.0,6988939.5,5524730.5,1035681410.0,333.479187,1941.31067,7346.68408,603.896301,0.888823509,269.35437,3675606.0,2998204.25
sens_northpv_low,1611.0,7007473.0,5595717.0,1038339200.0,332.983185,1853.3645,7098.61328,570.844238,0.889884412,270.985291,3681314.5,3044336.25
sens_northpv_low,1621.0,7026253.5,5668621.5,1041030590.0,332.217438,1878.05811,7290.46582,580.007629,0.891361415,269.074432,3687114.5,3091925.0
sens_northpv_low,1631.0,7044405.0,5741599.0,1043629310.0,331.822906,1815.12524,7297.7627,576.724182,0.892842174,268.407196,3692881.75,3139977.75
sens_northpv_low,1641.0,7061573.5,5811607.5,1046085120.0,331.371552,1716.8877,7000.84668,547.71698,0.893465519,269.868744,3698359.0,3185912.75
sens_northpv_low,1651.0,7079653.0,5883726.5,1048669630.0,330.998657,1807.95923,7211.91943,548.160034,0.894368708,269.098541,3703840.5,3232325.0
sens_northpv_low,1661.0,7097223.0,5956920.0,1051179070.0,331.079834,1756.95898,7319.35352,554.973083,0.895811379,268.37915,3709390.25,3280041.5
sens_northpv_low,1671.0,7114864.5,6030509.0,1053697540.0,329.806763,1764.19019,7358.89697,555.374329,0.896567106,266.614349,3714944.0,3328181.75
sens_northpv_low,1681.0,7132088.0,6104687.5,1056153860.0,330.750671,1722.34705,7417.84473,547.365662,0.897854745,267.866333,3720417.5,3376295.0
sens_northpv_low,1691.0,7142206.0,6150930.0,1057593980.0,331.006561,1011.78821,4624.24707,354.039703,0.892270923,283.919067,3723958.0,3405618.5
sens_northpv_low,1701.0,7142206.0,6150930.0,1057593980.0,332.03067,0.0,0.0,-0.0,0.0,311.498749,3723958.0,3405618.5
sens_northpv_low,1711.0,7142206.0,6150930.0,1057593980.0,333.005646,0.0,0.0,-0.0,0.0,313.082672,3723958.0,3405618.5
sens_northpv_low,1721.0,7142206.0,6150930.0,1057593980.0,334.339661,0.0,0.0,-0.0,0.0,314.731079,3723958.0,3405618.5
sens_northpv_low,1731.0,7142206.0,6150930.0,1057593980.0,335.040405,0.0,0.0,-0.0,0.0,315.483856,3723958.0,3405618.5
sens_northpv_low,1741.0,7157797.0,6191009.0,1059806020.0,335.257904,1485.84546,4110.41992,531.023376,0.834127128,286.905914,3730478.75,3430601.0
sens_northpv_low,1751.0,7175521.0,6248311.5,1062328900.0,334.322235,1728.57117,5792.47559,567.723328,0.874859273,275.745728,3736434.0,3469894.0
sens_northpv_low,1761.0,7188055.5,6295606.0,1064112380.0,332.172211,1253.47424,4729.46045,463.982361,0.87883383,278.632935,3741073.75,3503547.25
sens_northpv_low,1771.0,7209986.0,6365770.5,1067234940.0,326.436096,2193.02197,7016.44531,608.283325,0.885058641,261.914246,3747156.75,3550385.5
sens_northpv_low,1781.0,7229965.5,6437998.0,1070074180.0,331.736298,1936.1095,7311.06348,558.500549,0.892412126,270.113831,3752830.0,3596587.0
sens_northpv_low,1791.0,7248631.0,6512703.5,1072723200.0,331.838257,1866.56079,7470.56934,543.389465,0.896479726,270.525696,3758264.0,3643644.25
sens_northpv_low,1801.0,7266686.5,6587690.5,1075283710.0,331.786652,1805.51807,7498.67627,525.786316,0.899303198,270.720154,3763521.75,3690601.25
sens_northpv_low,1811.0,7282419.5,6654415.0,1077512960.0,331.609619,1573.32263,6672.46973,457.636444,0.899881244,275.557922,3768098.25,3731734.25
sens_northpv_low,1821.0,7299114.5,6725786.5,1079876860.0,332.363922,1669.47083,7137.13037,476.221252,0.901799858,274.35022,3772860.5,3775467.0
sens_northpv_low,1831.0,7317163.0,6801371.0,1082430720.0,331.67627,1804.87781,7558.44238,483.628387,0.903675973,272.419342,3777696.75,3820839.25
sens_northpv_low,1841.0,7334772.0,6878745.0,1084921220.0,330.200409,1760.87549,7737.44287,501.92691,0.905188084,268.643799,3782716.0,3868759.0
sens_northpv_low,1851.0,7351203.5,6954641.0,1087243140.0,332.157776,1643.18726,7589.5918,472.812958,0.907070637,272.676147,3787444.0,3914909.75
sens_northpv_low,1861.0,7367198.0,7030546.5,1089502080.0,332.675171,1599.44922,7590.53027,466.082153,0.908388317,273.470734,3792105.0,3961124.75
sens_northpv_low,1871.0,7383411.5,7107784.0,1091790720.0,332.943207,1621.32935,7723.76855,462.088104,0.909569323,273.48764,3796725.75,4007602.5
sens_northpv_low,1881.0,7399276.5,7185387.5,1094029180.0,333.230896,1586.50488,7760.36182,458.89621,0.910806119,273.591705,3801314.75,4054462.75
sens_northpv_low,1891.0,7415272.0,7264119.0,1096284930.0,333.261536,1599.55457,7873.11572,455.090485,0.912025094,273.481842,3805865.75,4101641.5
sens_northpv_low,1901.0,7420859.0,7292140.0,1097070340.0,333.325989,592.39502,2754.01709,162.607422,0.893859863,301.016052,3807402.0,4115463.25
sens_northpv_low,1911.0,7428194.5,7310868.0,1098099580.0,335.076508,733.536743,1872.78894,-0.0,0.0,316.025757,3807402.0,4115463.25
sens_northpv_low,1921.0,7441229.0,7363184.0,1099938690.0,337.18924,1303.44543,5231.62012,374.96637,0.884900928,291.12146,3811151.75,4144291.25
sens_northpv_low,1931.0,7448656.5,7394731.0,1100985090.0,338.938354,742.775879,3154.67358,213.047455,0.885147274,303.718231,3813282.25,4160710.5
sens_northpv_low,1941.0,7466641.0,7476139.5,1103521150.0,338.889801,1798.44934,8140.86035,514.46405,0.90692091,276.121033,3818427.0,4210837.5
sens_northpv_low,1951.0,7483670.5,7558420.0,1105919490.0,338.147186,1702.94385,8228.02539,472.867462,0.91376406,275.518066,3823155.5,4260943.0
sens_northpv_low,1961.0,7500045.0,7641859.5,1108224000.0,338.256744,1637.44128,8343.99609,455.532776,0.917146742,275.99057,3827711.0,4311368.5
sens_northpv_low,1971.0,7516397.5,7720589.0,1110525700.0,332.232849,1635.2345,7872.93896,430.953888,0.916747212,271.403564,3832020.5,4358823.0
sens_northpv_low,1981.0,7531653.5,7803219.5,1112671870.0,336.712799,1525.60095,8263.02148,434.64566,0.919697821,275.407776,3836367.0,4408603.0
sens_northpv_low,1991.0,7546726.0,7884500.5,1114791940.0,336.666748,1502.78491,8134.46973,410.866547,0.920922458,277.443512,3840488.75,4456433.0
sens_northpv_low,2001.0,7560153.0,7959706.5,1116680320.0,337.118225,1342.69739,7520.55078,378.850281,0.921257436,280.714539,3844277.25,4500757.0
sens_northpv_low,2011.0,7569169.0,8007388.5,1117946500.0,338.844666,901.609375,4768.21631,224.403229,0.91576004,298.36908,3846521.25,4525151.5
sens_northpv_low,2021.0,7583382.0,8084740.5,1119945860.0,339.093933,1421.26819,7735.19678,396.290253,0.920189679,281.577423,3850484.25,4570842.5
sens_northpv_low,2031.0,7595888.5,8159154.5,1121705090.0,340.081909,1250.69153,7441.43506,384.905762,0.922525525,282.599518,3854333.25,4616675.0
sens_northpv_low,2041.0,7606302.5,8197762.0,1123128960.0,339.531769,1041.3855,3860.75,186.457382,0.914526224,302.680176,3856198.0,4636625.0
sens_northpv_low,2051.0,7627084.0,8271511.0,1125928450.0,339.341919,2078.14502,7374.89355,386.51239,0.921102047,283.958557,3860063.0,4681749.0
sens_northpv_low,2061.0,7650790.5,8358234.5,1129104900.0,338.932556,2370.67334,8672.33691,420.617554,0.925902188,279.204407,3864269.25,4734308.0
sens_northpv_low,2071.0,7669290.5,8445802.0,1131617920.0,339.596649,1850.0,8756.74902,407.615479,0.928473771,279.770508,3868345.25,4787220.0
sens_northpv_low,2081.0,7688510.0,8525667.0,1134196100.0,338.31485,1921.9292,7986.51562,364.219757,0.928967953,283.118256,3871987.5,4834853.0
sens_northpv_low,2091.0,7700529.0,8574373.0,1135800190.0,338.749329,1201.87439,4870.58496,226.624969,0.9244259,298.660767,3874253.75,4862574.0
sens_northpv_low,2101.0,7719943.0,8648765.0,1138392320.0,339.266083,1941.4137,7439.23877,333.737823,0.926957965,288.410706,3877591.25,4904928.0
sens_northpv_low,2111.0,7743116.0,8736160.0,1141472510.0,338.178497,2317.29077,8739.41895,390.126099,0.930157959,280.1698,3881492.5,4956885.0
sens_northpv_low,2121.0,7762076.5,8811399.0,1143989120.0,338.24826,1896.05847,7523.9458,328.715759,0.930693507,286.66861,3884779.5,5001027.0
sens_northpv_low,2131.0,7779227.0,8880351.0,1146260350.0,336.893402,1715.0387,6895.21777,314.068604,0.930248618,286.917938,3887920.25,5042913.0
sens_northpv_low,2141.0,7797758.5,8943764.0,1148701950.0,337.67514,1853.17566,6341.30225,257.598053,0.928879619,294.763275,3890496.25,5076557.0
sens_northpv_low,2151.0,7819117.5,9027407.0,1151529730.0,337.9617,2135.87256,8364.26172,355.262421,0.93215102,284.19632,3894049.0,5125365.5
sens_northpv_low,2161.0,7841063.0,9114590.0,1154432000.0,337.682983,2194.55225,8718.2832,356.318451,0.93446219,282.951599,3897612.0,5176170.5
sens_northpv_low,2171.0,7860671.0,9192814.0,1157021700.0,337.321625,1960.84509,7822.46973,310.438416,0.934788644,287.487823,3900716.5,5220671.0
sens_northpv_low,2181.0,7876362.0,9258017.0,1159086590.0,338.707611,1569.06616,6520.21631,272.184601,0.934044123,293.00293,3903438.25,5259217.0
sens_northpv_low,2191.0,7896138.5,9338610.0,1161694460.0,340.020172,1977.66479,8059.34863,318.105804,0.935576677,288.40564,3906619.25,5305413.5
sens_northpv_low,2201.0,7914387.5,9414112.0,1164100990.0,340.885834,1825.78406,7548.83008,297.286469,0.93579185,290.634064,3909593.25,5348739.5
sens_northpv_low,2208.0,7929411.5,9471225.0,1166079230.0,341.583923,2146.29858,8158.94727,309.276184,0.93669492,290.555817,3911758.0,5380773.0
sens_northpv_low,2209.0,7932000.5,9479383.0,1166417280.0,341.526672,2588.72437,8158.47754,308.599945,0.93683672,290.773895,3912066.75,5385350.5
sens_northpv_low,2211.0,7937025.5,9495703.0,1167074180.0,341.47525,2512.63428,8159.89404,307.428497,0.937082946,291.190765,3912681.5,5394508.0
sens_northpv_low,2221.0,7960208.5,9546904.0,1170062080.0,343.257294,2320.85425,5119.31787,109.398392,0.926232457,319.523499,3913734.75,5408302.0
sens_northpv_low,2231.0,7976378.5,9604052.0,1172156160.0,341.38855,1616.96375,5714.76172,239.634323,0.930599213,301.90686,3916131.0,5440435.0
sens_northpv_low,2241.0,7996090.0,9671617.0,1174693380.0,341.809448,1971.15051,6756.51465,254.053329,0.934063613,299.081482,3918671.5,5476424.5
sens_northpv_low,2251.0,8020212.5,9756837.0,1177809540.0,339.682617,2412.2688,8521.95801,325.722839,0.93806082,287.412354,3921928.75,5525754.5
sens_northpv_low,2261.0,8044284.5,9843114.0,1180916480.0,338.490662,2407.22119,8627.67676,314.825043,0.940171957,287.029785,3925077.0,5575228.0
sens_northpv_low,2271.0,8068156.0,9930290.0,1183993980.0,337.330902,2387.11108,8717.61133,309.228333,0.94131583,286.403229,3928169.25,5624829.5
sens_northpv_low,2281.0,8081141.0,9984583.0,1185669120.0,339.649078,1298.5365,5429.38672,188.554825,0.938343883,303.497253,3930054.75,5653525.5
sens_northpv_low,2291.0,8101826.5,10064703.0,1188341250.0,340.553345,2060.18408,8023.54199,278.804382,0.94078052,293.359619,3932871.0,5697777.5
sens_northpv_low,2301.0,8124479.0,10153772.0,1191261820.0,340.986938,2265.25757,8906.98242,306.359192,0.943068624,290.217651,3935934.5,5748526.0
sens_northpv_low,2304.0,8131205.5,10179101.0,1192126210.0,341.102692,2242.17749,8442.7334,282.09848,0.943532646,293.377136,3936780.75,5762667.0
sens_northpv_low,2305.0,8134155.0,10187548.0,1192519680.0,340.888947,2949.29028,8447.17285,281.743866,0.943605244,293.559753,3937062.5,5767381.5
sens_northpv_low,2306.0,8137452.0,10195997.0,1192964860.0,340.559113,3296.96753,8449.37891,281.411194,0.943673491,293.585754,3937344.0,5772096.0
sens_northpv_low,2307.0,8141023.5,10204447.0,1193450880.0,340.141144,3571.35693,8449.71875,281.10672,0.943736017,293.487427,3937625.0,5776811.0
sens_northpv_low,2309.0,8147835.5,10221346.0,1194374020.0,339.456238,3406.11646,8449.64062,280.519501,0.943856418,293.097992,3938186.0,5786243.0
sens_northpv_low,2311.0,8154561.5,10238245.0,1195284480.0,338.822083,3363.02197,8449.57031,279.934204,0.943976521,292.618805,3938746.0,5795676.5
sens_northpv_low,2321.0,8186902.0,10327170.0,1199628290.0,338.144043,3224.90283,8904.08398,287.570038,0.945392847,291.002228,3941638.75,5845438.0
sens_northpv_low,2331.0,8210801.5,10374330.0,1202831490.0,329.467468,2389.95654,4716.07959,120.646202,0.936546266,302.569427,3942845.25,5863245.0
sens_northpv_low,2341.0,8236429.5,10425717.0,1206264830.0,338.06723,2562.76221,5138.65967,107.205109,0.931081772,315.507568,3943917.25,5877728.5
sens_northpv_low,2351.0,8264141.5,10515916.0,1209984130.0,339.316406,2771.23364,9019.91504,309.322052,0.941996992,291.368744,3947010.5,5927963.5
sens_northpv_low,2361.0,8292485.0,10606387.0,1213795200.0,338.79129,2834.34668,9047.05469,287.62915,0.945800841,291.276398,3949886.75,5978156.5
sens_northpv_low,2371.0,8318284.0,10690587.0,1217254660.0,337.857025,2579.87988,8420.00195,260.513,0.946713507,292.868652,3952491.75,6024440.5
sens_northpv_low,2381.0,8344408.5,10778451.0,1220755200.0,338.750885,2612.43115,8786.43066,266.400208,0.947860658,292.557281,3955155.75,6072870.5
sens_northpv_low,2391.0,8370218.5,10863516.0,1224210820.0,336.861664,2581.02979,8506.46973,255.252457,0.948113441,291.819519,3957708.5,6119512.0
sens_northpv_low,2401.0,8394567.0,10946657.0,1227466620.0,338.819031,2434.84668,8314.10156,244.131393,0.948892772,295.604889,3960149.75,6164839.5
sens_northpv_low,2411.0,8419924.0,11036344.0,1230863870.0,339.098694,2535.68799,8968.74902,259.581787,0.949896634,293.248901,3962745.5,6214052.5
sens_northpv_low,2421.0,8444988.0,11127649.0,1234223620.0,339.536621,2506.42188,9130.5166,263.539062,0.950993598,292.414246,3965381.0,6265194.0
sens_northpv_low,2431.0,8451086.0,11162888.0,1235035520.0,341.20697,609.826721,3523.85791,113.06356,0.945117533,312.973694,3966511.5,6284664.0
sens_northpv_low,2441.0,8466136.0,11245762.0,1237040510.0,344.046997,1504.94263,8287.40918,257.04718,0.948724508,295.3862,3969082.0,6332224.5
sens_northpv_low,2451.0,8492193.0,11334733.0,1240515460.0,344.138214,2605.67017,8897.11426,256.239685,0.950982034,295.745819,3971644.5,6381936.5
sens_northpv_low,2461.0,8517261.0,11426646.0,1243864060.0,344.368988,2506.85107,9191.31738,257.455597,0.95250237,295.916107,3974219.0,6433566.0
sens_northpv_low,2471.0,8537624.0,11508072.0,1246571140.0,344.67868,2036.28394,8142.52686,228.539215,0.952743411,299.804474,3976504.25,6479642.0
sens_northpv_low,2481.0,8561382.0,11597411.0,1249754750.0,344.871246,2375.83179,8933.97559,242.353561,0.953523159,297.836456,3978928.0,6529363.5
sens_northpv_low,2491.0,8584323.0,11685224.0,1252829310.0,346.066895,2294.04639,8781.29883,233.011414,0.954248488,300.215515,3981258.0,6577963.0
sens_northpv_low,2501.0,8606882.0,11772180.0,1255853820.0,346.938904,2255.92261,8695.55762,226.012421,0.954747617,301.987,3983518.25,6625648.0
sens_northpv_low,2511.0,8629639.0,11863333.0,1258907260.0,347.801483,2275.72754,9115.26465,227.135986,0.95540458,302.484528,3985789.5,6674309.0
sens_northpv_low,2521.0,8651524.0,11950087.0,1261840000.0,344.942291,2188.43921,8675.39551,208.677094,0.95484525,301.498169,3987876.25,6718436.0
sens_northpv_low,2524.0,8653101.0,11959658.0,1262050430.0,346.070892,525.96167,3190.40771,-0.0,0.0,332.917267,3987876.25,6718436.0
sens_northpv_low,2531.0,8657034.0,11981633.0,1262577020.0,348.706177,561.843384,3139.32251,-0.0,0.0,321.337006,3987876.25,6718436.0
sens_northpv_low,2541.0,8662916.0,12014522.0,1263380740.0,351.831879,588.211731,3288.88184,-0.0,0.0,324.903931,3987876.25,6718436.0
sens_northpv_low,2551.0,8670043.0,12048319.0,1264345090.0,355.098145,712.704712,3379.75537,-0.0,0.0,326.611359,3987876.25,6718436.0
sens_northpv_low,2558.0,8676623.0,12073167.0,1265226750.0,355.211792,939.918945,3549.63599,-0.0,0.0,326.779999,3987876.25,6718436.0
sens_northpv_low,2561.0,8686936.0,12085084.0,1266643580.0,352.240509,3437.66968,3972.27905,720.6651,0.397503376,303.623657,3990038.25,6719862.5
sens_northpv_low,2571.0,8717092.0,12126660.0,1270779390.0,347.820374,2993.05103,4189.54102,551.994751,0.542749941,289.474365,3995678.75,6726254.5
sens_northpv_low,2581.0,8743779.0,12169874.0,1274390530.0,344.701447,2668.66431,4321.40039,630.02887,0.545317531,280.218048,4001979.0,6733811.0
sens_northpv_low,2591.0,8765386.0,12210749.0,1277275780.0,341.743317,2160.70581,4087.51611,687.889221,0.54180795,273.405731,4008857.75,6741945.0
sens_northpv_low,2601.0,8785701.0,12251754.0,1280039420.0,345.217285,2031.52258,4100.51025,526.456665,0.556708515,282.184418,4014122.5,6748556.5
sens_northpv_low,2611.0,8815285.0,12301080.0,1284128640.0,348.014618,2958.44214,4932.54443,591.74176,0.562861562,280.744293,4020039.75,6756176.0
sens_northpv_low,2621.0,8841373.0,12350549.0,1287705340.0,347.548889,2608.80493,4946.90039,600.748718,0.567473829,279.564636,4026047.25,6764057.5
sens_northpv_low,2631.0,8864443.0,12400616.0,1290799100.0,348.135193,2306.99487,5006.7085,616.719177,0.574032068,277.680634,4032214.5,6772368.5
sens_northpv_low,2641.0,8893606.0,12449112.0,1294748800.0,347.053955,2916.21191,4849.5791,431.677246,0.591608346,286.969696,4036531.25,6778622.0
sens_northpv_low,2651.0,8927493.0,12501123.0,1299361920.0,343.736969,3388.74268,5201.13037,529.109558,0.59423393,279.180847,4041822.5,6786370.5
sens_northpv_low,2661.0,8954014.0,12551819.0,1302888190.0,344.144562,2652.15015,5069.61963,544.253174,0.609405577,275.623047,4047265.0,6794862.0
sens_northpv_low,2671.0,8983672.0,12607285.0,1306885630.0,347.603455,2965.73047,5546.60059,531.923706,0.632453322,275.804901,4052584.25,6804015.0
sens_northpv_low,2681.0,9018615.0,12663447.0,1311669380.0,343.102631,3477.07397,5640.49414,476.234283,0.646774292,276.486511,4057375.75,6812694.0
sens_northpv_low,2691.0,9043461.0,12717285.0,1314970620.0,342.724884,2484.59473,5383.81543,473.272675,0.655804992,274.329681,4062108.5,6821711.0
sens_northpv_low,2701.0,9068263.0,12771061.0,1318288000.0,341.983246,2480.19458,5377.5835,458.823395,0.664760411,273.408569,4066696.75,6830809.5
sens_northpv_low,2711.0,9095134.0,12827797.0,1321923070.0,339.648987,2678.53906,5685.91406,469.431885,0.672962189,269.423767,4071418.75,6840429.5
sens_northpv_low,2721.0,9119163.0,12883194.0,1325160830.0,339.303772,2395.46875,5550.10498,505.438507,0.681681871,264.192108,4076511.0,6851198.5
sens_northpv_low,2731.0,9147062.0,12942078.0,1329004670.0,341.865875,2789.84473,5888.4082,569.390442,0.694788337,258.386475,4082205.0,6864160.0
sens_northpv_low,2741.0,9176920.0,13005555.0,1333129220.0,343.570618,2985.85986,6347.72168,572.324707,0.710026503,256.4841,4087928.25,6878174.0
sens_northpv_low,2751.0,9199761.0,13064443.0,1336197380.0,342.653809,2284.09424,5888.8291,536.36676,0.721223295,257.170746,4093291.75,6892050.5
sens_northpv_low,2761.0,9221482.0,13121719.0,1339124220.0,343.269165,2165.27075,5736.8877,474.108002,0.731571436,261.578461,4098066.5,6904923.0
sens_northpv_low,2771.0,9248317.0,13182001.0,1342837500.0,341.231537,2683.49927,6028.1748,469.622925,0.739696085,259.515167,4102762.75,6918268.0
sens_northpv_low,2781.0,9271731.0,13240891.0,1346061180.0,340.245911,2334.22729,5899.14697,433.084229,0.748103261,260.739441,4107121.75,6931089.0
sens_northpv_low,2784.0,9277626.0,13258347.0,1346854780.0,340.716583,1964.81189,5818.74951,420.486847,0.750721335,261.487671,4108383.0,6934888.0
sens_northpv_low,2791.0,9291550.0,13298747.0,1348753540.0,341.513702,1989.1261,5771.44189,412.437256,0.756033778,261.604156,4111270.25,6943834.5
sens_northpv_low,2801.0,9300679.0,13330907.0,1350031100.0,341.930481,934.474854,3186.17822,247.4319,0.755957663,283.839813,4113728.5,6951523.0
sens_northpv_low,2811.0,9326405.0,13387911.0,1353617540.0,341.460144,2542.78394,5744.50732,387.868713,0.762439132,265.131989,4117659.75,6963894.0
sens_northpv_low,2821.0,9352642.0,13446276.0,1357297790.0,339.537628,2609.10498,5857.16797,371.831665,0.768759787,263.844208,4121396.75,6976228.0
sens_northpv_low,2831.0,9369935.0,13500904.0,1359651970.0,340.97113,1729.32153,5462.83252,354.972534,0.773536205,265.217438,4124946.5,6988353.0
sens_northpv_low,2841.0,9388472.0,13561641.0,1362162940.0,342.226288,1836.05469,6098.04932,356.282227,0.778925955,264.240326,4128530.5,7000875.0
sens_northpv_low,2851.0,9411508.0,13624743.0,1365342340.0,339.139282,2280.98169,6342.20605,353.057465,0.782446921,262.389465,4132076.25,7013550.5
sens_northpv_low,2861.0,9430777.0,13683974.0,1368083200.0,339.842468,1926.84729,5923.05957,343.955658,0.7879287,262.918304,4135515.75,7026330.0
sens_northpv_low,2871.0,9446541.0,13745555.0,1370233470.0,342.594238,1576.38354,6158.05713,343.44281,0.793898821,263.408173,4138950.25,7039559.5
sens_northpv_low,2881.0,9468949.0,13816659.0,1373216640.0,344.936401,2240.82446,7110.4292,342.749268,0.799891233,263.384857,4142377.75,7053260.0
sens_northpv_low,2891.0,9494747.0,13884924.0,1376751740.0,340.828278,2560.40771,6854.7002,320.044495,0.802899957,264.679718,4145585.25,7066286.5
sens_northpv_low,2901.0,9517520.0,13951445.0,1379869060.0,344.966949,2277.26562,6652.0415,289.088593,0.808894694,270.656586,4148476.25,7078522.5
sens_northpv_low,2911.0,9537037.0,14020314.0,1382464130.0,342.905396,1926.15137,6924.14941,315.401978,0.810987413,265.049683,4151643.25,7092036.0
sens_northpv_low,2921.0,9554376.0,14087465.0,1384765440.0,342.164185,1726.58557,6725.55273,289.752411,0.814249039,266.598969,4154549.75,7104724.5
sens_northpv_low,2931.0,9572797.0,14152576.0,1387269630.0,344.983826,1828.06006,6529.46777,271.808105,0.819320798,270.801178,4157293.5,7117012.5
sens_northpv_low,2941.0,9594304.0,14225488.0,1390212610.0,345.137604,2135.65259,7311.76123,294.956757,0.823753297,267.056641,4160261.75,7130771.0
sens_northpv_low,2951.0,9611576.0,14295235.0,1392526850.0,343.198151,1727.13721,6974.68457,271.323578,0.8258847,268.434052,4162975.0,7143640.5
sens_northpv_low,2961.0,9628383.0,14363593.0,1394774020.0,342.642395,1668.63928,6852.84521,261.262482,0.827970028,268.794952,4165597.0,7156201.0
sens_northpv_low,2971.0,9649772.0,14432614.0,1397728770.0,341.059265,2127.11523,6918.92627,247.543869,0.829981685,269.627319,4168078.5,7168276.5
sens_northpv_low,2981.0,9668662.0,14503415.0,1400327300.0,349.132599,1888.94958,7080.08594,241.574875,0.837175131,274.956421,4170494.25,7180697.0
sens_northpv_low,2991.0,9684162.0,14578138.0,1402392700.0,349.554352,1550.03125,7472.29492,258.414551,0.840621948,272.557129,4173078.5,7194327.0
sens_northpv_low,3001.0,9699515.0,14649282.0,1404457220.0,349.106445,1545.39233,7099.61719,244.46991,0.843266726,274.165192,4175531.25,7207468.0
sens_northpv_low,3011.0,9718851.0,14721659.0,1407144190.0,346.971802,1933.54297,7237.73096,233.545746,0.845190585,274.452087,4177866.75,7220218.5
sens_northpv_low,3021.0,9736335.0,14789630.0,1409574780.0,345.937408,1744.78943,6801.85791,221.851379,0.847148418,275.934082,4180090.5,7232506.0
sens_northpv_low,3031.0,9746994.0,14854922.0,1411045250.0,347.008881,1078.30505,6511.31836,218.199081,0.850762665,276.73111,4182283.25,7244929.5
sens_northpv_low,3041.0,9757529.0,14917720.0,1412494590.0,347.077118,1053.47998,6279.82227,214.047104,0.852879643,277.505341,4184423.75,7257338.0
sens_northpv_low,3051.0,9770691.0,14986173.0,1414272640.0,348.072784,1316.24841,6845.2749,200.433441,0.855080664,280.193054,4186428.25,7269164.5
sens_northpv_low,3061.0,9783407.0,15055643.0,1415993470.0,348.687408,1271.61975,6946.97314,194.656708,0.857127786,281.632477,4188374.75,7280842.5
sens_northpv_low,3071.0,9795757.0,15123541.0,1417669380.0,349.330383,1231.6969,6794.2915,188.953644,0.859045684,283.091339,4190270.25,7292349.5
sens_northpv_low,3081.0,9807758.0,15190847.0,1419290750.0,350.554199,1198.29321,6733.39697,187.271851,0.861328423,284.103424,4192148.5,7303973.5
sens_northpv_low,3091.0,9819738.0,15257672.0,1420903940.0,350.779144,1198.01013,6682.51758,173.484543,0.862592041,286.756592,4193883.25,7314864.0
sens_northpv_low,3101.0,9832143.0,15327991.0,1422576130.0,351.185303,1240.51538,7031.88428,187.892395,0.864832044,284.067505,4195762.0,7326885.5
sens_northpv_low,3111.0,9844417.0,15397711.0,1424230530.0,351.649841,1222.94983,6978.27002,183.950241,0.867205262,284.39679,4197611.0,7338884.5
sens_northpv_low,3121.0,9854404.0,15452237.0,1425569410.0,351.243927,997.677002,5453.89209,142.520737,0.865294397,294.35199,4199030.0,7348048.5
sens_northpv_low,3131.0,9863034.0,15488960.0,1426731900.0,353.552399,863.011597,3672.30298,139.951218,0.864332199,300.107117,4200429.5,7356964.5
sens_northpv_low,3141.0,9872525.0,15528039.0,1428006530.0,351.797852,949.052917,3907.89502,148.504898,0.863759756,298.275757,4201914.5,7366380.0
sens_northpv_low,3151.0,9881193.0,15563403.0,1429163650.0,353.311707,866.801758,3536.36084,96.1539383,0.857878923,309.667297,4202876.0,7372184.0
sens_northpv_low,3161.0,9888952.0,15594326.0,1430182660.0,354.416534,775.904236,3092.30688,-0.0,0.0,328.631805,4202876.0,7372184.0
sens_northpv_low,3171.0,9897019.0,15620947.0,1431240580.0,349.444641,806.673096,2662.12866,-0.0,0.0,326.787201,4202876.0,7372184.0
sens_northpv_low,3181.0,9905476.0,15647254.0,1432344960.0,340.916687,853.02655,2620.88159,-0.0,0.0,320.475739,4202876.0,7372184.0
sens_northpv_low,3186.0,9909807.0,15660267.0,1432911620.0,336.769226,866.197205,2602.56665,-0.0,0.0,316.250092,4202876.0,7372184.0
sens_northpv_low,3197.0,9909807.0,15660267.0,1432911620.0,338.69043,0.0,0.0,-0.0,0.0,317.368622,4202876.0,7372184.0
sens_northpv_high,11.0,0.0,0.0,0.0,329.655884,0.0,0.0,-0.0,0.0,312.160919,0.0,0.0
sens_northpv_high,21.0,0.0,0.0,0.0,329.659576,0.0,0.0,-0.0,0.0,312.179626,0.0,0.0
sens_northpv_high,31.0,0.0,0.0,0.0,329.663818,0.0,0.0,-0.0,0.0,312.192444,0.0,0.0
sens_northpv_high,41.0,0.0,0.0,0.0,329.668304,0.0,0.0,-0.0,0.0,312.202637,0.0,0.0
sens_northpv_high,51.0,19273.7109,0.0567179173,3054204.25,325.311371,1927.37109,0.00567179173,1927.37109,2.94275196e-06,301.347107,19273.7109,0.0567179173
sens_northpv_high,57.0,30848.3672,0.099827826,4883442.0,322.76178,1929.10913,0.00718498509,1929.10913,3.72449563e-06,298.492432,30848.3672,0.099827826
sens_northpv_high,61.0,42042.9336,0.155737236,6648972.0,320.318024,2798.64136,0.0139773516,2798.64136,4.99431007e-06,293.61203,42042.9336,0.155737236
sens_northpv_high,71.0,70449.8594,0.344506264,11110499.0,314.425049,2840.69263,0.0188769028,2840.69263,6.64513209e-06,287.315674,70449.8594,0.344506264
sens_northpv_high,81.0,100252.641,0.591495097,15773731.0,308.521484,2980.27856,0.0246988814,2980.27856,8.28737211e-06,280.955322,100252.641,0.591495097
sens_northpv_high,91.0,120904.312,0.768580675,18997540.0,304.845276,2065.1665,0.0177085567,2065.1665,8.574807e-06,279.778076,120904.312,0.768580675
sens_northpv_high,101.0,150217.0,1.07645035,23560156.0,299.405823,2931.26904,0.0307869669,2931.26904,1.05028384e-05,272.071625,150217.0,1.07645035
sens_northpv_high,111.0,172373.812,1.31889892,27002276.0,295.615601,2215.68164,0.0242448617,2215.68164,1.09422745e-05,270.207123,172373.812,1.31889892
sens_northpv_high,121.0,194731.797,1.56246376,30468358.0,295.061462,2235.79858,0.0243564751,2235.79858,1.08937411e-05,270.132202,194731.797,1.56246376
sens_northpv_high,131.0,226212.047,1.88918221,35336716.0,299.068787,3149.16699,0.0316220149,3149.16699,1.00412899e-05,273.134491,226212.047,1.88918221
sens_northpv_high,141.0,268793.438,2.31962824,41893416.0,300.934692,4258.13965,0.0430446118,4258.13965,1.01086816e-05,272.627594,268793.438,2.31962824
sens_northpv_high,151.0,318915.875,2.84546447,49586596.0,301.300201,5012.24316,0.0525836125,5012.24316,1.04909241e-05,270.99057,318915.875,2.84546447
sens_northpv_high,161.0,357081.469,3.21825242,55432932.0,301.219879,3816.55957,0.03727879,3816.55957,9.76754745e-06,273.84848,357081.469,3.21825242
sens_northpv_high,166.0,381923.938,3.48213458,59234344.0,300.749146,4968.49365,0.0527764447,4968.49365,1.06221096e-05,270.322205,381923.938,3.48213458
sens_northpv_high,171.0,406776.375,3.75040269,63033692.0,300.284454,4970.48975,0.0536536314,4970.48975,1.07943188e-05,269.600464,406776.375,3.75040269
sens_northpv_high,181.0,456114.281,4.26678514,70563776.0,301.056213,4933.78809,0.0516382344,4933.78809,1.04661358e-05,270.618866,456114.281,4.26678514
sens_northpv_high,191.0,504992.062,4.74051905,78012984.0,303.065704,4887.77881,0.0473733954,4887.77881,9.69211942e-06,273.213104,504992.062,4.74051905
sens_northpv_high,192.0,509881.344,4.78595066,78767568.0,302.630676,4889.30029,0.0454316624,3540.21875,9.02325246e-06,275.944672,508532.281,4.7724638
sens_northpv_high,201.0,553877.562,5.23653412,85559728.0,298.801849,4888.30713,0.0513536334,3541.41431,1.02231852e-05,271.260834,540402.812,5.08978224
sens_northpv_high,211.0,611748.25,5.83418417,94578448.0,299.480194,5787.06445,0.0597649701,3127.53735,9.59476711e-06,273.494995,571678.188,5.38986492
sens_northpv_high,221.0,660670.062,6.31402302,102219376.0,299.786682,4892.18457,0.0479839109,2377.7312,8.88651539e-06,275.996246,595455.5,5.60116434
sens_northpv_high,231.0,735865.0,7.19942284,113910160.0,295.211182,7519.49414,0.088539958,4137.78857,1.12935259e-05,266.282196,636833.438,6.06847191
sens_northpv_high,241.0,781882.75,7.67131567,120992648.0,297.158905,4601.77637,0.0471892878,3211.82031,9.97616462e-06,271.087158,668951.625,6.3888917
sens_northpv_high,251.0,802434.5,7.85070705,124183048.0,300.316254,2055.16968,0.0179391615,1034.27356,7.67012261e-06,279.744781,679294.375,6.46822214
sens_northpv_high,261.0,865860.312,8.62247181,134065608.0,292.417603,6342.58154,0.0771764815,2737.1958,1.11372565e-05,266.131165,706666.312,6.77307415
sens_northpv_high,271.0,945017.688,9.81558704,146190352.0,283.169495,7927.17236,0.124647841,3192.11621,1.39308322e-05,255.048294,738589.625,7.20158339
sens_northpv_high,281.0,1023922.19,11.126153,158148912.0,280.671417,7890.45117,0.131056562,3145.83008,1.43488105e-05,253.243164,770047.938,7.65297937
sens_northpv_high,291.0,1091856.0,12.2042561,168467616.0,280.972107,6793.38037,0.107810304,2721.39404,1.37588431e-05,255.369019,797261.875,8.02741623
sens_northpv_high,301.0,1166112.38,13.3229036,179800848.0,284.119324,7425.63525,0.11186479,3040.32397,1.31804463e-05,257.233673,827665.125,8.42815018
sens_northpv_high,311.0,1247671.25,14.5179071,192240592.0,285.29538,8155.88867,0.119500279,3903.61304,1.33964968e-05,255.891129,866701.25,8.95110416
sens_northpv_high,321.0,1330974.75,15.6614275,204926528.0,287.995941,8330.35156,0.1143521,5019.10449,1.33394014e-05,255.507874,916892.312,9.62063217
sens_northpv_high,331.0,1413769.25,16.733696,217537216.0,289.981659,8279.4502,0.107226737,4934.10107,1.26408804e-05,257.85144,966233.312,10.2443533
sens_northpv_high,341.0,1495436.62,17.6684971,229978576.0,297.130066,8165.67871,0.089149192,4917.44482,1.06893103e-05,264.771881,1015399.88,10.7949057
sens_northpv_high,351.0,1582821.38,18.5184383,243226176.0,301.980408,8738.47852,0.0849940181,5193.18799,9.46237469e-06,268.719971,1067331.75,11.2863092
sens_northpv_high,354.0,1609427.88,18.7678204,247244896.0,303.593262,8868.81836,0.0831276551,5414.49658,9.1476013e-06,269.649628,1083575.25,11.4348993
sens_northpv_high,355.0,1618299.5,18.8497066,248584032.0,304.130615,8871.67578,0.0818857178,5414.66992,9.00034775e-06,270.139801,1088989.88,11.483634
sens_northpv_high,361.0,1671578.25,19.3073807,256609520.0,307.329468,8882.46777,0.0743969455,5414.71582,8.12858889e-06,273.203003,1121478.12,11.7548256
sens_northpv_high,371.0,1759467.0,19.9650288,269791040.0,311.777039,8791.9248,0.0631829128,5519.72559,6.97336145e-06,277.095764,1176677.62,12.1562834
sens_northpv_high,381.0,1846415.5,20.4827194,282785856.0,316.379059,8694.84766,0.0517690815,5431.98926,5.69705344e-06,281.705109,1230997.62,12.4657488
sens_northpv_high,391.0,1933639.62,20.8930798,295828000.0,321.759216,8722.41504,0.0410358869,4320.66162,3.91999356e-06,289.965668,1274204.12,12.6351194
sens_northpv_high,401.0,2016433.12,21.2194271,308154528.0,324.710785,8279.35059,0.0326348729,4610.22754,3.46364959e-06,292.125366,1320306.5,12.7948017
sens_northpv_high,411.0,2097608.75,21.4837704,320214368.0,328.52182,8117.55176,0.0264342874,4223.37402,2.71356043e-06,296.815735,1362540.25,12.9094057
sens_northpv_high,421.0,2182824.25,21.7058582,332838144.0,333.93396,8521.55273,0.0222087428,4249.94873,2.00275554e-06,301.72287,1405039.62,12.9945221
sens_northpv_high,429.0,2248545.5,21.8471088,342546144.0,338.057648,8215.1709,0.0176562797,4161.93799,1.7567229e-06,305.889191,1438335.25,13.0530128
sens_northpv_high,431.0,2264981.25,21.8817577,344972576.0,339.089996,8217.79102,0.0173248164,4162.7002,1.77559139e-06,306.862335,1446660.62,13.0677958
sens_northpv_high,441.0,2330186.0,2486.67725,354560768.0,329.193634,6517.9082,244.914246,3455.83691,4.37204426e-06,298.093597,1481224.38,13.190177
sens_northpv_high,451.0,2402700.5,2487.46997,365400960.0,311.005829,7251.44678,0.0792794973,3096.6687,1.0759758e-05,281.013123,1512191.0,13.5233746
sens_northpv_high,461.0,2446628.25,2488.01489,371920928.0,309.248932,4392.77539,0.0545068495,2453.98096,1.32071318e-05,280.980286,1536730.88,13.8474798
sens_northpv_high,471.0,2516999.0,2489.84253,382371392.0,299.794708,7037.08789,0.182755306,5194.42334,2.98911036e-05,263.36969,1588675.12,15.4001961
sens_northpv_high,481.0,2592109.75,2493.14526,393509856.0,292.64682,7511.07715,0.33026135,4815.4541,5.72159515e-05,256.718414,1636829.62,18.1555614
sens_northpv_high,491.0,2670579.25,2498.68262,405092544.0,291.803955,7846.94385,0.553739309,4264.39893,9.42990227e-05,257.178101,1679473.62,22.177227
sens_northpv_high,501.0,2746336.75,2547.1228,416246944.0,296.676361,7575.74463,4.84403086,4054.92456,0.000148270046,263.088348,1720022.88,28.1903572
sens_northpv_high,511.0,2835226.0,3001.61255,429341024.0,301.950623,8888.93359,45.448967,4846.04004,0.00038141635,266.056519,1768483.25,46.6809998
sens_northpv_high,521.0,2923889.0,3897.88818,442404128.0,302.728851,8866.29785,89.6275482,5180.98779,0.00106286386,265.647675,1820293.12,101.806435
sens_northpv_high,531.0,3004030.25,4914.64209,454241056.0,295.394531,8014.12988,101.675377,4793.40381,0.0019953798,258.995056,1868227.12,197.644272
sens_northpv_high,541.0,3078289.25,6062.72168,465205216.0,290.834412,7425.89697,114.807976,4417.26807,0.00301408046,255.053162,1912399.88,331.186798
sens_northpv_high,551.0,3140693.25,19338.8203,474222944.0,290.485535,6240.3916,1327.60974,2849.26343,0.00281068566,258.355499,1940892.5,411.496338
sens_northpv_high,561.0,3201664.0,28249.2305,483100672.0,290.286926,6095.34766,894.154785,3282.09082,0.00302717416,257.113678,1973715.5,509.272095
sens_northpv_high,571.0,3259351.75,33515.2539,491539040.0,296.951996,5768.7915,526.602173,3405.57812,0.00353084365,264.714844,2007771.25,629.943787
sens_northpv_high,581.0,3317010.0,35515.6367,499962784.0,308.230042,5760.51855,210.811432,3530.47778,0.0045050676,276.288422,2043072.75,780.850281
sens_northpv_high,591.0,3384839.25,38378.5273,509915712.0,305.926636,6782.92139,286.289215,3376.91309,0.00594230834,274.542542,2076841.88,982.716431
sens_northpv_high,601.0,3475467.0,43350.4141,523240096.0,306.082275,9062.77539,497.188599,4723.40234,0.0106501281,267.703552,2124075.75,1491.18005
sens_northpv_high,611.0,3536628.75,48261.0508,532205664.0,310.857422,6098.03564,517.487732,2596.72168,0.0134752132,281.360779,2150054.0,1825.50452
sens_northpv_high,621.0,3585810.25,52902.2734,539406144.0,315.249664,4918.15186,464.122009,2585.69653,0.0166885909,286.041626,2175910.75,2264.34448
sens_northpv_high,631.0,3673961.0,62496.8789,552371648.0,317.447388,8815.06543,959.460693,4229.13818,0.0278587211,279.498383,2218202.25,3476.2915
sens_northpv_high,641.0,3715974.5,67765.3594,558528256.0,318.807343,4201.34375,526.848145,2318.49756,0.0320547335,289.788635,2241387.25,4244.09131
sens_northpv_high,651.0,3793515.75,77965.4219,569936704.0,320.548218,7754.13037,1020.0058,4472.19873,0.0516588911,279.091003,2286109.25,6680.22754
sens_northpv_high,661.0,3863148.75,88959.1875,580187968.0,318.309845,6963.31104,1099.37646,3821.07495,0.0755195543,277.85434,2324320.0,9801.6123
sens_northpv_high,671.0,3929925.0,101554.062,590010624.0,320.929291,6636.3457,1319.87793,3550.72144,0.1081964,279.980988,2360076.75,13748.6191
sens_northpv_high,681.0,4004605.25,119332.211,601007232.0,320.658936,7468.02441,1777.81494,4028.45459,0.150317401,274.269226,2400361.25,20875.3613
sens_northpv_high,691.0,4079460.5,140777.734,612032192.0,320.571808,7485.5249,2144.55249,4023.27832,0.189701334,271.478455,2440594.0,30294.373
sens_northpv_high,701.0,4151538.0,167184.031,622633792.0,321.59433,7207.75342,2640.62964,4094.03857,0.223190874,269.352814,2481534.5,42057.2617
sens_northpv_high,711.0,4229857.5,205078.203,634134528.0,321.690338,7831.95215,3789.41772,4501.49463,0.255264789,262.964661,2526549.5,57486.5469
sens_northpv_high,721.0,4299394.5,240633.062,644345984.0,318.963745,6953.67627,3555.48633,3910.01025,0.279656172,263.354919,2565649.5,72666.2188
sens_northpv_high,731.0,4373773.5,277143.188,655288576.0,317.181793,7437.89893,3651.01318,4215.93115,0.31259197,256.67218,2607808.75,91837.75
sens_northpv_high,741.0,4443109.0,315876.75,665475008.0,316.485077,6933.54492,3873.3562,4038.20923,0.339608371,255.191437,2648191.0,112604.359
sens_northpv_high,751.0,4511199.0,358887.031,675465152.0,317.757233,6809.01855,4301.02832,3886.01953,0.369628221,255.709946,2687051.25,135390.641
sens_northpv_high,761.0,4574140.0,403956.938,684682432.0,320.222443,6294.12842,4506.98877,3609.52466,0.397446454,258.848022,2723146.25,159199.188
sens_northpv_high,771.0,4635616.0,452727.0,693678144.0,322.491455,6147.56885,4877.00635,3519.93433,0.426860094,260.060974,2758345.75,185414.766
sens_northpv_high,781.0,4686791.5,496489.969,701154560.0,323.517822,5117.56055,4376.29639,2898.06885,0.444528073,267.07901,2787326.5,208607.172
sens_northpv_high,791.0,4734735.5,540065.5,708152064.0,325.324554,4794.37939,4357.55225,2755.43164,0.459184021,269.286926,2814880.75,232002.375
sens_northpv_high,801.0,4771122.5,570971.75,713473024.0,318.748291,3638.71973,3090.62793,2146.26245,0.452929795,271.015411,2836343.25,249771.688
sens_northpv_high,811.0,4826597.5,618074.25,721604672.0,315.958466,5547.49805,4710.24951,2984.61108,0.470423251,255.265732,2866189.5,276284.0
sens_northpv_high,821.0,4882131.0,671098.5,729728128.0,317.131256,5553.34082,5302.42725,2953.5437,0.495730609,254.750534,2895725.0,305319.312
sens_northpv_high,831.0,4929804.0,722979.312,736676544.0,320.62793,4767.29688,5188.07666,2707.71777,0.516631305,260.302551,2922802.0,334259.781
sens_northpv_high,841.0,4982670.5,774798.0,744423360.0,311.861176,5286.68311,5181.87305,2643.23853,0.529354632,252.63942,2949234.5,363989.406
sens_northpv_high,851.0,5029291.5,824052.438,751229824.0,314.591217,4662.06934,4925.43848,2127.87622,0.544786155,260.957947,2970513.25,389455.188
sens_northpv_high,861.0,5079447.5,880102.5,758537728.0,318.952789,5015.62402,5605.00635,2057.02393,0.564707518,265.004791,2991083.5,416141.062
sens_northpv_high,871.0,5127618.5,941113.5,765537664.0,324.389404,4817.08838,6101.10449,2197.53247,0.587610304,266.520203,3013058.75,447453.5
sens_northpv_high,881.0,5173884.5,1003488.44,772250944.0,329.403412,4626.61865,6237.49414,2033.13037,0.607578456,272.914001,3033390.0,478932.062
sens_northpv_high,891.0,5216201.0,1064156.25,778381440.0,333.705902,4231.63428,6066.77686,1855.92517,0.622679651,279.288025,3051949.25,509559.812
sens_northpv_high,901.0,5261808.0,1129848.88,784998720.0,334.254028,4560.71631,6569.26855,1931.86633,0.636450469,276.722839,3071268.0,543380.188
sens_northpv_high,911.0,5305944.5,1195303.38,791404160.0,333.85733,4413.61572,6545.44385,1863.38281,0.6476565,275.851776,3089901.75,577631.75
sens_northpv_high,921.0,5347518.0,1262640.25,797433792.0,333.889313,4157.35986,6733.69238,1997.41296,0.659716249,271.145416,3109876.0,616356.062
sens_northpv_high,931.0,5388197.5,1326554.25,803332224.0,334.60141,4067.93262,6391.39746,1626.18408,0.668200076,278.578491,3126137.75,649105.188
sens_northpv_high,941.0,5429991.0,1393009.62,809396672.0,334.298828,4179.375,6645.53564,1624.55371,0.678201377,277.500732,3142383.25,683343.188
sens_northpv_high,951.0,5469985.0,1459486.75,815196672.0,334.34079,3999.38867,6647.71777,1581.82019,0.687825024,277.290894,3158201.5,718195.938
sens_northpv_high,961.0,5502149.0,1515698.0,819848128.0,335.401154,3216.43066,5621.11865,1299.45947,0.690432072,284.411194,3171196.25,747177.938
sens_northpv_high,971.0,5502149.0,1515698.0,819848128.0,335.837646,0.0,0.0,-0.0,0.0,317.732849,3171196.25,747177.938
sens_northpv_high,981.0,5532774.0,1561572.62,824265856.0,335.747009,3027.93726,4633.84082,1294.14087,0.658825099,286.674347,3184778.25,771249.688
sens_northpv_high,982.0,5535968.5,1567112.62,824728128.0,335.865723,3194.39795,5540.07959,1886.63672,0.664675236,275.286774,3186664.75,774989.312
sens_northpv_high,991.0,5563223.0,1619135.38,828665344.0,336.757416,2993.16846,5831.13135,1747.53931,0.692721188,273.720367,3202600.0,810147.375
sens_northpv_high,994.0,5572339.0,1634411.25,829981440.0,335.987854,3038.64844,5091.9458,1223.04614,0.692546368,284.491852,3206269.0,818412.25
sens_northpv_high,998.0,5585451.5,1653346.5,831891456.0,334.968079,3278.07251,4733.80957,1225.89355,0.691748977,284.051239,3211172.75,829416.375
sens_northpv_high,1001.0,5595170.0,1667722.0,833305024.0,334.209808,3239.54736,4791.82324,1190.65649,0.702008605,276.729248,3214744.5,837831.25
sens_northpv_high,1011.0,5635727.5,1728911.12,839212288.0,337.421448,3987.16602,6218.01172,1230.73645,0.730958581,275.765045,3227251.75,870985.25
sens_northpv_high,1021.0,5675927.0,1796377.25,845067648.0,337.098175,4019.9436,6746.604,1308.19873,0.74147588,271.570892,3240333.75,908505.875
sens_northpv_high,1031.0,5715759.5,1867019.0,850871232.0,337.104218,3983.2229,7064.17773,1324.95007,0.749258399,269.740356,3253583.25,948097.625
sens_northpv_high,1041.0,5755181.5,1937456.25,856621056.0,333.619263,3942.24512,7043.72168,1320.88757,0.74815762,265.070282,3266792.0,987337.688
sens_northpv_high,1051.0,5788140.0,2001218.38,861417472.0,334.462585,3295.84155,6376.21094,1196.58655,0.748426616,270.694763,3278758.0,1022935.94
sens_northpv_high,1061.0,5823814.0,2068237.25,866616448.0,332.42569,3567.36865,6701.896,1245.07812,0.750068963,266.668976,3291208.75,1060302.0
sens_northpv_high,1071.0,5860007.5,2142377.0,871883776.0,335.995209,3619.34302,7413.9624,1303.9884,0.759789348,266.85437,3304248.75,1101547.38
sens_northpv_high,1081.0,5895057.0,2214829.0,876985216.0,335.534973,3504.95728,7245.20752,1214.57007,0.764717579,268.831207,3316394.25,1141023.5
sens_northpv_high,1091.0,5929965.5,2288867.5,882065792.0,335.636841,3490.88477,7403.86475,1200.29407,0.771012127,268.383423,3328397.25,1181437.88
sens_northpv_high,1101.0,5963768.0,2362532.25,886983616.0,335.652832,3380.23364,7366.47461,1152.03674,0.776698887,269.163116,3339917.75,1221508.75
sens_northpv_high,1111.0,5997018.5,2438785.75,891818496.0,335.566589,3325.06348,7625.34375,1182.46375,0.783070743,266.282196,3351742.25,1264193.25
sens_northpv_high,1121.0,6030104.5,2515460.0,896629184.0,335.273071,3308.57031,7667.41602,1137.49744,0.789344728,266.874725,3363117.25,1306816.38
sens_northpv_high,1131.0,6054334.0,2574269.0,900141760.0,335.809631,2449.24487,5842.76562,860.261963,0.786066771,279.743011,3371690.25,1338467.62
sens_northpv_high,1141.0,6081813.5,2633957.0,904138816.0,329.574677,2747.99219,5968.79785,944.935547,0.784686804,268.958923,3381139.75,1372904.75
sens_northpv_high,1151.0,6110103.5,2700219.0,908243328.0,334.370575,2828.97852,6626.2002,950.530701,0.792569101,272.689178,3390645.0,1409223.5
sens_northpv_high,1161.0,6141005.5,2773468.75,912727424.0,336.226501,3090.19824,7324.97949,973.083069,0.800697684,272.76236,3400375.75,1448317.12
sens_northpv_high,1171.0,6172219.5,2848441.0,917257536.0,336.036957,3121.38867,7497.23145,959.395325,0.806523025,272.213898,3409969.75,1488310.25
sens_northpv_high,1181.0,6201827.5,2923230.75,921551232.0,336.416595,2960.81616,7478.95898,947.877441,0.811459541,272.072723,3419448.5,1529105.88
sens_northpv_high,1191.0,6232733.0,3001512.75,926034560.0,336.188812,3090.53906,7828.21387,956.656616,0.816002131,270.241821,3429015.0,1571532.12
sens_northpv_high,1201.0,6263287.5,3081041.5,930465344.0,336.145996,3055.44751,7952.87305,945.101196,0.820062816,269.716034,3438466.0,1614605.12
sens_northpv_high,1211.0,6293190.5,3161920.5,934799552.0,336.127625,2990.32617,8087.91016,949.28833,0.824276567,268.639618,3447959.0,1659133.88
sens_northpv_high,1221.0,6322774.5,3242772.5,939086656.0,335.95752,2958.38403,8085.18213,918.953674,0.827702165,269.256836,3457148.5,1703279.62
sens_northpv_high,1231.0,6352124.5,3322889.75,943339456.0,335.688568,2934.99341,8011.73389,876.195618,0.830323815,270.555084,3465910.5,1746156.88
sens_northpv_high,1241.0,6381126.5,3403637.25,947540864.0,335.16629,2900.19531,8074.74414,874.133606,0.833190203,269.497162,3474651.75,1789818.62
sens_northpv_high,1251.0,6408510.5,3482670.0,951504128.0,335.608398,2738.41577,7903.27979,839.294373,0.835879922,271.102173,3483044.75,1832564.75
sens_northpv_high,1261.0,6437047.0,3564465.5,955635712.0,335.203308,2853.62842,8179.5498,843.790771,0.839217544,269.850159,3491482.75,1876607.0
sens_northpv_high,1271.0,6454478.5,3618478.0,958148416.0,335.127777,1789.67322,5333.95508,570.111267,0.830735445,285.738159,3497104.75,1904700.5
sens_northpv_high,1281.0,6457478.5,3631027.75,958571008.0,336.099396,335.383209,1204.21948,154.619186,0.769863844,309.290039,3498531.5,1910043.62
sens_northpv_high,1291.0,6467145.0,3653141.25,959959808.0,336.538849,966.677917,2211.35205,301.970398,0.768436074,303.838531,3501551.25,1920064.38
sens_northpv_high,1301.0,6476074.0,3673161.5,961242048.0,337.431885,901.717529,1989.43628,300.476227,0.758783996,304.983307,3504532.75,1929549.62
sens_northpv_high,1311.0,6486433.0,3694194.75,962730432.0,337.725922,1035.87952,2103.33325,318.410919,0.753925145,304.616455,3507716.75,1939305.0
sens_northpv_high,1321.0,6515707.0,3757286.75,966962496.0,337.63205,2927.42285,6309.20947,811.55603,0.807943344,279.989166,3515832.5,1973445.62
sens_northpv_high,1331.0,6546616.5,3835112.75,971429376.0,337.257782,3090.96826,7782.59424,896.018494,0.832049668,270.504822,3524792.5,2017835.62
sens_northpv_high,1341.0,6575769.0,3912382.75,975640192.0,336.537811,2915.23389,7726.99121,801.115723,0.841985047,272.506592,3532803.75,2060523.12
sens_northpv_high,1351.0,6605414.0,3992009.0,979922880.0,335.857391,2964.51538,7962.63818,757.756409,0.848361433,272.901825,3540381.25,2102916.75
sens_northpv_high,1361.0,6634585.0,4072187.75,984135680.0,335.20639,2917.07227,8017.85742,712.790588,0.852367878,273.480347,3547509.25,2144070.5
sens_northpv_high,1371.0,6662784.5,4151508.0,988206464.0,334.798096,2819.9563,7932.03418,672.231567,0.85586369,275.165802,3554231.5,2183986.75
sens_northpv_high,1381.0,6686503.0,4225174.0,991623488.0,335.153534,2371.82935,7366.6084,640.78064,0.858022332,276.847565,3560639.25,2222711.5
sens_northpv_high,1391.0,6694270.0,4254620.0,992728768.0,335.588745,823.668518,2876.68335,280.295624,0.834692657,300.465942,3563363.0,2236978.0
sens_northpv_high,1401.0,6694270.0,4254620.0,992728768.0,336.463013,0.0,0.0,-0.0,0.0,316.412354,3563363.0,2236978.0
sens_northpv_high,1411.0,6710070.0,4295512.5,994993408.0,336.39328,1574.22302,4096.43896,505.641754,0.814459085,290.985931,3568718.25,2258747.25
sens_northpv_high,1421.0,6737449.0,4367160.5,998936000.0,335.878723,2685.0918,7240.45996,733.524353,0.847480655,273.664276,3576303.75,2299147.25
sens_northpv_high,1431.0,6750445.5,4406720.0,1000795140.0,336.271118,1326.61304,3916.89355,399.872742,0.839343131,293.824493,3580254.25,2320107.0
sens_northpv_high,1441.0,6760191.0,4431720.5,1002188160.0,336.545013,996.976074,2467.78125,245.792313,0.815085709,303.638489,3582654.75,2331023.5
sens_northpv_high,1451.0,6783918.5,4490725.5,1005601410.0,336.387329,2372.7522,5900.48975,594.619202,0.841118455,283.629242,3588601.0,2362502.5
sens_northpv_high,1461.0,6801026.5,4537238.0,1008055040.0,336.576355,1711.85364,4649.69629,450.355255,0.843870759,290.831299,3593121.5,2386819.5
sens_northpv_high,1471.0,6809239.5,4561600.0,1009225980.0,336.620972,853.713501,2389.41211,267.043365,0.824315786,302.175018,3595731.25,2399436.0
sens_northpv_high,1481.0,6825347.5,4601835.5,1011537020.0,335.72403,1610.8418,4023.54541,435.615295,0.833563924,291.467865,3600087.5,2421253.0
sens_northpv_high,1491.0,6845985.0,4657875.0,1014497410.0,337.085754,2063.73999,5603.96777,558.643555,0.849386096,284.553711,3605674.0,2452757.5
sens_northpv_high,1501.0,6865468.5,4721194.0,1017302850.0,337.509521,1948.36353,6331.89551,757.74762,0.864314914,270.158081,3613251.25,2501026.25
sens_northpv_high,1511.0,6886694.0,4790591.5,1020362880.0,337.519653,2122.53394,6939.78564,750.675964,0.871632934,268.296387,3620758.0,2551998.25
sens_northpv_high,1521.0,6907117.5,4859198.5,1023305600.0,337.123474,2042.3252,6860.68848,706.213562,0.875098348,269.8013,3627820.25,2601477.75
sens_northpv_high,1531.0,6927429.0,4928643.0,1026230780.0,336.646027,2031.17017,6944.44922,690.851013,0.877545178,269.752441,3634728.75,2650986.0
sens_northpv_high,1541.0,6947038.5,4997165.5,1029052610.0,335.993439,1960.92456,6852.24805,667.107849,0.879052281,270.061188,3641399.75,2699471.75
sens_northpv_high,1551.0,6962822.5,5062673.0,1031318210.0,336.183563,1578.44702,6550.7583,670.661682,0.880239367,269.339233,3648106.5,2748765.25
sens_northpv_high,1561.0,6983583.5,5134104.0,1034302140.0,335.692017,2076.07104,7143.0708,656.568115,0.882064044,269.475067,3654672.25,2797871.0
sens_northpv_high,1571.0,7003726.0,5206337.5,1037194620.0,335.338135,2014.23254,7223.38086,651.007507,0.884057581,268.91684,3661182.25,2847510.25
sens_northpv_high,1581.0,7023487.5,5277416.5,1040030460.0,334.801697,1976.18958,7107.8916,620.134399,0.885570109,270.099335,3667383.5,2895502.25
sens_northpv_high,1591.0,7043037.5,5349015.0,1042834110.0,333.583038,1954.96558,7159.83789,618.548218,0.886978209,268.456604,3673569.0,2944045.0
sens_northpv_high,1601.0,7062936.5,5421806.5,1045685570.0,333.588196,1989.94006,7279.15967,603.815674,0.888839543,269.006897,3679607.25,2992326.25
sens_northpv_high,1611.0,7081942.0,5492138.0,1048406340.0,333.099823,1900.53894,7033.15723,570.739319,0.889906049,270.651154,3685314.5,3038459.75
sens_northpv_high,1621.0,7101194.5,5564389.0,1051160510.0,332.347565,1925.23547,7225.08789,579.85614,0.891391635,268.76004,3691113.25,3086051.0
sens_northpv_high,1631.0,7119809.0,5636725.0,1053820860.0,331.960297,1861.46606,7233.5791,576.532837,0.892879844,268.100098,3696878.5,3134106.75
sens_northpv_high,1641.0,7137422.5,5706118.0,1056335620.0,331.515839,1761.35608,6939.30225,547.479126,0.893514156,269.578796,3702353.25,3180045.25
sens_northpv_high,1651.0,7155977.5,5777580.0,1058982980.0,331.152557,1855.46606,7146.21729,547.895264,0.894422352,268.806976,3707832.25,3226461.25
sens_northpv_high,1661.0,7174014.5,5850127.5,1061554110.0,331.232452,1803.7146,7254.74854,554.675964,0.89586997,268.085938,3713379.0,3274182.25
sens_northpv_high,1671.0,7192117.0,5923081.0,1064133120.0,329.982056,1810.24707,7295.35059,555.001282,0.896639943,266.351929,3718929.0,3322328.25
sens_northpv_high,1681.0,7209816.0,5996603.5,1066651970.0,330.910858,1769.89636,7352.22461,546.976501,0.897930861,267.573273,3724398.75,3370447.25
sens_northpv_high,1691.0,7220237.0,6042428.5,1068131780.0,331.137878,1042.10022,4582.53613,353.713409,0.892375708,283.664124,3727936.0,3399775.5
sens_northpv_high,1701.0,7220237.0,6042428.5,1068131780.0,332.080261,0.0,0.0,-0.0,0.0,311.273987,3727936.0,3399775.5
sens_northpv_high,1711.0,7220237.0,6042428.5,1068131780.0,332.99585,0.0,0.0,-0.0,0.0,312.834534,3727936.0,3399775.5
sens_northpv_high,1721.0,7220237.0,6042428.5,1068131780.0,334.281616,0.0,0.0,-0.0,0.0,314.434753,3727936.0,3399775.5
sens_northpv_high,1731.0,7220237.0,6042428.5,1068131780.0,334.950287,0.0,0.0,-0.0,0.0,315.155365,3727936.0,3399775.5
sens_northpv_high,1741.0,7236249.0,6081933.5,1070397310.0,335.194214,1534.6394,4043.46509,536.516724,0.832288444,286.586334,3734411.5,3424821.75
sens_northpv_high,1751.0,7254512.5,6138495.0,1072990400.0,334.2789,1782.98279,5717.68701,570.195679,0.874285817,275.254791,3740389.5,3464082.25
sens_northpv_high,1761.0,7267429.0,6185265.5,1074823550.0,332.161957,1291.67456,4677.03906,464.667297,0.878646255,278.213013,3745036.25,3497726.0
sens_northpv_high,1771.0,7289904.5,6254683.5,1078016260.0,326.524475,2247.53687,6941.80713,608.264709,0.885062814,261.604858,3751118.75,3544564.75
sens_northpv_high,1781.0,7310469.5,6326106.5,1080931580.0,331.761566,1995.41785,7229.43506,558.366028,0.892439604,269.65918,3756791.0,3590768.25
sens_northpv_high,1791.0,7329699.5,6400036.0,1083654140.0,331.874603,1923.00208,7392.98193,543.118408,0.896533966,270.079468,3762222.25,3637829.5
sens_northpv_high,1801.0,7348293.5,6474282.5,1086284670.0,331.832153,1859.39575,7424.64453,525.377625,0.899385154,270.300232,3767476.0,3684792.5
sens_northpv_high,1811.0,7364497.5,6540360.5,1088575100.0,331.650421,1620.40942,6607.79688,457.102356,0.900003135,275.176666,3772047.0,3725933.25
sens_northpv_high,1821.0,7381694.0,6611042.0,1091004290.0,332.399017,1719.68372,7068.13965,475.642914,0.901924014,273.958008,3776803.5,3769674.0
sens_northpv_high,1831.0,7400267.0,6685907.5,1093625860.0,331.728058,1857.26416,7486.54443,482.993896,0.90380758,272.044373,3781633.25,3815055.5
sens_northpv_high,1841.0,7418367.5,6762607.5,1096179840.0,330.280914,1810.04236,7670.02393,501.251373,0.905321002,268.29892,3786645.75,3862985.0
sens_northpv_high,1851.0,7435289.5,6837830.5,1098565250.0,332.215271,1692.23914,7522.28076,472.186279,0.907198787,272.292328,3791367.75,3909144.75
sens_northpv_high,1861.0,7451755.0,6913091.0,1100884990.0,332.724182,1646.51746,7526.03418,465.458832,0.908515871,273.083466,3796022.25,3955368.75
sens_northpv_high,1871.0,7468440.0,6989682.0,1103234300.0,332.99176,1668.52832,7659.14062,461.452423,0.909698725,273.098297,3800636.75,4001855.75
sens_northpv_high,1881.0,7484768.0,7066652.0,1105532420.0,333.277557,1632.7959,7696.98145,458.264282,0.910933733,273.203217,3805219.5,4048725.0
sens_northpv_high,1891.0,7501226.0,7144750.5,1107847550.0,333.309143,1645.7749,7809.86816,454.436737,0.912156343,273.09903,3809763.75,4095913.25
sens_northpv_high,1901.0,7507081.0,7172402.0,1108668290.0,333.333099,606.810791,2734.69116,160.83902,0.89506501,300.669861,3811315.0,4109713.75
sens_northpv_high,1911.0,7514668.5,7190784.5,1109729410.0,335.036316,758.780762,1838.2915,-0.0,0.0,315.752472,3811315.0,4109713.75
sens_northpv_high,1921.0,7528051.5,7242625.0,1111612930.0,337.126953,1338.30054,5184.04346,373.39975,0.885404527,291.273895,3815049.0,4138564.0
sens_northpv_high,1931.0,7535716.0,7273849.0,1112689540.0,338.841553,766.430298,3122.38721,212.484818,0.885464847,303.30249,3817173.75,4154991.0
sens_northpv_high,1941.0,7554201.5,7354573.5,1115289600.0,338.830597,1848.56018,8072.47266,513.665527,0.907071531,275.649506,3822310.5,4205129.5
sens_northpv_high,1951.0,7571721.5,7436185.0,1117750660.0,338.122406,1751.96887,8161.10498,472.274231,0.913876593,275.048981,3827033.25,4255244.0
sens_northpv_high,1961.0,7588577.0,7518967.5,1120116990.0,338.245392,1685.56763,8278.25488,454.971619,0.917252779,275.531158,3831583.0,4305677.5
sens_northpv_high,1971.0,7605340.5,7597136.5,1122470780.0,332.322754,1676.35388,7816.91504,430.205872,0.916896939,271.103119,3835885.0,4353143.0
sens_northpv_high,1981.0,7621050.5,7679146.0,1124675200.0,336.748871,1570.98535,8200.94531,433.906525,0.919839144,275.01059,3840224.0,4402933.5
sens_northpv_high,1991.0,7636523.0,7759883.5,1126845820.0,336.708374,1547.24597,8073.74463,410.209015,0.92105335,277.014008,3844326.25,4450792.0
sens_northpv_high,2001.0,7650355.5,7834535.0,1128786180.0,337.146606,1383.24707,7465.16846,378.218445,0.921393335,280.328552,3848108.5,4495125.0
sens_northpv_high,2011.0,7659677.5,7881799.5,1130091520.0,338.83374,932.203796,4726.42383,224.033905,0.915903568,297.995361,3850348.75,4519524.5
sens_northpv_high,2021.0,7674307.5,7958581.0,1132144260.0,339.089752,1463.02783,7678.1626,395.650726,0.920323014,281.170654,3854305.25,4565225.0
sens_northpv_high,2031.0,7687186.5,8032488.0,1133951100.0,340.065521,1287.87952,7390.69971,384.223999,0.922667682,282.169922,3858147.5,4611067.5
sens_northpv_high,2041.0,7697850.5,8070757.0,1135406340.0,339.512848,1066.41357,3826.88721,186.120163,0.914686561,302.324219,3860008.75,4631022.5
sens_northpv_high,2051.0,7719042.5,8143946.0,1138258940.0,339.359528,2119.21606,7318.91699,385.878143,0.921235979,283.527588,3863867.5,4676155.5
sens_northpv_high,2061.0,7743238.5,8230002.5,1141498880.0,339.000916,2419.57593,8605.66504,419.991913,0.926015973,278.727386,3868067.5,4728723.5
sens_northpv_high,2071.0,7762215.5,8316918.5,1144073470.0,339.67099,1897.72754,8691.59863,407.006287,0.92858398,279.294098,3872137.5,4781644.0
sens_northpv_high,2081.0,7781862.0,8396202.0,1146706690.0,338.405487,1964.61743,7928.34912,363.678802,0.929076672,282.698517,3875774.25,4829285.0
sens_northpv_high,2091.0,7794150.0,8444541.0,1148345340.0,338.819489,1228.80457,4833.9375,226.260437,0.924551129,298.305023,3878036.75,4857011.0
sens_northpv_high,2101.0,7813999.0,8518341.0,1150993660.0,339.341431,1984.92688,7379.91846,333.249359,0.927067935,288.003937,3881369.25,4899371.5
sens_northpv_high,2111.0,7837642.0,8605095.0,1154134400.0,338.282776,2364.2605,8675.4541,389.573029,0.930259764,279.750671,3885265.0,4951336.5
sens_northpv_high,2121.0,7857003.5,8679788.0,1156702850.0,338.351379,1936.15955,7469.31299,328.247589,0.930794895,286.246735,3888547.5,4995485.0
sens_northpv_high,2131.0,7874495.5,8748276.0,1159018110.0,337.003448,1749.1886,6848.74609,313.597839,0.930355966,286.539185,3891683.5,5037378.0
sens_northpv_high,2141.0,7893403.0,8811177.0,1161508220.0,337.764801,1890.78406,6290.10938,257.218079,0.928987324,294.364136,3894255.75,5071027.0
sens_northpv_high,2151.0,7915205.5,8894215.0,1164393470.0,338.060669,2180.25171,8303.79883,354.766998,0.932248116,283.754944,3897803.25,5119842.0
sens_northpv_high,2161.0,7937602.0,8980784.0,1167353980.0,337.795593,2239.61353,8656.88574,355.810364,0.934558034,282.500519,3901361.5,5170654.5
sens_northpv_high,2171.0,7957611.0,9058462.0,1169995520.0,337.432465,2000.92419,7767.86768,309.958984,0.93489188,287.05896,3904461.0,5215161.5
sens_northpv_high,2181.0,7973601.5,9123257.0,1172098940.0,338.786774,1599.02893,6479.45703,271.755737,0.934150517,292.567169,3907178.5,5253713.5
sens_northpv_high,2191.0,7993787.0,9203293.0,1174759810.0,340.084106,2018.5531,8003.61377,317.623383,0.935676754,287.939331,3910354.75,5299916.5
sens_northpv_high,2201.0,8012410.5,9278285.0,1177214980.0,340.921204,1863.5011,7497.45508,296.815918,0.93589592,290.182343,3913324.0,5343249.0
sens_northpv_high,2208.0,8027740.5,9334981.0,1179232900.0,341.612213,2190.01343,8099.38818,308.785858,0.936797738,290.08432,3915485.5,5375287.0
sens_northpv_high,2209.0,8030373.0,9343079.0,1179576450.0,341.556641,2632.61377,8098.77051,308.110474,0.936939299,290.299194,3915793.75,5379865.0
sens_northpv_high,2211.0,8035487.5,9359278.0,1180244860.0,341.505493,2557.06323,8099.45898,306.935486,0.937186241,290.716766,3916407.5,5389024.0
sens_northpv_high,2221.0,8059097.0,9409864.0,1183300350.0,343.113037,2362.79272,5058.49512,109.187645,0.926378369,319.067505,3917458.75,5402821.0
sens_northpv_high,2231.0,8075524.0,9466641.0,1185435390.0,341.291046,1642.65503,5677.71973,239.230972,0.930718958,301.549072,3919851.0,5434959.0
sens_northpv_high,2241.0,8095588.0,9533692.0,1188030340.0,341.725586,2006.43542,6705.0752,253.655884,0.934169233,298.723785,3922387.75,5470954.0
sens_northpv_high,2251.0,8120134.0,9618312.0,1191209860.0,339.666809,2454.59619,8461.94824,325.218781,0.93815881,287.07843,3925639.75,5520291.0
sens_northpv_high,2261.0,8144625.0,9703998.0,1194378620.0,338.519318,2449.09375,8568.60938,314.301941,0.940273583,286.728851,3928782.75,5569772.0
sens_northpv_high,2271.0,8168904.0,9790601.0,1197515900.0,337.400818,2427.87158,8660.26855,308.68338,0.941421509,286.13443,3931869.75,5619380.5
sens_northpv_high,2281.0,8182142.5,9844539.0,1199227650.0,339.676544,1323.87415,5393.8291,188.19368,0.938464582,303.261627,3933751.75,5648081.5
sens_northpv_high,2291.0,8203115.5,9924254.0,1201942400.0,340.589935,2097.29639,7971.52832,279.6185,0.940603018,293.179718,3936547.75,5692361.5
sens_northpv_high,2301.0,8226160.0,10012774.0,1204919810.0,341.042603,2304.44336,8851.98633,306.201447,0.943098307,289.930267,3939609.75,5743112.0
sens_northpv_high,2304.0,8232997.0,10037947.0,1205800320.0,341.158997,2278.9585,8391.15527,281.816772,0.943590105,293.098297,3940455.25,5757254.5
sens_northpv_high,2305.0,8235982.5,10046343.0,1206199170.0,340.95105,2985.82202,8395.87598,281.42572,0.943670213,293.286285,3940736.75,5761969.0
sens_northpv_high,2306.0,8239315.5,10054742.0,1206649600.0,340.62915,3333.05225,8398.41016,281.064758,0.943744242,293.318542,3941017.75,5766684.0
sens_northpv_high,2307.0,8242923.0,10063141.0,1207140860.0,340.220978,3607.16602,8399.05176,280.738342,0.943811238,293.22702,3941298.5,5771399.5
sens_northpv_high,2309.0,8249806.0,10079940.0,1208074240.0,339.551483,3441.6897,8399.40625,280.122192,0.9439376,292.851807,3941858.75,5780832.5
sens_northpv_high,2311.0,8256603.0,10096739.0,1208994940.0,338.931305,3398.50195,8399.55371,279.51593,0.944061995,292.387695,3942417.75,5790267.5
sens_northpv_high,2321.0,8289319.5,10185147.0,1213388540.0,338.278229,3263.03247,8852.66309,287.104919,0.94548291,290.804474,3945306.0,5840035.5
sens_northpv_high,2331.0,8313495.0,10231926.0,1216627710.0,329.698273,2417.55591,4677.90527,120.391212,0.936683476,302.560089,3946509.75,5857845.5
sens_northpv_high,2341.0,8339520.5,10282795.0,1220102400.0,338.185944,2602.53442,5086.91797,107.030792,0.931196392,315.326385,3947580.0,5872331.5
sens_northpv_high,2351.0,8367657.5,10372466.0,1223857410.0,339.453857,2813.73706,8967.0918,308.657379,0.942124248,291.152344,3950666.75,5922575.5
sens_northpv_high,2361.0,8396414.0,10462436.0,1227698940.0,338.949738,2875.5979,8997.06641,287.322479,0.945859671,291.098267,3953540.0,5972772.5
sens_northpv_high,2371.0,8422563.0,10546204.0,1231187330.0,338.031769,2614.94092,8376.71484,260.161102,0.946786821,292.738678,3956141.5,6019061.0
sens_northpv_high,2381.0,8449029.0,10633633.0,1234721790.0,338.92334,2646.57593,8742.91211,266.019897,0.947936475,292.422028,3958801.75,6067496.0
sens_northpv_high,2391.0,8475148.0,10718295.0,1238211330.0,337.068237,2611.91431,8466.2207,254.851807,0.948196411,291.742126,3961350.25,6114143.5
sens_northpv_high,2401.0,8499782.0,10801055.0,1241501310.0,338.990021,2463.42041,8276.04395,243.75087,0.948973954,295.52121,3963787.75,6159476.0
sens_northpv_high,2411.0,8525442.0,10890336.0,1244936190.0,339.268494,2565.93237,8928.04688,259.191589,0.949973285,293.152924,3966379.75,6208694.5
sens_northpv_high,2421.0,8550795.0,10981248.0,1248333060.0,339.702728,2535.32959,9091.26758,263.148804,0.951067388,292.315247,3969011.25,6259841.0
sens_northpv_high,2431.0,8556970.0,11016383.0,1249154820.0,341.304688,617.545105,3513.4165,112.866653,0.945214868,312.957581,3970139.75,6279314.0
sens_northpv_high,2441.0,8572287.0,11098895.0,1251193730.0,344.094788,1531.65784,8251.23047,256.67218,0.948800623,295.263336,3972706.5,6326879.0
sens_northpv_high,2451.0,8598643.0,11187454.0,1254709250.0,344.195862,2635.57495,8855.92871,255.893677,0.951049328,295.559509,3975265.5,6376596.0
sens_northpv_high,2461.0,8624080.0,11278854.0,1258109180.0,344.414215,2533.9812,9152.80371,256.571747,0.952668428,295.816223,3977850.0,6428211.0
sens_northpv_high,2471.0,8644669.0,11359963.0,1260849020.0,344.711151,2058.80933,8110.94092,227.982574,0.952860534,299.662933,3980129.75,6474294.5
sens_northpv_high,2481.0,8668692.0,11448938.0,1264068740.0,344.905762,2402.323,8897.51367,241.860046,0.953619421,297.654846,3982548.5,6524022.5
sens_northpv_high,2491.0,8691891.0,11536396.0,1267178110.0,346.087311,2319.91577,8745.77246,232.600784,0.954330444,300.002686,3984874.5,6572628.0
sens_northpv_high,2501.0,8714707.0,11623002.0,1270236030.0,346.94754,2281.59644,8660.625,225.644638,0.954822481,301.766235,3987131.0,6620317.5
sens_northpv_high,2511.0,8737748.0,11713771.0,1273325440.0,347.800964,2304.13013,9076.8418,226.789841,0.955473661,302.259094,3989398.75,6668983.5
sens_northpv_high,2521.0,8759925.0,11800131.0,1276294780.0,344.98822,2217.6521,8635.99707,208.352417,0.954916656,301.320068,3991482.25,6713115.0
sens_northpv_high,2524.0,8761557.0,11809627.0,1276512380.0,346.080475,544.261841,3165.28345,-0.0,0.0,332.773987,3991482.25,6713115.0
sens_northpv_high,2531.0,8765552.0,11831521.0,1277046140.0,348.659943,581.193787,3112.83569,-0.0,0.0,321.299561,3991482.25,6713115.0
sens_northpv_high,2541.0,8771651.0,11864113.0,1277877760.0,351.646179,609.907715,3259.2583,-0.0,0.0,324.661621,3991482.25,6713115.0
sens_northpv_high,2551.0,8779015.0,11897589.0,1278872450.0,354.755249,736.379761,3347.56787,-0.0,0.0,326.093781,3991482.25,6713115.0
sens_northpv_high,2558.0,8785758.0,11922217.0,1279774720.0,354.783905,963.256287,3518.23975,-0.0,0.0,326.121765,3991482.25,6713115.0
sens_northpv_high,2561.0,8796151.0,11934030.0,1281198980.0,351.888763,3464.4729,3937.76636,714.39032,0.403907061,302.918182,3993625.5,6714567.5
sens_northpv_high,2571.0,8826583.0,11975253.0,1285363840.0,347.559296,3018.43311,4156.65723,547.925049,0.546769083,288.781891,3999230.0,6721013.0
sens_northpv_high,2581.0,8853551.0,12018092.0,1289009150.0,344.517242,2696.79614,4283.91553,626.697021,0.548201144,279.585907,4005496.75,6728617.0
sens_northpv_high,2591.0,8875413.0,12058626.0,1291925890.0,341.610016,2186.18433,4053.43726,685.015076,0.544114292,272.861603,4012347.0,6736793.0
sens_northpv_high,2601.0,8896047.0,12099199.0,1294729600.0,345.022949,2063.40771,4057.31836,524.494812,0.558689594,281.625549,4017592.0,6743433.0
sens_northpv_high,2611.0,8926073.0,12147952.0,1298865020.0,347.805267,3002.6311,4875.32666,589.79303,0.564585626,280.125031,4023490.0,6751080.5
sens_northpv_high,2621.0,8952599.0,12196864.0,1302484350.0,347.361938,2652.6438,4891.17041,598.873474,0.569090605,278.950958,4029478.5,6758989.5
sens_northpv_high,2631.0,8976080.0,12246405.0,1305619970.0,347.951508,2348.07642,4954.03223,614.821533,0.575598776,277.079651,4035626.75,6767328.5
sens_northpv_high,2641.0,9005832.0,12294103.0,1309643390.0,346.862152,2944.43066,4812.18457,430.607361,0.592797935,287.212921,4039947.5,6773578.5
sens_northpv_high,2651.0,9040046.0,12345681.0,1314295040.0,343.622437,3421.42456,5157.85059,528.065063,0.595174015,278.794159,4045228.25,6781342.5
sens_northpv_high,2661.0,9066927.0,12395919.0,1317857790.0,344.039642,2688.10205,5023.79004,542.748535,0.61067754,275.075104,4050655.75,6789855.5
sens_northpv_high,2671.0,9096988.0,12450883.0,1321891970.0,347.481415,3006.11011,5496.3623,530.18573,0.633861184,275.154785,4055957.5,6799034.5
sens_northpv_high,2681.0,9132351.0,12506520.0,1326714240.0,343.081421,3518.71729,5588.25781,474.632202,0.648158252,275.863678,4060733.5,6807736.0
sens_northpv_high,2691.0,9157557.0,12559899.0,1330051460.0,342.708069,2520.62744,5337.95605,471.69516,0.657136977,273.749664,4065450.5,6816776.5
sens_northpv_high,2701.0,9182790.0,12613110.0,1333417220.0,341.96994,2516.03247,5331.03076,457.191711,0.666138768,272.806732,4070049.0,6825860.5
sens_northpv_high,2711.0,9209907.0,12669537.0,1337075710.0,339.696228,2711.73535,5642.68604,468.112244,0.674025714,268.962006,4074730.0,6835540.0
sens_northpv_high,2721.0,9234152.0,12724666.0,1340333060.0,339.350739,2424.49707,5512.87695,504.274323,0.682534456,263.980072,4079772.75,6846381.5
sens_northpv_high,2731.0,9262339.0,12783173.0,1344209020.0,341.881409,2818.70728,5850.67188,568.098267,0.69558984,257.904144,4085453.75,6859363.0
sens_northpv_high,2741.0,9292677.0,12846011.0,1348389760.0,343.567902,3012.75171,6313.37061,569.707336,0.711539388,255.690186,4091221.75,6873312.5
sens_northpv_high,2751.0,9315782.0,12904570.0,1351482110.0,342.668152,2310.521,5855.9375,534.141296,0.722539663,256.608063,4096563.25,6887222.0
sens_northpv_high,2761.0,9337604.0,12961719.0,1354419580.0,343.268585,2173.14819,5727.229,472.209015,0.732788622,261.026978,4101318.75,6900123.0
sens_northpv_high,2771.0,9364510.0,13021912.0,1358140420.0,341.247253,2690.67212,6019.21729,467.766113,0.740856469,258.917206,4105996.5,6913495.5
sens_northpv_high,2781.0,9387919.0,13080821.0,1361360900.0,340.269073,2340.896,5890.91211,431.558685,0.749101162,260.009705,4110312.0,6926380.5
sens_northpv_high,2784.0,9394069.0,13097935.0,1362184450.0,340.719727,2049.9856,5704.71973,419.028564,0.751693606,260.805115,4111569.0,6930186.0
sens_northpv_high,2791.0,9408097.0,13138201.0,1364094980.0,341.481018,2003.91943,5752.34912,411.151093,0.756888688,260.937622,4114447.25,6939146.5
sens_northpv_high,2801.0,9417257.0,13170329.0,1365374590.0,341.832123,933.388367,3188.94873,246.761414,0.756699979,283.31366,4116896.75,6946847.5
sens_northpv_high,2811.0,9443277.0,13226938.0,1368997500.0,341.378845,2561.71313,5718.50439,386.857758,0.763131976,264.543091,4120818.0,6959234.0
sens_northpv_high,2821.0,9469519.0,13285313.0,1372674560.0,339.512177,2624.19336,5837.48145,371.223816,0.769184113,263.255127,4124530.25,6971605.0
sens_northpv_high,2831.0,9486941.0,13339774.0,1375043710.0,340.910004,1742.23572,5446.11426,354.160217,0.774115205,264.61087,4128071.75,6983742.0
sens_northpv_high,2841.0,9505536.0,13400445.0,1377559680.0,342.14679,1859.43713,6067.03906,355.487274,0.779475987,263.807037,4131626.75,6996307.0
sens_northpv_high,2851.0,9528745.0,13463318.0,1380759680.0,339.136322,2320.92773,6287.29639,352.385162,0.782907248,261.639435,4135150.5,7009015.5
sens_northpv_high,2861.0,9548297.0,13522153.0,1383539330.0,339.818573,1956.09863,5882.59619,342.874725,0.788664758,262.28241,4138598.75,7021782.0
sens_northpv_high,2871.0,9564474.0,13583161.0,1385745280.0,342.504486,1617.67285,6100.82715,342.529602,0.79450351,262.784637,4142024.0,7035025.0
sens_northpv_high,2881.0,9587332.0,13653650.0,1388786690.0,344.835815,2285.78125,7048.88867,341.957733,0.800400615,262.691803,4145443.75,7048738.0
sens_northpv_high,2891.0,9613234.0,13721784.0,1392332290.0,340.824554,2572.21851,6839.56592,319.391296,0.80334419,263.853119,4148644.5,7061774.5
sens_northpv_high,2901.0,9636170.0,13788089.0,1395468030.0,344.915863,2293.63452,6630.52979,288.535065,0.80929774,269.749664,4151530.0,7074019.5
sens_northpv_high,2911.0,9656064.0,13856452.0,1398108540.0,342.850067,1989.42786,6836.26465,314.570648,0.811531782,264.50885,4154675.5,7087564.5
sens_northpv_high,2921.0,9674129.0,13922600.0,1400506880.0,342.154907,1791.70801,6635.39355,289.059937,0.814735353,266.098755,4157578.5,7100258.5
sens_northpv_high,2931.0,9692733.0,13987453.0,1403037950.0,344.931702,1860.42969,6485.31934,271.309296,0.819688857,270.039642,4160291.5,7112592.0
sens_northpv_high,2941.0,9714369.0,14060195.0,1405996540.0,345.101685,2147.94312,7295.73242,294.544006,0.824022949,266.159332,4163255.75,7126356.5
sens_northpv_high,2951.0,9732840.0,14128271.0,1408473470.0,343.16333,1842.4342,6813.83203,271.059387,0.826071084,267.874542,4165970.25,7139224.5
sens_northpv_high,2961.0,9750240.0,14195807.0,1410800130.0,342.598145,1739.92664,6753.58936,260.659973,0.828400195,268.093445,4168576.75,7151808.0
sens_northpv_high,2971.0,9772201.0,14264035.0,1413831170.0,341.089447,2196.17627,6822.77832,246.953278,0.830420375,268.821503,4171046.25,7163901.5
sens_northpv_high,2981.0,9791883.0,14333739.0,1416532860.0,349.114838,1942.04395,7006.07227,240.82103,0.83771807,273.904602,4173481.25,7176294.0
sens_northpv_high,2991.0,9808099.0,14407465.0,1418696060.0,349.533722,1612.26587,7384.90381,257.636078,0.841138601,271.717987,4176070.5,7189916.0
sens_northpv_high,3001.0,9823824.0,14478079.0,1420816510.0,349.082092,1572.55786,7061.38232,243.797745,0.843729913,273.297028,4178508.5,7203079.5
sens_northpv_high,3011.0,9843523.0,14549941.0,1423556100.0,346.973663,1969.83557,7186.22949,232.969391,0.845600784,273.684448,4180838.0,7215838.5
sens_northpv_high,3021.0,9861129.0,14617747.0,1426002180.0,345.960358,1759.61792,6781.74805,221.355438,0.847514749,275.177856,4183057.25,7228133.0
sens_northpv_high,3031.0,9872443.0,14682131.0,1427560830.0,346.89212,1131.39526,6438.41357,217.860397,0.851012349,276.116241,4185235.75,7240577.5
sens_northpv_high,3041.0,9883661.0,14743990.0,1429098880.0,346.928528,1113.29541,6196.49414,213.480103,0.853296757,277.225464,4187378.75,7252982.0
sens_northpv_high,3051.0,9897279.0,14811809.0,1430936960.0,347.910065,1343.99561,6807.19189,200.112244,0.855329275,279.730682,4189386.5,7264803.5
sens_northpv_high,3061.0,9910648.0,14880360.0,1432749060.0,348.491974,1336.90723,6855.1001,194.285507,0.857419133,281.105164,4191329.25,7276487.0
sens_northpv_high,3071.0,9923353.0,14947762.0,1434473980.0,349.109772,1271.37708,6739.22021,188.563919,0.859356344,282.537476,4193220.75,7288000.5
sens_northpv_high,3081.0,9935734.0,15014523.0,1436154110.0,350.291016,1238.06006,6676.10352,186.927689,0.861600935,283.485565,4195090.0,7299637.5
sens_northpv_high,3091.0,9947890.0,15081096.0,1437794820.0,350.511139,1215.6272,6657.26709,173.170105,0.862857997,286.083221,4196821.5,7310533.0
sens_northpv_high,3101.0,9960849.0,15150648.0,1439541760.0,350.91922,1301.453,6947.67627,187.393021,0.865214229,283.20639,4198707.0,7322545.5
sens_northpv_high,3111.0,9973499.0,15219852.0,1441245700.0,351.373901,1255.00964,6934.32715,183.549164,0.867513657,283.748413,4200549.5,7334553.5
sens_northpv_high,3121.0,9983551.0,15274296.0,1442592000.0,350.987518,1004.12952,5445.64453,142.214661,0.865603089,293.576202,4201965.5,7343721.5
sens_northpv_high,3131.0,9992200.0,15310998.0,1443755780.0,353.262756,864.894775,3670.26587,139.727142,0.864563704,299.282593,4203363.0,7352641.5
sens_northpv_high,3141.0,10001716.0,15350047.0,1445032830.0,351.531586,950.450806,3906.6748,148.4384,0.863824487,297.532745,4204846.0,7362059.5
sens_northpv_high,3151.0,10010406.0,15385387.0,1446191740.0,353.020752,868.946655,3533.9729,96.0667267,0.858016253,308.847809,4205806.5,7367864.5
sens_northpv_high,3161.0,10018186.0,15416287.0,1447212420.0,354.114105,778.035889,3089.95166,-0.0,0.0,327.810394,4205806.5,7367864.5
sens_northpv_high,3171.0,10026269.0,15442890.0,1448271360.0,349.244507,808.303223,2660.37646,-0.0,0.0,326.048889,4205806.5,7367864.5
sens_northpv_high,3181.0,10034794.0,15469102.0,1449385980.0,340.914856,852.495667,2621.13306,-0.0,0.0,319.508118,4205806.5,7367864.5
sens_northpv_high,3186.0,10039121.0,15482119.0,1449952770.0,336.820007,865.334778,2603.54858,-0.0,0.0,315.711304,4205806.5,7367864.5
sens_northpv_high,3197.0,10039121.0,15482119.0,1449952770.0,338.639923,0.0,0.0,-0.0,0.0,316.943329,4205806.5,7367864.5
